query_id,query,category,doc_id,title,rating,text_preview,relevance
Q01,best moisturizer for dry skin,skin concern,29985,Best ever,5,"The best moisturizer I have ever used and I have used plenty. Heavy duty, takes care of winter dry skin overnight.",2
Q01,best moisturizer for dry skin,skin concern,20860,Not for people with dry skin,4,Use a moisturizer after if you have dry skin because this really dries out the skin .,2
Q01,best moisturizer for dry skin,skin concern,39210,Five Stars,5,This is a wonderful light moisturizer for my dry older skin.  I makes foundation go on smoothly.,2
Q01,best moisturizer for dry skin,skin concern,35224,Great for dry skin/ingrown hair,5,"The best washcloth for my dry, sensitive skin.",1
Q01,best moisturizer for dry skin,skin concern,27992,Five Stars,5,Best moisturizer I’ve ever used. Expensive for the small amount but worth it if you value your skin,2
Q01,best moisturizer for dry skin,skin concern,4578,Good product but skin was still dry.,4,Moisturizing yet not greasy. However I found that for aging dry skin I needed another moisturizer on top of that.,2
Q01,best moisturizer for dry skin,skin concern,31870,Not emollient enough,4,This would have a been a great moisturizer for my 20s not so much for my late 40s with menapause extremely dry skin!,2
Q01,best moisturizer for dry skin,skin concern,39363,Great for dry skin,5,Absolutely the best product I’ve found for my very dry skin.,1
Q01,best moisturizer for dry skin,skin concern,26209,Very good.!,5,"I love the lotion, it’s the best lotion for dry skin.",2
Q01,best moisturizer for dry skin,skin concern,41117,Absolutely love it,5,Absolutely the best moisturizer ever,2
Q01,best moisturizer for dry skin,skin concern,26892,Cream and moisturizing.,5,Best scent and moisturizer for lips in my opinion.,2
Q01,best moisturizer for dry skin,skin concern,8538,Best skin cream on the market for dry skin,5,"This stuff is fantastic.  I purchased mine July 2016 and it was thick and creamy, as always, not runny as a few reviews have said.  I've used this stuff for years to help my extremely dry skin.  It makes rough scaly skin soft and smooth with a minimum of product.<br /><br />After showering, pat dry and apply lightly.  You'll see a difference within hours.  Daily use is usually not required.  It's that good.  Use every other day at most.  Well worth the money.  Best skin cream on the market, including Eucerin, Cetaphil, coconut oil and any other skin moisturizer.  Ammonium lactate is the very best skin moisturizer on the market, bar none.  It could make the Cryptkeeper soft and youthful.",2
Q01,best moisturizer for dry skin,skin concern,21428,Best Moisturizer ever!!,5,"This is by far the best moisturizer I've used. I've gone through so many different moisturizers to help with blemishes and uneven skin tone, until I found this one. It makes my skin glow, improves skin tone, lightens blemishs, and gives Incredible softness. Sometimes I can't stop touching my face because of how soft it is lol. And the best part is, it's all natural and contains the best oils. My skin has never looked healthier. I love this Moisturizer.",2
Q01,best moisturizer for dry skin,skin concern,28128,I have been searching FOREVER for a great moisturizer. My skin during winter gets soo dry ...,5,"I have been searching FOREVER for a great moisturizer. My skin during winter gets soo dry I am so glad to have been able to test this product its amazing. I dont think I would recommend this product for oily skin but dry skin for sure. It is thick and has great coverage and sinks into your skin fast. My skin feels so hydrated and moisturized!  Lets face it, dry skin and makeup together do not go!",2
Q01,best moisturizer for dry skin,skin concern,11096,Gentle and non-drying.,5,Best facial wipes I’ve found for dry skin. No strong scent. Soft  cloth. Right amount of moisture. Cleans well without irritating or drying the skin.,1
Q01,best moisturizer for dry skin,skin concern,42252,Good for normal/oily skin. Scent is very clean,5,"This toner smells so clean and nice. I wouldn't recommend it if you have very dry skin, because it did feel a bit uncomfortable on the dry parts of my face. However, if you have normal and/or oily skin, this toner is wonderful. It helps my serum and moisturizer get absorbed more quickly into my skin and leaves a nice, dry feeling (at least on the non-dry parts of my skin).",0
Q01,best moisturizer for dry skin,skin concern,11857,I love this stuff,5,"I love this stuff, never leaves my skin dry, gentle enough to use the daily moisturizer around my eyes eliminating the need for a separate eye cream. I will be re-ordering.",2
Q01,best moisturizer for dry skin,skin concern,547,Best for Dryskin,5,"I'm only using the product now. It's the best for dry, wrinkled skin! I use it every day like lotion. It's the best price, the best product, the cheapest and the best amount!  That caps it all!",1
Q01,best moisturizer for dry skin,skin concern,25068,So good. Magic marker for your brows.,5,"Stays for days, easy to touch up as needed for constant coverage.  Fades nicely.  IMPORTANT: Use on clean, dry skin, no moisturizer or product prior or marker tip gets diluted and no color comes out.",2
Q01,best moisturizer for dry skin,skin concern,27480,Best price for pampering,5,Used before. This was the best price anywhere. On time. Best hand moisturizer. Can actually use each one twice.,2
Q01,best moisturizer for dry skin,skin concern,40923,Best moisturizer for my skin,5,"I’m a member of the Crowdtap Aveeno® rewards program, and Aveeno® sent me a samples of its POSITIVELY RADIANT® DAILY MOISTURIZER BROAD SPECTRUM SPF30 to review.  This is going to be my new go-to moisturizer for sure!  It seeps into the skin quickly which is great since my skin is quite oily in certain parts of my face and with other moisturizers it feels like they just sit on my skin.  And I can use this on my slightly sensitive skin without breaking out which happens when I use any kind of SPF.  Very happy with this product and will be buying a full bottle asap.",2
Q01,best moisturizer for dry skin,skin concern,16172,Good for dry winter skin,4,High moisture. I use this as my last moisturizer in the 10-step Korean skin care regime. Locks all the other products into the skin. Skin is soft and moisturized after use.,2
Q01,best moisturizer for dry skin,skin concern,15143,Great for dry climate,5,I love this moisturizer. We live in a cold dry climate and my skin needs it to keep from aging. It goes on smoothly and absorbs with a pearlescent glow. No strong unpleasant smell either. Just fresh!,2
Q01,best moisturizer for dry skin,skin concern,16603,For anyone with dry skin,5,This product gets five stars because I have very dry skin and this product kept my skin soft four days even after I had taken a bath it is a very good product that I recommend for anyone with dry skin,1
Q01,best moisturizer for dry skin,skin concern,14409,Excellent for dry skin,5,I have extremely dry skin.  Just a small amount of this product makes my skin soft and supple for the entire day.  Love this product line.,1
Q01,best moisturizer for dry skin,skin concern,21461,No more dry cracked skin!,5,Best moisturizer lotion I have found to date......I originally had to have a prescription for this lotion from my dermatologist.  Non greasy and lasts thru several handwashings.,2
Q01,best moisturizer for dry skin,skin concern,29128,Best Stuff,5,My family loves this for dry and cracked skin.  The citrus has the best smell of all the ones I have tried.,0
Q01,best moisturizer for dry skin,skin concern,2083,Five Stars,5,This product is excellent for dry skin.,1
Q01,best moisturizer for dry skin,skin concern,24313,I am glad I tried it. Now I am obsessed with all their products!,5,"I was skeptical at first. I have very dry skin, well except my face. It is rare to find a moisturizer that hydrates your skin and also does not leave you greasy! I have been using elta MD sunscreen, face wash, and face cream for a while now. So I thought I'd give this moisturizer a try, and I am glad I did! I love all of their products!",2
Q01,best moisturizer for dry skin,skin concern,32350,Great Product,5,This product is great for dry skin and I highly recommend it.,1
Q01,best moisturizer for dry skin,skin concern,3139,... tell you and this one is by far the best as far as making my skin so soft and ...,5,I have used oh so many moisturizers I can't tell you and this one is by far the best as far as making my skin so soft and smooth,1
Q01,best moisturizer for dry skin,skin concern,29984,All day moisture,5,Works better than high end brand name moisturizers for a fraction of the price!! Skin stays smooth and hydrated all day long!,1
Q01,best moisturizer for dry skin,skin concern,36536,Three Stars,3,"To be a moisturizer, leaves your face considerably dry. I was not impressed with this product",2
Q01,best moisturizer for dry skin,skin concern,20870,Great for dry skin!,5,This stuff works so great. I have dry skin and this is fantastic. I definitely recommend this.,1
Q01,best moisturizer for dry skin,skin concern,27154,Most Hydrating of the Products I Have Used,5,"This is the most effective product for my really dry skin.  It's greasy, but it works if I keep using it.  I use Lubriderm Unscented Sensitive Skin Lotion during the day because it dries after a while, but I use Aquaphor before bed.",2
Q01,best moisturizer for dry skin,skin concern,36890,Sooo moisturizing,5,This lotion is the best! Definitely moisturizes and has a very nice scent!,2
Q01,best moisturizer for dry skin,skin concern,10113,"Great product and love the fresh, subtle scent",5,I have very dry skin and this product does the trick leaving my skin soft and silky plus is smells nice and fresh. I use it with the Olivarium shower gel.,1
Q01,best moisturizer for dry skin,skin concern,9420,"Great product,",5,I love this product. It really helps moisture my dry oily skin. I would highly recommend this product!,1
Q01,best moisturizer for dry skin,skin concern,33308,Avon Moisture Therapy Hand Cream,5,"This works very well for my dry skin, have been using this for quite some time.  Very Good!",1
Q01,best moisturizer for dry skin,skin concern,37665,Great natural product that works!,5,"Great product, made out of all natural ingredients, really works for dry skin and very reasonably priced!  Can’t go wrong.",1
Q01,best moisturizer for dry skin,skin concern,2595,Great moisturizer! Even use at night before bed,4,Great moisturizer!  Even use at night before bed!,2
Q01,best moisturizer for dry skin,skin concern,19495,good choice,4,helps with my sensitive very dry skin.....satisfied.,1
Q01,best moisturizer for dry skin,skin concern,10478,It works,5,An excellent moisturizer that holds real moisture in my skin.,2
Q01,best moisturizer for dry skin,skin concern,33104,Good stuff,4,really good moisturizer. Doesn't leave skin oily but is still moisturizer. Great as a day and night cream,2
Q01,best moisturizer for dry skin,skin concern,10221,Smells delicious!,5,Great moisturizer. Keeps skin nice and soft and it smells delicious!,2
Q02,long lasting lipstick,product feature,35724,Longest lasting lipstick,5,My favorite lipstick. Long lasting and beautiful colors.  My favorite primrose,2
Q02,long lasting lipstick,product feature,7027,Great lipstick! Looooove them,5,"Looooove this lipstick. Great product, matt finish, long lasting. Quick delivery, great seller.",2
Q02,long lasting lipstick,product feature,17779,I like the color,2,"I like the color, but It’s not matte like it says it is. It also does not stay all day, like a matte lipstick should. If you’re looking for long lasting Stila matte lipstick, this ain’t it!",2
Q02,long lasting lipstick,product feature,42212,Long lasting lipstick !,5,"I purchased this lipstick for a photoshoot and it worked great! I loved how it came with 2 lip brushes, and it stayed on for the entire shoot. I definitely recommend if you're looking for a long lasting / waterproof matte lipstick!",2
Q02,long lasting lipstick,product feature,10083,Very good purchase!,5,Really love this lipstick. Very pleased with the color and its lasting power. Would buy it again!,2
Q02,long lasting lipstick,product feature,27778,Bite lipsticks are the best,5,A lipstick made of food grade materials. Beautiful shades. You can actually eat this lipstick. (Don't recommend it) It's that natural. Goes on smooth and creamy. Great lasting product.,2
Q02,long lasting lipstick,product feature,30937,No more harmful gel nails!,5,Cute colors and long lasting.,1
Q02,long lasting lipstick,product feature,8296,Five Stars,5,"Works great, long lasting too.",1
Q02,long lasting lipstick,product feature,37130,Amazing,5,Beautiful color and long lasting,1
Q02,long lasting lipstick,product feature,36188,Great price,5,Long lasting easy to use!!!,1
Q02,long lasting lipstick,product feature,34563,Love the shimmer,5,"Long lasting, shimmery and beautiful",1
Q02,long lasting lipstick,product feature,33960,Five Stars,5,Very sparkly and long lasting!,1
Q02,long lasting lipstick,product feature,27475,Five Stars,5,It's sweet and long lasting. :),1
Q02,long lasting lipstick,product feature,36388,Great product,5,Long lasting glow- nice travel size.,1
Q02,long lasting lipstick,product feature,20154,Love it !!,5,"Smells so good, long lasting scent.",1
Q02,long lasting lipstick,product feature,12111,Nice shades,5,Long lasting.. worth for the money,1
Q02,long lasting lipstick,product feature,6705,Smells so good.,5,Long lasting scent. Love this brand.,1
Q02,long lasting lipstick,product feature,22117,Love the look of a matte lipstick but normally hate ...,5,"Love the look of a matte lipstick but normally hate the feel. This is light, matte and comfortable on the lips. Not as long lasting as a stain but still needs very little re-application throughout the day. Have now purchased in a couple different shades.",2
Q02,long lasting lipstick,product feature,42803,Long lasting.,5,Long lasting.<br /><br />Easy to use/,1
Q02,long lasting lipstick,product feature,13618,love it,5,just as pictured! 💕 long lasting and moisturizing!,1
Q02,long lasting lipstick,product feature,27059,long lasting,5,The color is rich and long lasting. The pencil is soft and glides on smoothly. also it last a very long time. Worth it for sure.,1
Q02,long lasting lipstick,product feature,37242,Long lasting,5,I love it! It lasts even through my workout it is long lasting. I would highly recommend it! 😀,1
Q02,long lasting lipstick,product feature,13767,Creamy Long lasting does not dry out,4,Creamy long lasting and does not dry out,1
Q02,long lasting lipstick,product feature,36581,Great Sunless Tanner. Looks Amazing & Long Lasting.,5,Love this easy to apply and long lasting sunless tanner.,1
Q02,long lasting lipstick,product feature,17130,Long-lasting but not greasy,5,This is the best winter moisturizer I have found! Non-greasy but long-lasting.,0
Q02,long lasting lipstick,product feature,3609,These are great - long lasting - good value,5,Razor blades are ridiculously expensive.  These are great - long lasting - good value.,1
Q02,long lasting lipstick,product feature,23436,Long-lasting,5,I love this lipstick since it lasts a whole day.,2
Q02,long lasting lipstick,product feature,14697,Great long lasting nails,5,Love this product!<br />I have a UV nail light and the polished that came with it peeled off in minutes of drying. The colors are beautiful and long lasting!<br />Highly recommend!,1
Q02,long lasting lipstick,product feature,2059,"Super matte, very thick, and not as smudge proof as other liquid lipsticks ive used.",2,Still working on my technique as to prevent lipstick from caking up and crumbling off,1
Q02,long lasting lipstick,product feature,16408,Love it!,5,One of the best lipsticks I've bought recently.,0
Q02,long lasting lipstick,product feature,33932,Sticky,1,I didn't like this lipstick because it was too sticky and transparent after approx. 10 mins.,1
Q02,long lasting lipstick,product feature,4031,Great product!,4,Love this product!! I am going to get more colors. Lips stay soft and hydrated long after application.  I hate wearing lipstick. This is the perfect product for me,1
Q02,long lasting lipstick,product feature,12703,Five Stars,5,"Very good color for my skin, applies easy and does last longer than other lipsticks.",0
Q02,long lasting lipstick,product feature,33729,Good for older women,4,"I don't wear lipstick because it's always gone in an hour. The first time I used this, I liked the look but it didn't stay on very long. The next time I used 2 layers, and then used a lip gloss on top. 4 hours later I reapplied the lip gloss, but that was all. I will definitely be buying this again. I am in my 60s, and the color also does not bleed.",2
Q02,long lasting lipstick,product feature,16084,Lasts all day,5,I will never go back to normal lipstick ever again! This lasts all day and stays on your lips and nothing else! I bought some in different colors for my cousins wedding and it does not transfer into anything or anybody!,2
Q02,long lasting lipstick,product feature,33937,Perfect for a 12 year old!,1,"These are tiny ""sample"" size lipsticks, what you would find at a dollar store! Not good quality, NOT WATERPROOF AND NOT LONG-LASTING! Save your money!",1
Q02,long lasting lipstick,product feature,35273,Super disappointing!!!!!,1,"Was expecting a good lip stain, especially because of the price and got something more a long the lines of a cheap lipstick that comes out of a fluffy end. It’s tacky, comes off of the lips on everything including my puppy. Lipstick from a drug store lasts longer than this!",2
Q02,long lasting lipstick,product feature,9557,Magical lipstick,5,I was amazed by the quality and effectiveness of this product . If you follow the instructions you won’t have any issue to get the perfect result.<br />It last a;l day long the color of the lipstick and is really not transferable.,1
Q02,long lasting lipstick,product feature,27485,Fantasy packing lipstick!,5,"I loved the creative ideal on the packing of the lipstick, longlasting on your lips & color. I purchase this lipstick for myself & it truly states what it does. Stays on with no smudge & I loves it.",2
Q02,long lasting lipstick,product feature,20559,Loves This!,5,"Hands down the best lipstick stain I have ever used.  It lasts nearly all day,  with minimal amount needed to apply.  I am in love...and not going back.  Ordering others as we speak.  I can't recommend this enough. 💝",2
Q02,long lasting lipstick,product feature,7983,"Yes, a liquid lipstick.",5,"I am hooked on butter London Lippy's and the Liquid Lipstick collection is no exception. I love the application and coverage. It easily glides on like a thick gloss and then the consistency eventually becomes like a lipstick. It's doesn't dry out my lips, which is what all the Lippy's are consistently about, and somehow it lasts longer than your average lipstick, gloss, balm or stain. This color is a sheer deep red so is not as deep as a matte and can go on by itself or used to layer over another color. It has a very yummy vanilla scent and a doe foot applicator.",2
Q02,long lasting lipstick,product feature,37770,Four tubes of disappointment.,2,"I had this sort a thing years ago and was exited to see it resurface.  Not much has changed with mood lipstick technology.  It despite the rainbow options of tubes, you still end up with stained, dry, hot pink lips.  Only, a generation ago it at least had a pleasant essence to it.  Disappointing.",1
Q02,long lasting lipstick,product feature,36620,Doesn't last,3,"I bought it in Lovely and the shade is beautiful. I love the color but it doesn't last at all. After an hour or two it is completely gone. Some of my regular lipsticks last longer. When eating it disappears even quicker. Too bad, because it would be a perfect product.",0
Q02,long lasting lipstick,product feature,9546,I absolutely loved this lipgloss/lipstick it applies like it is a lipgloss ...,5,I absolutely loved this lipgloss/lipstick it applies like it is a lipgloss then changes to a lipstick. It stays moisturized and I will be purchasing more.,1
Q02,long lasting lipstick,product feature,15178,High Quality,5,Beautiful long lasting color. A little goes a long way. You don't need much.,1
Q03,anti aging cream for wrinkles,skin concern,12868,I really love this anti aging wrinkle cream,5,"So far, I really love this anti aging wrinkle cream! It is fast and effective and I can already see my fine lines and wrinkles softening. I love it!!!",2
Q03,anti aging cream for wrinkles,skin concern,17514,Eye treatment,4,"This anti aging treatment eye cream is good, it makes my skin smooth and the under eye patch makes my dark circle under eye dissappear.",0
Q03,anti aging cream for wrinkles,skin concern,27686,"Great new ""C"" product!!",5,"Loving this new product!  Cocktailed with Smoother Skin-Anti-aging Renewal Complex, it's light, fresh, absorbs quickly and is starting after about a week to soften tough wrinkles like lip lines and 11's! Onward!!",1
Q03,anti aging cream for wrinkles,skin concern,16067,Excellent moisturizer!,5,This cream feels great on my skin! I love how well it absorbs and does not leave my face feeling oily. It feels so moisturized and light on my skin. I love it for the moisturizing properties. I will update when I have had time to test for anti-aging properties!,2
Q03,anti aging cream for wrinkles,skin concern,40394,this works better than expected,5,"this works better than expected. I not only use it for my neck, but also my face. its the best anti-aging product I have used thus far.",1
Q03,anti aging cream for wrinkles,skin concern,10328,it work great...its miracle,5,"This cream really works its amazing cream ever, it brightens my face and lessen my wrinkles, I will continue use this cream.",2
Q03,anti aging cream for wrinkles,skin concern,24804,MegaMud Anti-aging mud mask,5,"Great, gentle mud mask. After using, I notice my skin is brighter and clearer. Hard to notice any anti-aging benefits but still a nice mask.",1
Q03,anti aging cream for wrinkles,skin concern,2172,and as the two are used together to recommend this product because the two together are excellent,4,"I bought this product as complement of Anti Aging Face Cream By Derma-nu, and as the two are used together to recommend this product because the two together are excellent. It shows that it is made with natural products because of the smell of fruit. good price and good quality.",0
Q03,anti aging cream for wrinkles,skin concern,24711,Five Stars,5,This complements the pearl anti-wrinkle cream I purchased for my girlfriend.  Her face looks very moisturized and dewy.,2
Q03,anti aging cream for wrinkles,skin concern,26935,As advertised,5,I've enjoyed receiving and using this product.  I selected the Fusion because I'm in my 40's and can use the acne AND anti-aging benefits.  Had it for 2 weeks and everything is good!,1
Q03,anti aging cream for wrinkles,skin concern,6207,Good cream but may not work for everyone.,2,I have normal skin and bought this beauty cream to soften my wrinkles.  Despite usual face washing and using this cream sparingly my face started to break out. It's a good beauty cream but it's not for everyone.,2
Q03,anti aging cream for wrinkles,skin concern,42765,Its a good cream for night,3,Its a good cream for night. It made my skin more soft and smooth but I didn't notice any thing about reducing wrinkles,2
Q03,anti aging cream for wrinkles,skin concern,29955,Works well but pricey.,4,"This worked well to oil my beard but if I used to much it would cause pimples under my beard.  They scents from this company may not be for everyone. I used their anti aging serum, ball butter and sasquatch body wash.  They are pretty good over all.",0
Q03,anti aging cream for wrinkles,skin concern,10380,"LOVE, LOVE, LOVE!!!!!",5,"I have to admit that I am a high end facial product junkie.  And when I saw this product for sale on Amazon, I knew that I had never tried any products from this company of Ove Beauty, I was excited to try it.<br />First it arrived on time as promised.<br />Second, it comes in a 2 ounce pump bottle.  I use only at bedtime so it will last a good long time.<br /><br /> This advanced anti-aging complex contains multiple active ingredients including both Retinol and Hyaluronic Acid that absorb smoothly and quickly into the skin for effective results. Hyaluronic Acid is now being touted as one of the key ingredients that keeps skin hydrated, elastic and youthful looking. It helps to plump fine li",1
Q03,anti aging cream for wrinkles,skin concern,13893,Buy if you like to perfume your face,1,"I can't say anything about it's anti-aging properties, but It is super perfume-y.  I was unable to tolerate-had to return it.  I didn't see anything in the item description to indicate that I could expect that scent, but..there it was.  Bummed.",1
Q03,anti aging cream for wrinkles,skin concern,12696,Maybe as a summer moisturizer,3,"I was given the RegenFX Anti Aging Eye Gel for Dark Circles, RegenFX Ultimate Hualuronic Acid Serum, and RegenFX Anti Aging Moisturizer Cream for free to try and review.<br />I have been using all three products as a system for a few weeks now and I can't say that I'm a fan.<br /><br />I have to admit that I'm a 45 year old woman who has little by way of wrinkles, but there are a couple of trouble spots that I was hoping this would help - some fine lines on my forehead and between my eyes at the bridge of my nose. There does not seem to be any difference in the appearance of those lines. The biggest disappointment, though, is the way this product feels on my face. It feels, after it dries, l",0
Q03,anti aging cream for wrinkles,skin concern,11859,I am really happy to be able to provide feedback for this product,5,"I am really happy to be able to provide feedback for this product, because I think it is a spectacular facial cream, and I've tried many!<br />The best feature of this product?  This product actually produces a tightening of the skin as it dries...what an unexpected and amazing feature of an anti-aging cream!  This is definitely a benefit that I was not expecting, and have never used a product that does this.<br />I am also pleasantly surprised by the organic feel of this product - when applying, this fragrance-free cream has the feel of a creamy layer of moisture being applied to the skin; as it dries, there is no greasiness or shine, and dries to the fresh and clean feel of soft, natural s",0
Q03,anti aging cream for wrinkles,skin concern,3925,I really love this cream,5,"I really love this cream. I have super sensitive skin and acne prone skin. This stuff hasn't done much for my wrinkles yet, but it is very creamy and like velvet. It has improved my skins texture.",2
Q03,anti aging cream for wrinkles,skin concern,28072,Great glowing skin!,5,"I am in my early 60's, have glowing skin with very few wrinkles. This cream works for me...evens tone, keeps skin silky & flawless. Why pay more? AHA's work beautifully for many skin types, try it, it's great.",2
Q03,anti aging cream for wrinkles,skin concern,15407,This is just okay product.  Only the Lactic Acid,3,"The lactic acid works.  Be careful because it can cause irritation of sensitive skin.  BUT again, the Luna Sleeping night oil is useless for my aging skin.  Luna Sleeping night oil is not worth the money.  Go get Prescription Retinoid cream from your doctor.",1
Q03,anti aging cream for wrinkles,skin concern,35827,The BEST anti-aging cream,5,"True Radiance is, far and away, the best anti-aging/anti-wrinkle product out there. I've tried many of the more expensive products and True Radiance is as good or better, and much less expensive. Visible results in minutes. Unlike other stuff out there, True Radiance actually tells you HOW MUCH of each ingredient their product contains. Many other brands list the same ingredients but contain only miniscule amounts of them, not enough to really do you any good. All of their basic products (Radiance, Silver, and Youth) are excellent, and the site provides great advice on what's best for your particular skin type. Excellent customer service. And their ""free gift with every purchase"" is a great ",2
Q03,anti aging cream for wrinkles,skin concern,41586,I was very happy to try this anti aging serum at a promotional ...,5,"I was very happy to try this anti aging serum at a promotional price. It is very easy to apply, has a nice texture and gives my skin a silky smooth feel. So far I am very happy with it and only time will tell if it delivers as promised! I will check back later with the final results.",0
Q03,anti aging cream for wrinkles,skin concern,6766,This eye cream definitely removes wrinkles and tightens the skin ...,5,This eye cream definitely removes wrinkles and tightens the skin around my eyes.  I was skeptical at first but very pleasantly surprised after using it.  It's only been a week and I can already tell there's an improvement.,0
Q03,anti aging cream for wrinkles,skin concern,39805,Anti Aging product that works,5,"Anti Aging Moisturizer with Peptides-Advanced Luxury Concentrated Argireline Cream for Face, Eyes, and Neck by Paloma Skin Therapy...<br /> HIGHLY CONCENTRATED FORMULA - Argireline is the hero ingredient at the optimal concentration recommended by the manufacturer. Other active ingredients are derived from coconut oil and glycerin, excellent emollients and skin-repairing ingredients due to the medium chain fatty acids that skin can utilize to repair its surface and resist moisture loss; they also have an anti-inflammatory effect that reduces the risk of irritation.<br />- DOCUMENTED CLINICAL STUDIES - Studies based on the use of a 5% concentration of Argireline in volunteers showed that wrin",2
Q03,anti aging cream for wrinkles,skin concern,16030,"which works great BTW, but decided to spring for the anti-aging ...",1,"I normally buy the UD original, which works great BTW, but decided to spring for the anti-aging version because, what the heck, I am aging, lol. It is absolutely horrible!!! I tried to see if it was maybe the way I was appling it, so tried finger vs applicator, letting it dry vs immediate eye shadow application, etc. It does not work anywhere near as good as the original primer! Save your money! Or buy the original! I normally apply it by 7am, go to work and by 9am I am already dabbing major creasing, then doing it again at noon, then again at 3pm and by bedtime I look like a raggedy racoon with this piece of sh*t product, ugghh!!!",1
Q03,anti aging cream for wrinkles,skin concern,5776,Dermitage Anti-Aging Skin Care,5,"This product is truly a skin renewal skin care technique.  It is nongreasy, smooths and penetrates immediately, and leaves the skin with a soft glow.  Just two small amounts allow me to use it on my face, neck, elbows and knees.  It is great for my skin even if it did not prevent aging.",1
Q03,anti aging cream for wrinkles,skin concern,17647,Smooths wrinkles,5,It smooths and buffs wrinkles so your face looks younger and softer. I would buy more of it.,1
Q03,anti aging cream for wrinkles,skin concern,6559,Best face cream I've ever used!,5,"This is the best face cream I have ever tried. It is light, fluffy and smells great. It leaves my skin incredibly soft. I am 28 years old so I don't have many wrinkles yet, but I do have some crows feet forming and a few forehead lines. I'm a believer that skin care needs to be preventative and not just defensive!! I am hoping this will slow down aging as well as get rid of the lines that are already there. I have been using this for a couple of weeks, so maybe not long enough to see much in the way of results yet, but I do feel like my forehead wrinkles are not quite as obvious.<br />*I purchased this product at a discount for my unbiased and honest review.",0
Q03,anti aging cream for wrinkles,skin concern,293,Youth Serum,5,"One of the reasons skin starts to wrinkle as we age is that we make less and less of the natural oil that keeps skin looking youthful. It's one of the reasons why people with oily skin seem to be ageless for so long. This serum is a good way to supplement what your skin lacks. The oils in this blend are all high quality. Some are slightly unexpected in a skincare product. The texture is lightweight and easily absorbed. It doesn't just sit on top of the skin. Your skin will feel softer immediately and you'll see more improvements over time. Dr. Denese is a trusted brand when it comes to care for aging skin. Whether you're trying to slow the clock or reverse it a little, this serum should be p",0
Q03,anti aging cream for wrinkles,skin concern,41733,Five Stars,5,Great wrinkle cream. It it looks like it is no longer available.,2
Q03,anti aging cream for wrinkles,skin concern,1651,Melasma help,5,"This helps with some old melasma, and it surely reduces eye wrinkles (I'm 70). Super happy with it.",1
Q03,anti aging cream for wrinkles,skin concern,17328,It helps fill in my 80 year old wrinkles,5,My 80 year old face loves this cream.It softens and even fills in some of my wrinkles.  I use it twice a day. It helps my make up cover any of my imperfections smoothly.,2
Q03,anti aging cream for wrinkles,skin concern,32228,I am glad to find this product to try,4,I am glad to find this product to try. So far I like it. I like the texture and the way my skin seems feel refreshed when I put it on.  I want to give it time to see if there is any marked difference from other products I have used.  I must say that I am 65 years old so it will take a miracle to give me skin with no wrinkles :-),1
Q03,anti aging cream for wrinkles,skin concern,30535,My Wife Likes This Product,5,"I got this for my wife, who is at that age when she needs a little help with those small lines and wrinkles on her face. She has used this a few times now and says that it works very well in reducing the signs of aging. She says her skin feels tighter and her lines are no where near as noticeable. She says that this works, and if she likes it, then I like it. A happy wife, is a happy life.",1
Q03,anti aging cream for wrinkles,skin concern,8222,Improved my skin!!,4,Really helps with skin texture. Has removed small wrinkles.,1
Q03,anti aging cream for wrinkles,skin concern,22327,Best stuff there is!,5,"Ive been using this brand for 15 years now. It made my acne dry up and prevented (and even cured) wrinkles. Im 48 and have perfect, smooth skin of someone 18 years younger.  It used to be in just about every store, but sadly they all quit carrying it. Thank god I can buy it online.  Alpha hydroxy is the only thing that works. Especially if you have acne prone skin as well.",1
Q03,anti aging cream for wrinkles,skin concern,10999,Alpha Hydrox AHA Souffle,5,"I started using this in high school. Granted I'm only 22 and I don't have many serious wrinkles except for my 11s between my eyebrows and my forehead is just starting to wrinkle. A little goes a long way for me since I have sensitive skin. I only dab a finger tip's worth over my forehead, neck, and chest. If I put it on my cheeks it will make me break out. Go figure. My skin feels smoother in the morning. Love this stuff.",1
Q03,anti aging cream for wrinkles,skin concern,33400,I am already beginning to see a difference and starting to say goodbye to….,5,"I purchased this Coconut and Retinol Anti-Aging Facial Serum because it promotes to being able to say goodbye to forehead wrinkles, crow's feet, turkey necks, and laugh lines.  At the age of 55 I am beginning to see all of these, but I was mainly concerned about my crow’s feet and turkey neck.  Just the names sound awful, but to me they looked a lot worse before I began using it.  I have been using this product for just under 2 weeks and I am seeing a difference.  I am using it daily and I do notice that the lines/wrinkles are smoothing out.  I do not know if they will all come right back if I stopped but I like the results so far and will continue using it.  I also read another reviewer whe",0
Q03,anti aging cream for wrinkles,skin concern,14918,Yes!  I would recommend this product,4,"I have been trying this eye cream for about 2 weeks now.  The instructions state that you should use it twice a day on a clean face. So I've been using it once in the morning after washing but before putting on my makeup and then again before bed after washing off my makeup for the day.<br /><br />Some of the the things that I really LOVE about this product is it's ease of use, the fact that it's lightweight, and the fact that it has no real smell to it.  I get migraines and am very sensitive to smell so the fact that this product is not scented is a HUGE bonus for me.<br /><br />Another thing that I love about this product is that it has brightened the dark circles under my eyes.  I am curr",0
Q04,shampoo for thinning hair,hair concern,22951,Good shampoo. Less harsh than many and doesn't strip color.,4,"Really like this shampoo. Am always searching for a more natural product than what is available on most store shelves and also something to help with thinning hair. Not sure yet whether this is helping with my thinning hair, but it definitely works well as a conditioning shampoo (MUCH better than other &#34;restorative&#34; shampoos I've tried) although you still need conditioner, and doesn't strip color.",2
Q04,shampoo for thinning hair,hair concern,41055,Good for thinning hair,5,"As I  age in my 70's, I needed a shampoo that would thicken my thinning hair.  My hair feels so much thicker and smoother with this product.  A little pricey but worth it",2
Q04,shampoo for thinning hair,hair concern,27070,Very happy,5,"Perfect for my thinning, growing longer hair.  Really like them.  Perfect!!!",1
Q04,shampoo for thinning hair,hair concern,23741,Five Stars,5,"This makes my fine, thinning hair look thicker.",1
Q04,shampoo for thinning hair,hair concern,28903,Works!,5,I really like this shampoo and feel it works as advertised.  I have fine hair and it definitely looks better after using this product.  It’s pricey but worth it to me.  My husband has fine thinning hair and he loves it.,2
Q04,shampoo for thinning hair,hair concern,21384,Works!!!,5,"I use it every day, makes my thinning hair look thick.",1
Q04,shampoo for thinning hair,hair concern,1052,Amazing product,5,"After seeing how much my mothers thinning hair improved so much from this product I decided to give it a try and purchased the whole line, shampoo, conditioner and treatment I’m obsessed! Great scent and my hair has never felt better and fuller,worth every penny, Would definitely recommend!",2
Q04,shampoo for thinning hair,hair concern,39099,Wouldn't be without it,5,My husband loves this product. Makes his thinning hair look thicker and very manageable,1
Q04,shampoo for thinning hair,hair concern,24041,Wow - Worked great!,5,"I am kind of skeptical about any 'hair thickening' product but I was VERY impressed with the results after using this product yesterday. I'm a 53 year old male with the typical thinning hair on top and the balding spot in back. Before I lose all the hair on top, I'd like it to look as full as possible. It appears I was able to accomplish this goal by (1) getting my hair cut a little shorter (1.5""), (2) using the Nexxus Diametress Luscious Hair-Thickening Shampoo, and (3) using the American Crew Lotion Thickening. I highly recommend this combination for any guy dealing with thinning hair.",2
Q04,shampoo for thinning hair,hair concern,7456,Threw it away.,1,This product cause my scalp to burn for the entire day after using. My hair also started thinning when using this product.,1
Q04,shampoo for thinning hair,hair concern,13657,Hated this over priced brand,1,"Recommended to me as saw a start of hair thinning but hated this. Always looked flat, dull and not clean.",1
Q04,shampoo for thinning hair,hair concern,22100,"Love, Love, Love these Faux Dreads",5,I have a thinning hair line and these faux dreads are medium sized and thick enough to ride this prices through. Hair has gotten thicker and product lasts in your hair for about 4-6weeks.,1
Q04,shampoo for thinning hair,hair concern,31112,Great for hair foliciles,5,It's not heavy on my hair and makes my scalp tingly. It is helping with the thinning of my hairline issues.,1
Q04,shampoo for thinning hair,hair concern,39711,Amazing results,5,Great shampoo for thin hair and smells great,2
Q04,shampoo for thinning hair,hair concern,31275,Must have shampoo and conditioner for thinning hair.,5,Both my husband and I have thinning hair and love this product!  You just need a small amount of product and it leaves hair looking healthy and with more volume.,2
Q04,shampoo for thinning hair,hair concern,23113,Fine Lines For Thinning Brows,5,Great look for thinning brows. Be light handed because hard to remove if you make a mistake.,1
Q04,shampoo for thinning hair,hair concern,26423,A really great product,5,I am currently going through chemo and my hair is thinning. This product makes my hair look thicker and feel healthy. If it does it for me just think what it'll do for a healthier person. Highly highly recommend it,1
Q04,shampoo for thinning hair,hair concern,20962,Love these brushes!!!,5,"Long, natural curl/wavy hair for me (large brush) short, thinning finer hair (small brush). My man and I love these brushes. Will absolutely buy again. I've had waist length hair for 30+ years. This is by far the best brush I've ever found.",1
Q04,shampoo for thinning hair,hair concern,42281,Perfect!,5,"I have thinning hair and this is the only hairbrush that I have found (and I've looked at hundreds) that ""fits"" my needs.  I am thoroughly satisfied!",1
Q04,shampoo for thinning hair,hair concern,13453,Turned my hair black,1,Hated this shampoo..worst shampoo ever turned my hair black..returned it...NEVER AGAIN will I buy it😩,1
Q04,shampoo for thinning hair,hair concern,41459,Best shampoo for baby fine hair!,5,"Best shampoo for my baby fine hair. Cant get two hairs to do the same thing!  Can a shampoo change your life? This has, for me. You would never know this thick, gorgeous hair with body is 100% from this shampoo. I spent too many years with flat nothing hair laying flat on my scalp. I hate when I have to use another shampoo, so I stocked up on these two packs.",1
Q04,shampoo for thinning hair,hair concern,13883,Shampoo & Conditioner not for fine hair!,2,"Ordered both shampoo & conditioner to try because of price & frizz. Conditioner didn’t do much. Just received & used shampoo - tossing! Hair limp, lifeless, flat & flyaway. May work for thicker hair, not on mine.",1
Q04,shampoo for thinning hair,hair concern,26317,Does the job for me! My lashes were thinning ...,5,Does the job for me! My lashes were thinning out due to age :(  This product restored my lashes to original fullness...,1
Q04,shampoo for thinning hair,hair concern,5099,Super nice shampoo,5,My mother love this shampoo. I have ordered it for her in the past she also orders it too. It really leaves your hair feeling super fresh and clean. We have natural curly hair and this Shampoo is great for our hair. Thank you,1
Q04,shampoo for thinning hair,hair concern,5408,Great Shampoo,5,"GK HAIR Global Keratin Moisturizing Shampoo and Conditioner makes my hair feel soft and manageable.  It smells great, too!  I love the way it makes my hair feel.  My previous shampoo made my hair dry and brittle but this product changed all of that.<br />I will definitely buy again!",1
Q04,shampoo for thinning hair,hair concern,17555,EXCELLENT SHAMPOO for DISTRESSED DAMAGED HAIR,5,"My hair showed signs of being dry & brittle from coloring & hot iron straightening! This shampoo has the things that help repair hair...I've had excellent results as the ends of my hair are not as fried as they once were prior to starting up using this! I highly recommend this shampoo if you have signs of damage, brittle or dry hair you'd like to correct!",1
Q04,shampoo for thinning hair,hair concern,21957,Great smelling shampoo,4,"So far I am loving this shampoo! My hair is thick and wavy and some shampoos just dry it out like crazy. But this shampoo actually left my hair feeling soft just the shampoo alone. It has a great smell and is sulfate free so I don't have to worry about it leaching the color fromy dyed hair!  My 6 yo daughter has curly fine hair and this shampoo didn't tangle it up like most do! I love it. I got this shampoo for free in order to test and review it, however these are my opinions and I was not swayed by the free product.",1
Q04,shampoo for thinning hair,hair concern,12422,Love This for Thinning Hair,5,"I forgot how much I loved and needed Paul Mitchell. You get what you pay for,Top Shelf Shampoo/Conditioner,so much better than the stuff on te shelves at your local store.Have very fine/thin hair helps add body and fulness.Nice large bottles will last some time.",2
Q04,shampoo for thinning hair,hair concern,7945,Love this product!,5,"Highly recommend! I have very thin hair, and this shampoo has been amazing! It has definitely thickened my hair, as well as making it shiny, soft, and smelling beautifully!",2
Q04,shampoo for thinning hair,hair concern,26980,Not good for thin hair.,1,Did not work for my thin hair.,1
Q04,shampoo for thinning hair,hair concern,8780,Hair Extensions!,1,To thin didn't work for my hair at all,0
Q04,shampoo for thinning hair,hair concern,1711,Good so far.,5,I like this shampoo so far. I’ve ordered it twice. It leaves my hair feeling clean. My thin hair looks fuller.,2
Q04,shampoo for thinning hair,hair concern,19885,My hair seems to have more volume!,4,"I have thin hair and I wanted a product that would work and yet not break the bank.  I've only used this product for less than a week, so time will tell.",1
Q04,shampoo for thinning hair,hair concern,1146,Great for fine hair.,5,"I have fine, thin, color treated hair. This shampoo is great for my hair. Doesn’t weigh it down at all. I love it.",1
Q04,shampoo for thinning hair,hair concern,1402,Head & Shoulders???,1,Not a shampoo I would recommend.  Looks like Head & Shoulders and smells like it too.,1
Q04,shampoo for thinning hair,hair concern,32897,"I have thin, dry, colored hair. This ...",5,"I have thin, dry, colored hair.  This shampoo and conditioner, used in conjunction with a learn in conditioner, such as Marc Anthony Argan Oil #3 Smooth, make my hair manageable and ready to style.",1
Q04,shampoo for thinning hair,hair concern,20070,Five Stars,5,Great shampoo make my hair feel great,1
Q04,shampoo for thinning hair,hair concern,39462,Fullness,5,Love this shampoo. Gives me thickness I need.  Way over my budget. Next time I will know I only need the nourishing style cream to hold my style and give my hair thickness.  I do recommend.,1
Q04,shampoo for thinning hair,hair concern,13820,Perfect!,5,"I love this shampoo! I have color treated, oily, thin, straight hair and this is the BEST shampoo for me. It keeps the color bright, Cleans my oily hair, and leaves it shiny!",1
Q05,fragrance free cleanser for sensitive skin,restriction,9509,Get this!!,5,"great for sensitive skin, dry eyes, no fragrance, just awesome cream.",1
Q05,fragrance free cleanser for sensitive skin,restriction,17642,Soothing and light,5,"Very nice cleanser, it's definitely not too harsh for my sensitive skin and feels like a refreshing deep cleanse.",1
Q05,fragrance free cleanser for sensitive skin,restriction,16779,Good for sensitive and ance prone skin.,4,"I have very sensitive and breakout skin. This cleanser keeps my facial skin hydrated, unlike other brands. I would recommend if you have these following skin conditions- Sensitive, Acne-prone, and Combination of oily and dry skin.",1
Q05,fragrance free cleanser for sensitive skin,restriction,36065,Moisturizing,5,This goat milk hand cream moisturizer is great for my sensitive skin and the fragrance is great.,0
Q05,fragrance free cleanser for sensitive skin,restriction,10584,Great cleanser,5,I love this facial cleanser. I’ve always had very sensitive skin and was paying for top brands until I found this.,1
Q05,fragrance free cleanser for sensitive skin,restriction,5998,"Gentle cleanser, light scent",5,"[[VIDEOID:3396eaae81b5e0ac18c104bf8c1c08ab]] This is a lovely gentle cleanser with a light, clean scent. Did not irritate my sensitive skin.",1
Q05,fragrance free cleanser for sensitive skin,restriction,6082,New favorite cica balm,5,I’ve been using this for about two weeks and it has significantly cleared an especially stubborn eczema spot on my chin. Also great for healing blemishes. Love that the ingredients are short and sweet and that it is fragrance free and essential oil free. The SoonJung line is fantastically reliable and great for sensitive skin.,1
Q05,fragrance free cleanser for sensitive skin,restriction,41609,Gentle and soft facial cleanser,4,"Soft and gentle facial cleanser that I use routinely in the mornings. One thing that bothered me a bit was the smell since it’s fragrance free, you can smell this distinct unpleasant scent. It doesn’t bother me so much to not use it so I’d still recommend this product if you’re not sensitive to the scent.",2
Q05,fragrance free cleanser for sensitive skin,restriction,35225,It is gentle enough not to irritate my skin,5,My skin is sensitive to everything I put on it.  From soaps to shaving creams to even after shaves.  This cleanser has been very gentle on my sensitive skin and leaves my face feeling clean and refreshed.  Feels good after a hard days work!,1
Q05,fragrance free cleanser for sensitive skin,restriction,29866,It definitely is a moisturizing lotion type cleanser.,4,"The PHL Naturals Vitamin C Hydrating Facial Cleanser is a good cleanser for someone with dry skin or to use as an eye make up remover. I have normal skin with a little oiliness in the summer due to the humidity. I like a facial cleanser that foams a bit, but this doesn't. This would probably work better for me in the winter. It definitely is a moisturizing lotion type cleanser. It does not have a fragrance. I was offered this cleanser at a reduced price so I could fairly review it. Thanks!",1
Q05,fragrance free cleanser for sensitive skin,restriction,29280,I like it. Good for sensitive skin.,5,"Oil free is good for sensitive skin, and after used it you will feel moisturizing. I use to had oil base make up remover, that is some stickies. So I select this product, I have to say, it is really properly for my sensitive skin.",1
Q05,fragrance free cleanser for sensitive skin,restriction,37126,Organic Ylang Ylang Facial Astringent Water,5,I'm always game fir something new...so after reading the POSITIVE REVIEWS I decided to order it. Have been using it daily esp after cleansing my face. A few drops in a cotton removes any residual soap or cleanser. It has a  VERY SUBTLE PLEASANT FRAGRANCE. Happy to say my sensitive skin actually likes this exotic facial astringent.,0
Q05,fragrance free cleanser for sensitive skin,restriction,2032,It's great for people who have eczema or have sensitive skin.,5,It is a good quality product that is fragrance free,1
Q05,fragrance free cleanser for sensitive skin,restriction,17541,Not good for people sensitive to fragrance,2,"If you are fragrance sensitive, this product is quite strong smelling.",0
Q05,fragrance free cleanser for sensitive skin,restriction,38186,Effective product,5,"This is a good facial cleanser, and leaves my face feeling clean without abrasion. Although I thought I was buying a fragrance-free product (probably my mistake), this has a light scent that is entirely pleasant and short lasting. Will buy again and possibly explore other products by this maker.",1
Q05,fragrance free cleanser for sensitive skin,restriction,25172,"Love this product, packaged well",5,"I use this cleanser for my sensitive skin. It is gentle but cleans well. Has helped me clear up problem areas without drying effects. I would not say it is a hydrating cleanser but that is what moisturizer is for! Best part, seller packages the items carefully so there were no broken spouts or spills like I have experienced with other sellers.",1
Q05,fragrance free cleanser for sensitive skin,restriction,25901,super soft,5,"I bought this product after using a small etude house cleanser. I have super sensitive skin which breakouts happen often when not attended to. This cleanser is super soft and delicate and has no reaction on my skin whatsoever. Also to anyone who doesn't know how often to use it, I suggest using it once in the morning and once at night. Overall, I love it!",1
Q05,fragrance free cleanser for sensitive skin,restriction,9841,Our new favorite,5,This is our new favorite sunscreen. It protects my daughter so well and we love that its fragrance free. The sunscreen isn't greasy and it rubs into the skin really well.,0
Q05,fragrance free cleanser for sensitive skin,restriction,13740,A go to cleanser,5,"I love this gentle cleanser. I have mostly oily skin, and use a glycolic cleanser once a week to control breakouts. But the glycolic is too strong to use everyday, so I use the Detox cleanser daily. I feel the Detox Cleanser really cleans my skin, but isn't harsh at all. My skin is soft and supple, and well balanced. I love the silky texture.",1
Q05,fragrance free cleanser for sensitive skin,restriction,19330,NEW FORMULA,4,"Extends, lifts & nourishes lashes. Gentle, buildable formula intensifies & defines lashes with a brush that is made from 100% plant-derived bristles. It's formulated with plant-based waxes & conditioners to nourish lashes. No clumping, flaking or smudging. Hypoallergenic, Opthamologist tested, suitable for sensitive eyes & contact lens wearers, fragrance-free.",1
Q05,fragrance free cleanser for sensitive skin,restriction,35155,Fragrance free,5,My brother has sensitive skin and these wipes are wonderful.,1
Q05,fragrance free cleanser for sensitive skin,restriction,23390,Great for sensitive skin,5,This is the best spf for sensitive skin... love it!,0
Q05,fragrance free cleanser for sensitive skin,restriction,8964,Excellent set for sensitive acne prone skin,5,"Amazing set. I needed travel size sensitive skin-friendly skincare set for 5-day conference, and decided to get this one - the set includes milk cleanser, foam cleanser, toner, cream, and sunscreen. I have sensitive acne-prone skin, and the set did not irritate my skin or cause any new pimples. I still had to purchase a tiny bottle of cleansing oil and eye cream, but other than that, this set got me covered -both toner and cream are really moisturising, the foam cleanser didn’t dry out my skin at all (which is super rare). My conference is over, and I haven’t even used half of all the products (and I’m a skincare junkie, so…). The only thing I wasn’t a big fan of the sunscreen - makeprem hav",1
Q05,fragrance free cleanser for sensitive skin,restriction,21995,Sensitive skin beware,2,"Not for sensitive skin, caused slight rash on face when used.",1
Q05,fragrance free cleanser for sensitive skin,restriction,7960,Works Great on Sensitive Skin,5,"When I was 22, I got an ugly case of adult acne. In the past, I tried products like Nuetrogena, Cetaphil, and an abundance of other brands, but they would make my skin red and dry and most certainly did not help clear up my acne. I've used Mercola's citrus cleanser in combination with my prescription acne topicals (Aczone and Epiduo), and my skin has completely cleared up. The cleaner is great for people with sensitive skin and there are no harsh chemicals like other drug store cleanser products.",1
Q05,fragrance free cleanser for sensitive skin,restriction,28576,For sensitive skin,4,I have sensitive skin and it works well for me . Was looking for it to stop puffiness under eye I have seen a little improvement.,1
Q05,fragrance free cleanser for sensitive skin,restriction,40419,good for sensitive skin!,5,You get a lot for what you pay for. It's very absorbent and I have very sensitive skin and it doesn't irritate my skin at all.,1
Q05,fragrance free cleanser for sensitive skin,restriction,18536,Great Product,5,"Smells great, good for sensitive skin, and really leaves your face feeling fresh!",1
Q05,fragrance free cleanser for sensitive skin,restriction,9240,Love it,5,Great for sensitive skin . Smells good,1
Q05,fragrance free cleanser for sensitive skin,restriction,341,This scrub is amazing!,5,"I tried Majestic Pure Cosmoceutucals body scrub and it left my skin soft and smooth. It feels amazing. When I opened the jar, the fruity scent gave me the idea of a natural, fresh scent. I love it. My skin felt moisturized for days.<br /><br />My one and only complaint is that I wish the delicious smelling fragrance lasted longer on the skin.",0
Q05,fragrance free cleanser for sensitive skin,restriction,12661,Nice!,5,"Great for sensitive skin, smells good too!",1
Q05,fragrance free cleanser for sensitive skin,restriction,39101,I love Naturopathica products,5,"I love Naturopathica products. I use the grapefruit & fir shampoo along with the bodywash, almost everyday.  The scent is very clean and refreshing.  Their products work very well on my sensitive skin.",0
Q05,fragrance free cleanser for sensitive skin,restriction,41265,Finally,5,"Finally found a soap I can use.  Have skin issues and this one solved them all...love love, not the best smelling soap out there but leaves skin feel clean with no dryness..highly recommend for those with sensitive skin like me",1
Q05,fragrance free cleanser for sensitive skin,restriction,38105,This is the best soap I have EVER used,5,"This is the best soap I have EVER used! I have sensitive skin and I have no issues with sensitivity to this. The fragrance is light and perfect, not overbearing like other brands that I have used. LOVE!",1
Q05,fragrance free cleanser for sensitive skin,restriction,28768,It leaves my skin looking beautiful,4,I was a little apprehensive of this cleanser because the smell reminds me of something cheaper. I was expecting more of a high end pineapple scent. But I will have to say it cleansed extremely well and it left my 58 year old skin looking amazing. Definitely worth a try! You will want to finish off with a good moisturizer.,1
Q05,fragrance free cleanser for sensitive skin,restriction,39509,Five Stars,5,good stuff for sensitive skin.,1
Q05,fragrance free cleanser for sensitive skin,restriction,12386,Very gentle cleanser beyond my expectations,5,"I was first introduced to Inspired by Dead Sea Cleansing Milk by my friend who was looking for a cleanser without all the harsh chemicals you see in so many.<br />This is the only cleanser have found that removes all of my makeup effortlessly and doesn't strip my skin of moisture. I don't think I'll be switching back to any other cleanser honestly.<br />I would recommend this product if you have sensitive skin , I have already noticed a huge reduction in redness. This stuff beats them all, my favorite !",1
Q05,fragrance free cleanser for sensitive skin,restriction,28323,Really good for sensitive skin!!!,5,This will be my second time ordering there soap!! Love love love!!! So natural and doesn’t irritate my skin like most soaps!! Would really recommend if you have sensitive skin!!,1
Q05,fragrance free cleanser for sensitive skin,restriction,39069,Very nice !!,5,This might be my new favorite face wash !  Lots of nice creamy lather. Pleasant mild scent. Leaves me face feeling clean and tingly.,1
Q05,fragrance free cleanser for sensitive skin,restriction,12972,One of my favorite fragrances from Bath and Body Works,5,One of my favorite fragrances from Bath and Body Works.  I use the shower gel in my hand soap dispensers because they do smell so nice AND the gel is so kind and gentle to your skin no matter how many times a day you wash your hands.,1
Q05,fragrance free cleanser for sensitive skin,restriction,19555,Five Stars,5,"Plenty of lather, skin friendly, long lasting, clean fresh scent.",0
Q05,fragrance free cleanser for sensitive skin,restriction,21326,Very Happy with Purchase!,5,I am so happy with this product. I have very sensitive combination/oily skin. Even using certain face wipes will leave my skin super red and irritated so Im always really cautious when making any skincare purchase. But I am SO glad I decided to try this out!! The subtle scent does not irritate my skin at all and I can definetly see a difference in my skin just from a week of using it! My skin has a natural glow to it now and I haven't been having issues with excessive oil around my nose which is where I usually get oily. It doesn't make my skin overly dry either! This product has definetly secured a spot in my skincare routine and I will be trying more products by Hera!,1
Q05,fragrance free cleanser for sensitive skin,restriction,18236,Smells really nice and doesn’t dry out skin,5,I love this cleanser! It smells really good and the texture is somewhat jelly-like. It cleans my skin without making it feel dry like many other face washes do even without putting on moisturizer! Highly recommend this product and the brand.,1
Q05,fragrance free cleanser for sensitive skin,restriction,16717,Very Natural and Soothing,5,"Soap is very gentle for sensitive, dry skin.",1
Q06,hydrating serum for dry skin,skin concern,22147,The lotion has a light cucumber water smell which is ...,3,The lotion has a light cucumber water smell which is pleasant. It's not very hydrating for moderate to dry skin.,1
Q06,hydrating serum for dry skin,skin concern,16611,Not as moisturizing as the Kahi moisture balm,4,It leaves my skin feeling dry and not as hydrating as the Kahi moisturizing balm. It makes your skin feel more velvety. It’s good for those who has more moisture on their skin naturally. Will not do well for those who have dry skin like me. Applying on dry areas will make the dry skin more noticeable.,1
Q06,hydrating serum for dry skin,skin concern,23361,Very hydrating!,5,"Excellent night cream, (or day cream for when the dry cold Michigan winters hit!) Luscious. Makes skin look amazing when you wake up in the morning. Very hydrating. Pleasant scent.",1
Q06,hydrating serum for dry skin,skin concern,21685,This product improved the appearance of my thighs. It ...,5,"This product improved the appearance of my thighs. It firmed and toned my legs, and felt extremely hydrating on my dry skin. I noticed improvement after two weeks of use",1
Q06,hydrating serum for dry skin,skin concern,2472,Great hydration,5,Like lotions hydrating and non oily or sticky feeling in skin,1
Q06,hydrating serum for dry skin,skin concern,23606,Absolutely Love this Product!,5,This is an expensive product so it’s nice to find better pricing.  Packaging was original and sealed.  Best moisturizing serum I have found … for normal/dry skin.,2
Q06,hydrating serum for dry skin,skin concern,34853,Very hydrating skin cleanser balm,5,Very hydrating and takes off make up skin feels really soft after,0
Q06,hydrating serum for dry skin,skin concern,42252,Good for normal/oily skin. Scent is very clean,5,"This toner smells so clean and nice. I wouldn't recommend it if you have very dry skin, because it did feel a bit uncomfortable on the dry parts of my face. However, if you have normal and/or oily skin, this toner is wonderful. It helps my serum and moisturizer get absorbed more quickly into my skin and leaves a nice, dry feeling (at least on the non-dry parts of my skin).",0
Q06,hydrating serum for dry skin,skin concern,18293,"They are free or hatch chemicals! And they work great, even for sensitive skin type.",5,"I love how inexpensive these wipes are. I was surprised honestly lol and seriously had everything I was looking for and MORE! The wipes don’t dry your skin! Durable material! And Hydrating!  I highly recommend, everyday use/travel/ Busy Parents.",1
Q06,hydrating serum for dry skin,skin concern,119,Works great,5,Great quality soap! So many good ingredients that are good for skin and hydrating not drying. Smells great and skin feels clean and soft after. Highly recommend.,0
Q06,hydrating serum for dry skin,skin concern,31450,Not for dry skin,3,"I ordered linda natural vitamin c complex and it was more water than serum.  For the price it was worth it, it went on nice and dryed nice.<br />My girlfriend who does not have dry skin as me will use  it , she likes it.  I perfer my obagi c serum more expensive but you get what you pay for",2
Q06,hydrating serum for dry skin,skin concern,38526,Great serum!,5,This serum is doing wonders for my skin. Fine lines are fading. The smell is pleasant. The serum itself is very water like but a little does go a long way.,1
Q06,hydrating serum for dry skin,skin concern,16775,*****5 STARS PLUS*****,5,"I purchased Aurora Cure 100% PURE HYALURONIC ACID Serum because I am currently testing out alot of different Vitamin C Serums to see which ones work the best.  What I have discovered is that most all of them tend to dry out your skin when you use them on a regular basis.  When you combine Hyaluronic Acid Serum along with your Vitamin C Serum it's like your skin is getting radiant hydration from one bottle, your skin feels so soft & moisturized.  I Love the fact that Hyaluronic Acid also aids in smoothing out & diminishing fine lines & wrinkles.  I Love Aurora skin care products!",2
Q06,hydrating serum for dry skin,skin concern,3401,Amazing Serum!,5,I've been using this serum on my face and hands for a month now and my skin feels so soft and smooth. It doesn't feel greasy at all on my combination skin. I highly recommend this serum and would definitely buy again!,1
Q06,hydrating serum for dry skin,skin concern,81,Very very light weight doesn’t last at all smells great but feels like water on the skin not hydrating ...,1,Very very light weight doesn’t last at all smells great but feels like water on the skin not hydrating at all,1
Q06,hydrating serum for dry skin,skin concern,39803,Better Arizona skin,5,Living in Arizona makes your skin gross. This serum has made mine softer :),1
Q06,hydrating serum for dry skin,skin concern,14214,Keeps skin moist all day...,5,I love the fact that it’s one product vs. many.  I have extremely dry skin and this serum keeps my skin moist all day long.  It’s also great for when traveling as I only need this one container of skincare.  I will continue purchasing this product and highly recommend it.,2
Q06,hydrating serum for dry skin,skin concern,18875,Jelly cushion,3,Too light for skin tone. Would not recommend for dry skin. Better suited for combination to oily skin. Clings to dry patches. Works really well with J. One Jelly Pact - dry patches not as noticeable.,1
Q06,hydrating serum for dry skin,skin concern,5927,Hydrates your 4C coils - Amazing moisture and shine!!,5,This Heavenly Hydration mist is amazingly hydrating for my naturally dry 4C coils. I use it at least 3 times per week to refresh my style. Not only does it moisturize but it smells amazing!!,1
Q06,hydrating serum for dry skin,skin concern,8000,I have truly enjoyed the Organic Vitamin C E and A Serum for ...,5,"I have truly enjoyed the Organic Vitamin C E and A Serum for my face, my face has become softer and wrinkles are<br />less noticable.  I would recommend this product to anyone with dry skin.  It has made an enormous difference.<br />Thanks,  Mary Baker",2
Q06,hydrating serum for dry skin,skin concern,39363,Great for dry skin,5,Absolutely the best product I’ve found for my very dry skin.,1
Q06,hydrating serum for dry skin,skin concern,35224,Great for dry skin/ingrown hair,5,"The best washcloth for my dry, sensitive skin.",1
Q06,hydrating serum for dry skin,skin concern,16603,For anyone with dry skin,5,This product gets five stars because I have very dry skin and this product kept my skin soft four days even after I had taken a bath it is a very good product that I recommend for anyone with dry skin,1
Q06,hydrating serum for dry skin,skin concern,14409,Excellent for dry skin,5,I have extremely dry skin.  Just a small amount of this product makes my skin soft and supple for the entire day.  Love this product line.,1
Q06,hydrating serum for dry skin,skin concern,61,Good for dry skin,4,"It was too oily for my oily-combo face, but my friend with dry skin who I gave it to LOVES it!",1
Q06,hydrating serum for dry skin,skin concern,20870,Great for dry skin!,5,This stuff works so great. I have dry skin and this is fantastic. I definitely recommend this.,1
Q06,hydrating serum for dry skin,skin concern,20860,Not for people with dry skin,4,Use a moisturizer after if you have dry skin because this really dries out the skin .,0
Q06,hydrating serum for dry skin,skin concern,28813,Not for dry skin,2,This toner dried out my face bad.  Will not recommend if you have dry to combination skin type.,0
Q06,hydrating serum for dry skin,skin concern,27364,Creamy and hydrating!,5,I love this product! Very creamy and hydrating. Perfect color,1
Q06,hydrating serum for dry skin,skin concern,14938,Beneficial Serum,4,"This serum is a cut above the average facial serum that features natural oils and hyaluronic acid.  With the multitude of natural, plant-based elements, this serum offers remarkable benefits for the skin.  A little of this serum goes a long way, so the bottle should in fact last close to 3 months.  It does seem to provide added benefits compared to lesser facial serums.  My face does appear healthier and the skin tone more consistent and fresh.  I don't know if I'm seeing the benefits that warrant the price that is roughly 5x that of other hyaluronic acid serums with some vitamins.  I think the ingredients, especially the plant based stem cells, might make this cost reasonable.  If used cons",1
Q06,hydrating serum for dry skin,skin concern,3193,Love it! No more dry skin,5,"Love it ! No more dry skin, great for winter.",1
Q06,hydrating serum for dry skin,skin concern,2083,Five Stars,5,This product is excellent for dry skin.,1
Q06,hydrating serum for dry skin,skin concern,32350,Great Product,5,This product is great for dry skin and I highly recommend it.,1
Q06,hydrating serum for dry skin,skin concern,34848,Just so-so,3,I have extremely dry skin and did not see any changes in my skins hydration while using this. It makes a VERY fines mist so I had to use it a lot just to feel anything on my face.,1
Q06,hydrating serum for dry skin,skin concern,24313,I am glad I tried it. Now I am obsessed with all their products!,5,"I was skeptical at first. I have very dry skin, well except my face. It is rare to find a moisturizer that hydrates your skin and also does not leave you greasy! I have been using elta MD sunscreen, face wash, and face cream for a while now. So I thought I'd give this moisturizer a try, and I am glad I did! I love all of their products!",0
Q06,hydrating serum for dry skin,skin concern,29013,It works to keep skin hydrated.,5,I am surprised at how well this helps the skin stay hydrated. It helps my facial eczema and my skin is always severely dry. This is helping me and I am very happy.,1
Q06,hydrating serum for dry skin,skin concern,33308,Avon Moisture Therapy Hand Cream,5,"This works very well for my dry skin, have been using this for quite some time.  Very Good!",1
Q06,hydrating serum for dry skin,skin concern,16423,Recommend it,5,It is a great solution for dry skin,1
Q06,hydrating serum for dry skin,skin concern,27154,Most Hydrating of the Products I Have Used,5,"This is the most effective product for my really dry skin.  It's greasy, but it works if I keep using it.  I use Lubriderm Unscented Sensitive Skin Lotion during the day because it dries after a while, but I use Aquaphor before bed.",1
Q06,hydrating serum for dry skin,skin concern,29032,Cerave cream,4,Great product. Help my dry skin.,1
Q06,hydrating serum for dry skin,skin concern,10113,"Great product and love the fresh, subtle scent",5,I have very dry skin and this product does the trick leaving my skin soft and silky plus is smells nice and fresh. I use it with the Olivarium shower gel.,1
Q06,hydrating serum for dry skin,skin concern,3878,Super moisturizing daily cream,5,I have used this product for about 20 years...I have very dry skin that needs hydration daily . If you have dry skin ....this is the product for you.,1
Q06,hydrating serum for dry skin,skin concern,25172,"Love this product, packaged well",5,"I use this cleanser for my sensitive skin. It is gentle but cleans well. Has helped me clear up problem areas without drying effects. I would not say it is a hydrating cleanser but that is what moisturizer is for! Best part, seller packages the items carefully so there were no broken spouts or spills like I have experienced with other sellers.",0
Q06,hydrating serum for dry skin,skin concern,36536,Three Stars,3,"To be a moisturizer, leaves your face considerably dry. I was not impressed with this product",0
Q06,hydrating serum for dry skin,skin concern,9339,Love,4,Love this it’s good for dry skin,1
Q06,hydrating serum for dry skin,skin concern,6663,Five stars,5,I like this serum very much.  It absorbs fast into my skin and leaves it feeling soft and moisturized.  It is not watery like some other serums.  It is a high quality product.  I am happy with this purchase.,2
Q06,hydrating serum for dry skin,skin concern,29787,Light and fluffy!,5,Great for dry sensitive skin!,0
Q06,hydrating serum for dry skin,skin concern,11066,Not suitable for my skin,5,I don't love this product. It is okay. I think it would be more suitable for someone with dry skin.,1
Q06,hydrating serum for dry skin,skin concern,691,Good for aging skin,5,Doesn't dry out my very dry skin.,1
Q07,natural deodorant for sensitive skin,natural product,11371,Natural ingredients,4,"I do not recall ordering it or receiving Best of Nature Long Lasting Deodorant.  I ordered and received Green Tidings All Natural Deodorant, Calendula and Sage, sensitive skin. Works pretty well on a regular daily basis.",2
Q07,natural deodorant for sensitive skin,natural product,14889,Severe allergic reaction,1,I have very sensitive skin and I immediately had a reaction with this product. My under arms were red and swollen for a few days. I only use natural deodorant and I’ve never had a problem but  I do not recommend this if you have sensitive skin.,2
Q07,natural deodorant for sensitive skin,natural product,11004,organic and natural,5,"The vanilla/neroli/ylang ylang scent smells fresh and invigorating. A smell that's not overpowering. Glad to use this after every shower.<br /><br />The big plus of this deodorant compared to other deodorants is that it's made of organic and all natural ingredients making it safer for people with sensitive skin.<br />While other non organic brands are reportedly safe to use, they use a long list of chemicals to make their products.<br />I myself have a sensitive skin and I hope more natural ingredients are incorporated to products that touch our body.<br /><br />This is a premium organic deodorant. If you don't want all the chemicals and/or have a sensitive skin then this deodorant is for yo",2
Q07,natural deodorant for sensitive skin,natural product,2814,Best rose scented deodorant,5,This is a really nice natural deodorant that lasts a long time for me. It smells really good as well and love the scent of rose. ^^ I have pretty sensitive skin and this is one of the first natural deodorants that both work and don't irritate my skin.  I also noticed that keeping it in the fridge when you're not using it keeps the deodorant fresher for longer. Will definitely buy again.,2
Q07,natural deodorant for sensitive skin,natural product,23115,I will repurchase!,5,This a great option for a natural deodorant!,1
Q07,natural deodorant for sensitive skin,natural product,22453,Love it! And my son does too!,5,This natural deodorant really works!,1
Q07,natural deodorant for sensitive skin,natural product,24699,Nice smell,5,Very nice all natural deodorant,1
Q07,natural deodorant for sensitive skin,natural product,2134,Best deodorant product I have ever used without question!,5,"I will never use another store brand deodorant in my life.. I want to buy these by the case! Great product, especially for those with skin sensitive to perfumes.",1
Q07,natural deodorant for sensitive skin,natural product,9250,Smells good and lasts pretty well for a natural deodorant.,5,Smells good and lasts pretty well for a natural deodorant.,1
Q07,natural deodorant for sensitive skin,natural product,30750,"Does the job, but STANKS",1,"Is a powerful deodorant for sensitive skin, but there’s an ingredient in there that makes the scents stiiink like a sweaty gym sock. 🤢 Not buying again because of this…",1
Q07,natural deodorant for sensitive skin,natural product,9237,Works really well!,5,Best natural deodorant i've tried by far,1
Q07,natural deodorant for sensitive skin,natural product,13945,"I was skeptical at first of a natural deodorant, ...",5,"I was skeptical at first of a natural deodorant, but this stuff holds up well. This deodorant worked well in the Texas heat.",1
Q07,natural deodorant for sensitive skin,natural product,42983,Switching,4,"When you switch from a deodorant like Secret to an all natural deodorant you will stink ‼️ That’s the process ‼️ Please take your deodorant everywhere you go‼️ This is the best natural deodorant there is ‼️Unless you made your own ( and I do ) when I switch two years ago !! I got a rash ( I was using Arm and Hammer all natural ( don’t buy that brand in my opinion ) this deodorant is the best ‼️<br />No irritation to the skin , smell amazing ‼️<br /><br />Very expensive but it last way longer than the cheap kin<br />The only reason why I gave it a 4 best one of my deodorant was broken in pieces when it arrived ‼️ I am sure it was damaged in shipping",2
Q07,natural deodorant for sensitive skin,natural product,1950,Great natural alternative,5,I have used all natural deodorant before. This one is the best!!!,1
Q07,natural deodorant for sensitive skin,natural product,36756,Hypoallergenic and Vegan,5,I love this product because I have sensitive skin which is easily irritated. I can use The It List with confidence that it won't disturbed my sensitive skin. I have a natural looking tan and it doesn't dry out my skin. I highly recommend this product.,1
Q07,natural deodorant for sensitive skin,natural product,36863,🥰,5,Love love love! I made natural deodorant and these are the perfect size.,1
Q07,natural deodorant for sensitive skin,natural product,4366,Best!,5,This works!! I get a slight skin irritation off and on but it’s worth it. To find a natural deodorant that actually works and smells great is a huge relief.,1
Q07,natural deodorant for sensitive skin,natural product,28323,Really good for sensitive skin!!!,5,This will be my second time ordering there soap!! Love love love!!! So natural and doesn’t irritate my skin like most soaps!! Would really recommend if you have sensitive skin!!,0
Q07,natural deodorant for sensitive skin,natural product,29787,Light and fluffy!,5,Great for dry sensitive skin!,1
Q07,natural deodorant for sensitive skin,natural product,2155,Best!!,5,Great for sensitive skin! Best!!!,1
Q07,natural deodorant for sensitive skin,natural product,22263,Best natural deodorant,5,"Best natural deodorant I’ve tried, and I’ve tried a ton! Lasts all day and through workouts",1
Q07,natural deodorant for sensitive skin,natural product,23390,Great for sensitive skin,5,This is the best spf for sensitive skin... love it!,0
Q07,natural deodorant for sensitive skin,natural product,2222,Best natural deodorant,5,This is my favorite deodorant.  I love patchouli and can't wear traditional deodorants.  This natural deo doesn't require multiple applications throughout the day.,1
Q07,natural deodorant for sensitive skin,natural product,21995,Sensitive skin beware,2,"Not for sensitive skin, caused slight rash on face when used.",1
Q07,natural deodorant for sensitive skin,natural product,28576,For sensitive skin,4,I have sensitive skin and it works well for me . Was looking for it to stop puffiness under eye I have seen a little improvement.,1
Q07,natural deodorant for sensitive skin,natural product,11879,Best natural deodorant!,5,I was breaking out from regular deodorant. I’ve tried other natural ones before but developed a rash. This one contains arrowroot powder and keeps me dry all day! A little goes a long way. It can get a little messy if you swipe too hard but love this deodorant. I won’t go back to regular again!,1
Q07,natural deodorant for sensitive skin,natural product,40419,good for sensitive skin!,5,You get a lot for what you pay for. It's very absorbent and I have very sensitive skin and it doesn't irritate my skin at all.,1
Q07,natural deodorant for sensitive skin,natural product,30226,Great for sensitive skin,5,Husband loves! He has very sensitive skin but wanted an exfoliating scrub. Perfect.,0
Q07,natural deodorant for sensitive skin,natural product,35510,Would not recommend for sensitive skin.,2,Would not recommend for sensitive skin due to stinging sensation after use.,1
Q07,natural deodorant for sensitive skin,natural product,16779,Good for sensitive and ance prone skin.,4,"I have very sensitive and breakout skin. This cleanser keeps my facial skin hydrated, unlike other brands. I would recommend if you have these following skin conditions- Sensitive, Acne-prone, and Combination of oily and dry skin.",0
Q07,natural deodorant for sensitive skin,natural product,4617,Great for sensitive skin,5,Smells amazing and helps for sensitive skin. I use this before and after water wipes and it keeps my son fresh and soft.,1
Q07,natural deodorant for sensitive skin,natural product,18212,This stuff really works!,5,"I have sensitive skin and lots of allergies. Most natural deodorants just don't work for me because they contain baking soda or they just don't stop odor. Lume is amazing. As a test, I put it on after my afternoon shower one day, we went out that evening for dinner, then I attended a cardio class the next morning. No re-application...and no BO!",1
Q07,natural deodorant for sensitive skin,natural product,11015,I am very pleased with this one,4,I’ve been looking for a natural deodorant that works for a while now. I am very pleased with this one. It took a little over a week of wearing it for my body to get use to it. It works great and I have had no sensitivity to it! I would definitely recommend.,1
Q07,natural deodorant for sensitive skin,natural product,26662,Not at all harsh and works far better than anything else I've tried,5,I have been on the search for a natural deodorant that worked - this fits the bill perfectly!  Not at all harsh and works far better than anything else I've tried!,1
Q07,natural deodorant for sensitive skin,natural product,13544,Great product,5,I've tried so many natural deodorants and this one is the best,1
Q07,natural deodorant for sensitive skin,natural product,38430,5 Day,5,This is great deodorant. It works well for me.  Gentle.,1
Q07,natural deodorant for sensitive skin,natural product,3029,I highly recommend giving this a try if you have any skin ...,5,"I have been searching for a deodorant that I can wear that won't cause a rash or irritation, and after several years, I finally came across this from a recommendation of a dermatologist. I have ezcema, psoriasis and a fragrance and beeswax allergy-- so my choices are limited. I highly recommend giving this a try if you have any skin issues and further, it actually works, in terms of keeping sweating/odor under control.",1
Q07,natural deodorant for sensitive skin,natural product,41163,As expected,5,Deodorant with the scent I want.,1
Q07,natural deodorant for sensitive skin,natural product,29600,Works,5,"I've tried a lot of natural deodorants. This one works. I like the Bergamot scent, it's fairly neutral. At the end of the day you just don't smell like anything, perfect.",1
Q07,natural deodorant for sensitive skin,natural product,7256,Five Stars,5,The best deodorant I have used!!,1
Q07,natural deodorant for sensitive skin,natural product,37327,Great product!,4,"This is the first natural deodorant I have tried and so far it's working well for me. The scent is nice and not overpowering like some mainstream deodorants. It doesn't have antiperspirant properties, so be aware that you will feel dampness during the day. It also should be reapplied later in the day because the scent does wear off making body odor somewhat noticable I don't have sensitive skin so this didn't cause me any rashes or burning.",2
Q07,natural deodorant for sensitive skin,natural product,23198,Excellent!,5,This deodorant is the only kind that works for me,1
Q07,natural deodorant for sensitive skin,natural product,41214,It actually works!,5,"This is the only natural deodorant I’ve used that actually works and continues to work for me. I’ve been using it for a few months now, and just ordered again.",1
Q07,natural deodorant for sensitive skin,natural product,8312,Perfect for my body!,5,This deodorant is the only natural one that works for me. So happy that I finally found one! Other brands such as NATIVE have not been compatible - this one is a keeper.,1
Q07,natural deodorant for sensitive skin,natural product,39509,Five Stars,5,good stuff for sensitive skin.,1
Q08,waterproof mascara,product feature,33441,No clumping,4,I like the waterproof mascara.,2
Q08,waterproof mascara,product feature,42052,Best mascara ever,5,"This is the best mascara that I have ever used. The waterproof mascara is just that, waterproof and you don't have to worry about smudging.",2
Q08,waterproof mascara,product feature,3510,It IS waterproof!  Natural looking lashes with this mascara.,5,It IS waterproof!  Natural looking lashes with this mascara.,2
Q08,waterproof mascara,product feature,42601,Best waterproof mascara remover!,5,The best I've ever tried for removing waterproof mascara!,2
Q08,waterproof mascara,product feature,37814,Is NOT waterproof at all!,3,"The mascara looks great, but it is not waterproof at all.",2
Q08,waterproof mascara,product feature,38758,I ordered this product because the description said WATERPROOF. Is it really?,3,"I ordered this product because the description said WATERPROOF.  I have not been able to find the word ""waterproof' on the package; neither does it say ""silk fiber"" anywhere.  I am very sensitive to regular mascara which irritates my eyes.  Within a few minutes of applying this mascara, my eyes started to tear, just as the regular non-waterproof mascara.  Therefore, I am questioning whether this product is indeed waterproof.  I appreciate your timely response.  Thank you.",2
Q08,waterproof mascara,product feature,10624,eye makeup remover,5,this product is great for sensitive skin. removed waterproof mascara without any issues. would highly recommend.,0
Q08,waterproof mascara,product feature,2854,Finally a brown waterproof mascara!,4,"It's hard finding a waterproof brown mascara that is actually brown!<br />This mascara is a great brown.<br />It's not a black brown!<br />The mascara applies very easily and isn't too watery or too thick.<br />My only issue is that it doesn't have the staying power that I've come to expect from a waterproof mascara.<br />After a night's sleep, it's gone.",2
Q08,waterproof mascara,product feature,42990,Good but not great.,3,"Cap arrived broken<br />Still need a second cleanse with a more gentle cleanser, does not remove waterproof mascara",0
Q08,waterproof mascara,product feature,4200,Love this mascara,5,"Love this mascara! High volume, lots of coverage, very dramatic lashes. I really love that this package comes with a small waterproof mascara as well, I don't want to use waterproof daily and I don't want to buy a large one but I love it for beach days in the summer!",2
Q08,waterproof mascara,product feature,25280,NOT waterproof,1,This product is NOT waterproof.  My eye lashes drooped in a few seconds.  And this is what happens to me if the mascara is not waterproof.  I did like the fact you can get brown.,2
Q08,waterproof mascara,product feature,10414,The best face wipes,5,"I absolutely love these. They remove make-up beautifully, even waterproof mascara, but are very gentle and smell amazing. Absolute favorite.",2
Q08,waterproof mascara,product feature,40085,5/5,5,Excellent for removing makeup and waterproof mascara without over drying.  I use before a normal cleanser in my end of day skin care routine.,2
Q08,waterproof mascara,product feature,14608,Light thin texture. Nice Cleanser,5,I am in love with the light thin texture of this cleansing oil. It does take my waterproof mascara off while still being gentle.,0
Q08,waterproof mascara,product feature,33209,"Looks Great, but...",3,"It's not waterproof, so it needs to be sealed with waterproof mascara to avoid smudging, which is very, very easy to do.  But, if you want great looking lashes, this is a great product to use as a first step.",2
Q08,waterproof mascara,product feature,38193,These are a full size and a travel size only,2,"For the retail price of the kit, it is better to get it directly through toofaced website; since it is cheaper to get the waterproof and regular mascara for almost the same price of a regular (full size) and the travel size (waterproof).",2
Q08,waterproof mascara,product feature,34850,Love this product,5,"Love this product.  I ALWAYS wear waterproof mascara.  I never found one that truly worked.  Finally after 40 years I did find one but it was $60 and I was buying it but then I saw this in my drawer, I had used it in the past and knew it worked.  I began using it again.  It is a really good mascara that is waterproof.  It is not gooey, does not clump, it really is a very good mascara and well priced.",2
Q08,waterproof mascara,product feature,4029,Great volume!,5,I love this mascara!  Provides excellent volume and extra length.  It is not washable waterproof; you may need to use a makeup remover instead of just soap.  I recommend this product!,2
Q08,waterproof mascara,product feature,6496,Water proof,5,Wore it today it was about 90degrees outside really hot but this mascara did not run off no smudging. It is actually waterproof since i got into a pool and still had it on.,2
Q08,waterproof mascara,product feature,17489,best,5,"It's hard to find a basic, waterproof vegan mascara that doesn't have a ridiculous brush or a crazy price tag. This one is great. The wand is super big, like the size of BeneFit's original Bad Gal, which took some getting used to for me. But I'll say this formula is excellent - it goes on clump-free and is definitely lengthening and volumizing, and it has proved to definitely be waterproof. I haven't swam with it or anything, but if you wear this mascara while watching The Notebook, you'll emerge withOUT mascara trailing down your cheeks.",2
Q08,waterproof mascara,product feature,15127,Great Waterproof Mascara,5,"I don't normally wear waterproof mascara because of how difficult it is to get off, but I was going on a trip to Jamaica and knew I would want mascara on sometimes and there would be a lot of water activities going on. This stuff does not come off! It can be a great thing but also on awful thing when you don't want black circles around your eyes!",2
Q08,waterproof mascara,product feature,32095,Not waterproof ...,1,Not waterproof. My watery eyes made quick work of this &#34;waterproof &#34; liner.,1
Q08,waterproof mascara,product feature,39036,Waterproof and smudge proof,5,This lash mascara is great. It doesn't irritate my eyes and it is also very easy to use. I like it because it is waterproof and smudge proof and I can wear it all day without falling off.,2
Q08,waterproof mascara,product feature,27944,Good Mascara,5,"This Queendom Unlashed Mascara worked really well for me. It’s not waterproof however it didn’t smudge or wear off very easily throughout the day, and washing it off I used a waterproof makeup removing wipe to get if off which worked really well. It doesn’t have a smell and is very smooth and black when applying. Overall it’s a nice product and works really well.",2
Q08,waterproof mascara,product feature,6229,Ok Mascara,5,"This pack comes with waterproof and regular mascara.  Haven't had to use the water proof one yet but the regular one seems to work well.  I feel like they put less in the tube this time around though.  With everyone staying at home and having to wear very little make up, this mascara lasted like a month before it started clumping.  Normally it lasts for 2 or more months.",2
Q08,waterproof mascara,product feature,30626,Not waterproof.,2,Not waterproof. Too dark for my taste.,1
Q08,waterproof mascara,product feature,26754,Not waterproof,1,Looks good but is so not waterproof!,1
Q08,waterproof mascara,product feature,20288,Not waterproof,1,Definitely not waterproof. I wet my face and it just peels off like the original one that’s not waterproof. I bought this for my honeymoon in the Dominican because I didn’t want it to peel off when I swam.<br /><br />Update:<br />Today I just shipped the mascara out for return which also never came with a prepaid label. I would have never bought this item had it not said waterproof on it! So just keep in mind that if you receive this and you’re not pleased… it ships into Canada and cost me $14.25 to return which is almost half of what I paid for it in the first place!,2
Q08,waterproof mascara,product feature,43081,Good Product. Does as advertised.,5,"The best mascara I’ve owned. But since it’s waterproof, it only comes off with oil. So I rub coconut oil on my eyelashes to get it off. If this wasn’t waterproof, it would be perfect for everyday use.<br /><br />It holds up VERY well in water. I went swimming in the ocean and my lashes were not affected in the slightest.",2
Q08,waterproof mascara,product feature,972,Burns the eyes,3,"It really takes of make up. Not sure about waterproof eyeliner or mascara. Only dislike how badly it burns your eyes if you happen mto let it seep into, which willost likely happen. Washes of clean with very warm water only",0
Q08,waterproof mascara,product feature,41642,Waste of money,1,Don’t buy it.  Is not waterproof at all.  It runs on your eyelids.  I got home and I looked in the mirror and was so disappointed. No one told me I look like a clown.  Blue mascara everywhere.,2
Q08,waterproof mascara,product feature,29456,"Like it, but not my favorite",4,"Great for the price, but I still like other high-end mascaras better. It was fun to give this a try, though (and for $3, who wouldn't?)! I wish I had bought the waterproof.",1
Q08,waterproof mascara,product feature,5630,The only mascara I want to use,5,"This mascara is the best mascara I have ever owned. It is a little costly, however it really enhances your natural lashes. I enjoyed the original formula, but the waterproof is amazing. My only concern when I started wearing the waterproof daily was finding the right waterproof make-up remover. It can be difficult to remove, if you are too rough trying to remove it, you will lose eyelashes. I found using make-up remover on cotton pads worked, the trick is to hold the saturated pad on the lashes for a couple seconds before gently wiping the mascara off. It truly lasts all day and lengthens your lashes in such a flattering way. I've used a lot of other brands before but this one just makes me ",2
Q09,foundation for oily skin,skin type,34796,THE absolute best ever for oily skin,5,THE absolute best ever for oily skin  I mix with liquid foundation or pigment drops if It’s a makeup day,2
Q09,foundation for oily skin,skin type,42077,Why can't I find this any where????,5,"Please, help me to locate some Zia Make-up...<br />The foundation is great for oily skin and the powder is flawless.",2
Q09,foundation for oily skin,skin type,3418,Good toner,4,"It really mattify makeup, good for oily skin just make sure u use a water based moisturizer so it can function well, and a matte finish foundation too",0
Q09,foundation for oily skin,skin type,42757,My go to primer,5,My favorite primer you can wear it alone and it’s perfect for a foundation last all day And it’s even cleared up my acne and oily skin,2
Q09,foundation for oily skin,skin type,7893,Great coverage and longwearing.,5,Great for my oily skin.,1
Q09,foundation for oily skin,skin type,19747,One Star,1,Too oily for my skin.,0
Q09,foundation for oily skin,skin type,4979,Just Ok,4,"I’ve been using this for a few weeks now. Coverage is pretty good. I wouldn’t say full coverage but it’s better than medium coverage. It applies very nicely with a brush and isn’t greasy. Overall a good foundation.<br /><br />Things I didn’t like, it doesn’t spray evenly and I ended up getting little spots on my countertop of foundation. The smell isn’t pleasant a little chemically but smells like foundation too. It did not dry oily, but I noticed it made my skin a little more oily than normal.",1
Q09,foundation for oily skin,skin type,11185,Love this product,5,I love this face wash but it’s not for me I need a face wash for oily skin this was a great face wash to moisturize the skin but not to stop the oily skin,0
Q09,foundation for oily skin,skin type,7162,Melts right off your face!,1,Really oily on my skin,0
Q09,foundation for oily skin,skin type,6457,Great product! Does working!,5,Good for the acne. Also the oily skin. Lov this!,1
Q09,foundation for oily skin,skin type,61,Good for dry skin,4,"It was too oily for my oily-combo face, but my friend with dry skin who I gave it to LOVES it!",0
Q09,foundation for oily skin,skin type,7833,Five Stars,5,This works well for oily skin.. Keeps your face feeling refresh,1
Q09,foundation for oily skin,skin type,43021,Meh....,1,"I didn’t care for this foundation whatsoever.  It’s very wet; thin & runny it makes me feel oily & old. Plus, it’s orange like tint is odd. There’s no powder finish — at all. I don’t have oily skin but with this on I imagine that’s how people with oily skin feel. I’m 38 years old with some fine lines, usually not that noticeable but with this on it settles in and makes everything look much worse, really will age a person.<br /><br />Perhaps this is good for someone young with perfect skin, that doesn’t want much coverage. If that is not you I advise against it.",2
Q09,foundation for oily skin,skin type,22195,Too greasy,1,Way too greasy for me and I dont have oily skin...I love the  bright skin version though,1
Q09,foundation for oily skin,skin type,42910,Not for oily skin,3,Product ok.  Not long lasting on oily skin,1
Q09,foundation for oily skin,skin type,21988,many different k-beauty moisturizers supposedly for acne-prone skin and this one is the best. Most moisturizers for oily skin le,5,"I have oily and acne-prone skin. I tried many, many different k-beauty moisturizers supposedly for acne-prone skin and this one is the best. Most moisturizers for oily skin leave my cheeks too dry in the winter or are too oily and cause breakouts. My skin absorbs this one. Nice semi-matte finish. No breakouts. Just your smooth, hydrated skin. The tub is on the expensive side but you get a generous amount.",1
Q09,foundation for oily skin,skin type,8692,One Star,1,This made my skin even more oily than before.,0
Q09,foundation for oily skin,skin type,33505,Not a good buy,1,Not a true match. Pasty feel. Leaves skin oily.,0
Q09,foundation for oily skin,skin type,39210,Five Stars,5,This is a wonderful light moisturizer for my dry older skin.  I makes foundation go on smoothly.,0
Q09,foundation for oily skin,skin type,6486,Seems to make me ghostly,2,"I purchased this with the hope of carrying this in my purse to re-mattify my face throughout the day as I have pretty oily skin and my current foundation is the Milani 2 in 1 which I’ve been loving. Unfortunately, I feel like this left a bit do a white cast on my light to medium skin tone...",2
Q09,foundation for oily skin,skin type,29687,This is an excellent product for oily skin and blackheads,5,This is an excellent product for oily skin and blackheads.  Natural ingredients work very well to keep your skin cleaner and clearer.,1
Q09,foundation for oily skin,skin type,16290,Oily.,2,Didn't love it. Smelled a little funny and left my skin feeling oily. Won't be purchasing again.,0
Q09,foundation for oily skin,skin type,18681,Wonderful foundation!,5,"Beautiful foundation; sheer enough that I can't even feel it on my skin. Love, love, love it.",1
Q09,foundation for oily skin,skin type,28531,Must have for those with oily skin,5,"Love this product!  I have extremely oily skin and found that my face would show oil about an hour after doing my make up.  With this product, I put it on then do my makeup and I'm oil free all day long.  I would recommend this to anyone with oily skin.",1
Q09,foundation for oily skin,skin type,1329,Great foundation!,5,This is my favorite foundation. It’s a great color snd lasts all day. I have sensitive skin snd this works great for me!,1
Q09,foundation for oily skin,skin type,11496,Light weight not oily.,5,Not heavy or oily. I like how my skin feels after.,0
Q09,foundation for oily skin,skin type,15265,A must for dry skin (really dry skin),5,Absolutely love this product!! Smells amazing for foundation. Color matched my skin tone perfect. I have a cool skin tone with a pink/yellow undertone.,1
Q09,foundation for oily skin,skin type,33447,Smooth foundation,5,I have been using this foundation for 20yrs +.  I love the way it looks and  feels clean.  You can’t even tell your wearing foundation.  And it’s affordable!,1
Q09,foundation for oily skin,skin type,5039,Orangy and sticky. NOT for use with oily skin.,2,"I have been using the It Celebration powder foundation for years, and was ready to try something that was a bit more sturdy and contained more sun protection. While this did hold up well in my purse, I didn't like the way it wore on my face. I have oily skin and this makeup tended to sit on top of that oil, so that when I wiped my face it sort of slid off, coating my fingers in a sort of flesh-toned oil slick. This makeup also had a sort of orangish-yellow tinge that looked unnatural on my face and needed to be blended much more than the Celebration version in Medium color. I can see this MAYBE working well for someone with dry skin, but it is definitely to sticky and oily for me.",2
Q09,foundation for oily skin,skin type,33180,Great product for oily skin,5,"I've never seen a product like this, it takes the oils off your face and makes it feel a little tight but I don't mind bc I'll use anything to prevent my oily skin. Not a miracle product but definitely helps my makeup stay on my face for longer.",1
Q09,foundation for oily skin,skin type,14911,"Light, blendable foundation for ""aging"" skin",5,"I've used Lift Blur for several years and love it! This is my ""everyday foundation"" because it goes on easily, light and smooth. I can blend it with another Blur foundation color as my skin tans. It's especially good in the winter when my skin is drier (in the summer I use a light powder over it).  I have slight rosacea (skin reddening) and being 58 years old I find Blur covers just enough of the wrinkles too. Had trouble finding Blur in the stores and I thought ""Hmm, I wonder if Amazon would have it...?"" Yep, with multiple price choices! I just wish cosmetics companies would offer sample sizes so we could find our best shade- - took me awhile to figure out what worked best for me...",1
Q09,foundation for oily skin,skin type,28662,Foundation is a perfect color - soothing,4,This foundation is a surprisingly perfect color.  It glides smoothly over the skin and is complimentary by others.,1
Q09,foundation for oily skin,skin type,7189,Its really soft and nice skin color power foundation but wish have brush or ...,5,It's first time try to powder foundation.<br />I watched so much youtube video for learn make up skill.<br />Its really soft and nice skin color power foundation but wish have brush or sponge.<br />It was fun to try out and looked different my skin.looks more smooth and soft.,1
Q09,foundation for oily skin,skin type,30972,This stuff is amazing for that,5,"I have VERY oily skin, and I have to use some type of finishing powder over my foundation. This stuff is amazing for that. I think it can be used well for all skin types. It's not drying (doesn't cause flakiness).  It applies silky smooth.  I bought the Neutral Set, which looks white, but as soon as it's on my face, it is colorless. Love it!",2
Q09,foundation for oily skin,skin type,25094,Great coverage!!!,4,I really love this product!!  I use it to cover up any flaws after I have put on regular foundation.  Smooth and oil free!!,1
Q09,foundation for oily skin,skin type,42343,Worth the price,5,"As a person with oily skin I recommend this cause this makes my makeup stay so much more longer with out looking oily, I love this product. Definitely will be repurchasing again.",1
Q09,foundation for oily skin,skin type,3289,Wonderful!,5,"Exellent foundation.I can't stop using this,its very flawless on your face and gives you the radiant flawless look.This foundation is rich and creamy with soft light base.",1
Q09,foundation for oily skin,skin type,2620,The white powdery bottom,3,"The foundation is too white. It doesn't really suit me. The skin is not very white, buy carefully.",1
Q09,foundation for oily skin,skin type,33984,Love it!,5,Love this product! It's a very natural look after applied and it goes well with any foundation.,1
Q09,foundation for oily skin,skin type,10355,Won’t travel without these,5,"Tried the littles pack and saw a difference in my skin in about 2 weeks. Completion was brighter, more refined and pores were non-existent. I don’t wear foundation but just a sun screen primer and this duo is great. Gentle exfoliation, great hydration and smoother skin. I have struggled with dry patches and oily t-zone but this combo works on both!",1
Q09,foundation for oily skin,skin type,30643,The product is very good.,3,"When I received the product, the foundation was very dry, had to put moisturizer cream in order to use.",1
Q09,foundation for oily skin,skin type,25804,No foundation needed,5,I love this product.  I no longer need to wear foundation and wear this as a tinted moisturizer.  It makes my skin glow all day and smells great.,1
Q09,foundation for oily skin,skin type,3563,The best foundation ever,5,"The best foundation ever. Its gel-like base makes its texture very smooth & soft. & the 80% water in it, makes its application soooo easy & nice. But the color was too light for my complexion. Im fair but this was too light.",1
Q09,foundation for oily skin,skin type,3746,Holy grail,5,"My holy grail foundation, I have normal skin and I always find myself going back to this! Great coverage - it's a primer, concealer and foundation that dries to a powder",1
Q09,foundation for oily skin,skin type,13345,Holy grail item,5,"Amazing product, I’ve tried every foundation out there and with a brush and powder this is the best thing I have found.",1
Q09,foundation for oily skin,skin type,16054,It works as advertised!,5,I love bare minerals! I have since it first came out. It's not oily like liquid foundation. It doesn't come off until you take it off. & it looks amazing.,1
Q10,sunscreen without white residue,product feature,8723,Four Stars,4,Fresh smell but seems to leave a white residue.,1
Q10,sunscreen without white residue,product feature,31467,Not what it seems,2,It leaves your hair dry looking & leaves a white residue.,1
Q10,sunscreen without white residue,product feature,2632,Love it!,5,"I love it, doesn't leave white residue! The price is good for two products.",1
Q10,sunscreen without white residue,product feature,12999,but its great to use on myself too,5,"I use this sunscreen not only for my baby, but its great to use on myself too. It;s just as efficient as regular sunscreen, but without the chemicals.",1
Q10,sunscreen without white residue,product feature,9942,Great morning SPF; OK moisturizer,3,I really like this. It protects my skin and has a lighter sunscreen smell than most. It may leave behind a little white residue but it disappears within 5-10 minutes for me once it soaks in. I do have dryer skin and use an additional moisturizer under it every other day (every day in the winter) because it is not hydrating enough for me.,2
Q10,sunscreen without white residue,product feature,20373,Great Buy!,5,Very light scent and pleasing. Feel clean without any residue. Very happy! Love HASK products!,0
Q10,sunscreen without white residue,product feature,18386,Waste of money,1,Worthless not as described. Wax type more than a gel leaves white residue on hair does not hold and will smudge instead of firm hold.,1
Q10,sunscreen without white residue,product feature,16420,Effective. Best body moisturizer I've used,5,Loved how effectively it moisturizes without an oily residue. The scent is calming and not overwhelmingly potent.,0
Q10,sunscreen without white residue,product feature,15732,"Unique Gel Sunscreen, Works Well",5,"I love this sunscreen. I used to never wear sunscreen but I finally decided to start wearing it daily and I wanted something that wouldn't rub off on clothes, cars, and furniture, so I found this and it is perfect. It never leaves my skin oily, it doesn't have white cast (white tint on skin) and is super light weight. It's like an aloe gel with sunscreen.  So far it hasn't hurt my eyes or skin, but it does have alcohol as an ingredient.  Very unique product which works great!<br /><br />Hope you found this review helpful!",2
Q10,sunscreen without white residue,product feature,18435,Great sunscreen,5,"So far I really like this sunscreen. I have sensitive, acne prone skin and this has not irritated me yet. I like that it is natural zinc based protection, without a long list of added chemicals. While all zinc based products leave some white cast on the skin, it’s minimal with this one. Also wears well under makeup. 👍🏻",2
Q10,sunscreen without white residue,product feature,15984,Not for curly hair...,2,It leaves a white residue. I have curly hair so brushing it out isn't really an option. It's smells nice...but I expected more for the price.,1
Q10,sunscreen without white residue,product feature,8279,Love this product,5,"Love this product. It's contains sunscreen to protect my face from the UV rays and gives my face the look of being sun kissed, without looking fake.",1
Q10,sunscreen without white residue,product feature,4468,"Good sunscreen, poor packaging",4,"I bought this sunscreen because it received high marks from the Environmental Working Group for safety and effectiveness. I have no complaints about the sunscreen itself. The only down side is the packaging: The sunscreen is very thick, and because of the shape of the bottle, it's impossible to get at about the last 25 percent without cutting the bottle open with a knife. It would be nice to see different packaging.",1
Q10,sunscreen without white residue,product feature,29530,My Favorite Sunscreen,5,"Ocean Poyion sunscreen is my favorite sunscreen.  Nice fresh smell and lasts a long time, too.",1
Q10,sunscreen without white residue,product feature,14544,"No white cast, moisturizing",5,"Since I’m a POC and, I struggle to find a sunscreen that does not leave a white cast. I’m glad I found this holy grail. Also I have an acne prone skin and it didn’t break me out!",2
Q10,sunscreen without white residue,product feature,17679,Light and dewy,5,I love this product! My skin looks and feels dewy and moisturized without heavy buildup. It’s great underneath my day cream with sunscreen. It goes on smooth and absorbs well.,2
Q10,sunscreen without white residue,product feature,18701,Keeps color treated hair from sun damage or discoloring,5,Best sunscreen ever especially for color treated hair. My hairdresser recommended it and I don’t go in the sun without it now- my color stays perfect if I use this product.,1
Q10,sunscreen without white residue,product feature,1754,Keeps my teeth brite,5,"I use 5 days out of the week without discomfort. Keeps my teeth white even though I  drink coffee, tea and red wine.",0
Q10,sunscreen without white residue,product feature,37691,"The hole always gets clogged with the sunscreen, which ...",3,"The hole always gets clogged with the sunscreen, which makes it very inconvenient to travel with and have a reliable source of sunscreen.",1
Q10,sunscreen without white residue,product feature,19734,Face feels great,5,Had dry skin around face causing ash fall. Started using this and now my face feels smooth and no flakes. Worked great.<br /><br />No strong odors and no white residue forming over time so definitely well worth using the product.,1
Q10,sunscreen without white residue,product feature,22940,I love this sunscreen,5,"One of my favorite sunscreens seems to be mostly discontinued, and so many are so pricey for such little product it gets frustrating trying to find a solid sunscreen. This goes on amazingly, is allegedly sweat/water proof (I did exercise in it, and when I showered later I still had to wash a lot of product off, but I cannot verify that it still functions as sunscreen after sweating), has very little white cast on ivory skin, and the amount you get for the price can't really be beat.<br /><br />If you're searching for a sunscreen that doesn't leave you dewy for a great price, you should definitely try this one out. I'm going to try the gold one next!",2
Q10,sunscreen without white residue,product feature,35929,Sticky residue,1,Glues on these left sticky residue on my cheeks. They were very difficult to remove. I would not recommend these to anyone.,0
Q10,sunscreen without white residue,product feature,21722,Excellent sunscreen,5,"Great skin protection and doesn’t feel oily! Happy with the update to the sunscreen line from Every Man Jack. Also, safe for oceans and reefs!",1
Q10,sunscreen without white residue,product feature,23178,Lighter than regular sunscreen,4,I thought this would be more moisturizing but I had to mix it with my moisturizer. It felt more like the sunscreen than a moisturizer. I still like the product as a sunscreen but I was looking for a nice water moisturizer.,0
Q10,sunscreen without white residue,product feature,2458,Leaves sticky residue,2,Adhesive leaves a sticky residue on the skin. Purchased these to prevent shadow from falling under the eye during application. Form to the area very well but adhesive is very sticky and hard on such thin skin. Also feel like I need to wash my face again after removal due to the residue.,0
Q10,sunscreen without white residue,product feature,2620,The white powdery bottom,3,"The foundation is too white. It doesn't really suit me. The skin is not very white, buy carefully.",0
Q10,sunscreen without white residue,product feature,23016,Effective sunscreen offering broad spectrum protection,4,"This is a high quality 30 spf sunscreen that protects against UVA and UVB rays. It applies easily and offers good coverage, is effective, doesn't leave white residue, has fewer harmful ingredients than most sunscreens on the market, and has a pleasing subtle smell. It is important to note that this product is not waterproof and needs to be applied every two hours. I received a sample of this product at no cost to test and provide my candid and unbiased feedback. This sunblock is great, but it's fairly expensive for the amount you receive, especially because it needs to be applied often, which is the reason I'm giving it four stars instead of five.",2
Q10,sunscreen without white residue,product feature,21350,White bronzer,5,I like that it’s white so no ugly stains on my skin,0
Q10,sunscreen without white residue,product feature,736,works for what I needed,5,"I watch a boy and take him to the park, his sunscreen always leaves white smears on and in my new black car, this sun lotion is clear so that won't happen anymore and it's 50 SPF so he is well protected. It smells great too. yum.",2
Q10,sunscreen without white residue,product feature,36822,DO NOT GET IT ON ANY FABRIC INCLUDING BATHING SUITS,1,"This sunscreen ruined 3 bathing suits.  It took the paint off some beads on two of my kids' Land's End suits and it made my suit look like it has thin spots.  Totally ruined all 3 suits.  It does leave a sticky, white film as the other reviewer stated.  I thought my skin was peeling until I washed my hands.  Stick with the lower SPF.  This has some undesirable ingredient.  DO NOT GET IT ON ANY FABRIC INCLUDING BATHING SUITS.",1
Q10,sunscreen without white residue,product feature,21602,Not greasy!,5,First sunscreen I’ve tried that’s not heavy or greasy! Would recommend.,1
Q10,sunscreen without white residue,product feature,25210,"Smells good, non-greasy",5,"Our favorite sunscreen, which we couldn't find at stores this year!",1
Q10,sunscreen without white residue,product feature,23173,Awesome natural tinted moisturizer,5,I recieved this product on discount and I have to say that I love it.  It doesn't have a strong smell and doesn't leave my skin with a white residue because it's tinted!  I love the fact that it's natural vs the other sunscreens that I worry about.  I highly recommend it and will be repurchasing when I'm finished.,0
Q10,sunscreen without white residue,product feature,24904,Terrible product,1,"I borrowed a friend's sunscreen for my face and shoulders because I could not open the packet of Sunx30. When I finally opened it, my husband applied it to his face, and I applied it to my neck and front. The places where we used Sunx30 got terribly burned, the rest of our bodies were fine! I've now thrown out the rest of the packets.",1
Q10,sunscreen without white residue,product feature,4272,The best lightweight SPF 50 sunscreen,5,"This is my favorite sunscreen... I use it on my body because it's SPF 50, not greasy, and has great coverage. It doesn't leave a film when dry.  The other drugstore brands are too heavy and greasy for my liking.  During the summer it's a must have living in Hawaii.",1
Q10,sunscreen without white residue,product feature,13729,Works well but not a lot of product,4,"I bought this from a recommendation from a friend and this sunscreen is one of the best I’ve ever used. The texture is super silky and it lays nicely, I don’t wear makeup so I am not sure if it piles. It leaves no white cast and does not feeling heavy on the skin at all. The scent smells fresh and not much of honey but it is rather fragrant. I just wish that there was more product considering that it’s $13",2
Q10,sunscreen without white residue,product feature,35767,"Good idea, but....",1,"3 different brands of sunscreen I have had the same spray and none could be removed to add this sprayer.<br />Needless to say, can't say if it works.  Even my deodorant spray had the same spray nossle.",1
Q10,sunscreen without white residue,product feature,21895,Goes into skin well,4,"I like this product, although I wish it had a higher SPF than 8. I thought it absorbed easily and didn't leave a white pasty look like some of my other screens with zinc. Love the squeeze bottle. If you are familiar with zinc type suncreens, I think you will like how this absorbs into the skin quickly and with very little rubbing. Zinc offers great protection from the sun's harmful rays.<br /><br />Not sure about the controversial ingredient titanium dioxide though. There is research out there, but I still don't know about the safety long term. I wish it had a better scent. I like Badger's scent of tangerine and vanilla, but I like Mexitan's because you don't have a pasty appearance after us",1
Q10,sunscreen without white residue,product feature,38682,This sunscreen is amazing!! My daughter had sensitive skin and this ...,4,This sunscreen is amazing!! My daughter had sensitive skin and this does not hurt her skin. It's also very moisturizing and goes on clear with absolutely no white film!! 4 stars because it's expensive. Paid around $19 for a small bottle but I'll prob order it again.,2
Q10,sunscreen without white residue,product feature,35456,Still Waiting for Results,1,I have been using this product on a sunspot for more than a month now and it hasn't even disapeared a little!,0
Q10,sunscreen without white residue,product feature,12211,"Looks like Hershey's syrup, feels like elmers glue.",2,"I have tried all kinds of sunless tanners, and this is one of my least favorites. The color was pretty when I could get it to apply smoothly. But for the most part, it went on like elmers glue. I couldn't get it to rub in. It would clump up on my skin, and I had to get a towel to get it all off. I tried it several times, and each time I had the same outcome. I ended up giving it away.",0
Q10,sunscreen without white residue,product feature,35803,Great product!,5,I seriously love this product. I am always shopping for the perfect skincare items and this is one I will keep around. It makes my skin super soft and gives it a youthful glow. I have sensitive skin and it is not irritating at all. I would recommend wearing sunscreen after you use it because it can make your skin more sensitive to the sun.,1
Q11,concealer for dark under eye circles,skin concern,42986,Five Stars,5,great for dark under eye circles!,1
Q11,concealer for dark under eye circles,skin concern,35930,Five Stars,5,Love the coverage for my under eye circles,1
Q11,concealer for dark under eye circles,skin concern,23511,I keep rebuying,4,Works well for color correcting dark circles just add concealer on top of it. It’s thick and pigmented.,2
Q11,concealer for dark under eye circles,skin concern,5499,Five Stars,5,I love this stuff!  It covers up all my dark spots and dark circles under my eyes!,1
Q11,concealer for dark under eye circles,skin concern,11484,Good amount of coverage,4,"I have really bad under eye pigmentation. If I don't wear this product, my students often say I look tired. I can't say that it completely cover my dark circles but it does enough to feel confident enough to just wear concealer to work. I would say this is by far the best concelear out there.",2
Q11,concealer for dark under eye circles,skin concern,39599,Great for oil absorption AND keeping makeup stable,5,I have a problem getting concealer to stay under my eyes and I can't use setting spray because it makes my eyelids have eczema.<br /><br />This powder is a gift! I can dust it under my eyes after putting on concealer and BB cream and the dark circles stay concealed for an entire workday. What an improvement! And no allergic reaction.<br /><br />Love it.,2
Q11,concealer for dark under eye circles,skin concern,22958,Cooling,5,"I love this eye gel, I've been buying it for several years.  It is sheer cooling and relieves the under eye bags and circles.",0
Q11,concealer for dark under eye circles,skin concern,10499,Amazing!!!,5,"Best concealer for dark circles and dark spots, by far. I have skin ruined by the sun and this helps my skin look flawless. If Kat Von D quits making it, I'm in big trouble!",2
Q11,concealer for dark under eye circles,skin concern,17514,Eye treatment,4,"This anti aging treatment eye cream is good, it makes my skin smooth and the under eye patch makes my dark circle under eye dissappear.",0
Q11,concealer for dark under eye circles,skin concern,6427,Love the roller applicator,4,"(Reviewed by my wife): I love the roller applicator of this under eye treatment.  It makes applying the product very easy and helps avoid wasting product.  The eye treatment smells great and goes on smooth.  It moisturizes well and leaves a little shine, reducing the appearance of dark circles and lines.  It is not a miracle product, however, and it does not get rid of really dark circles like the ones I have around my eyes.",1
Q11,concealer for dark under eye circles,skin concern,34327,"Lightweight, natural look coverage for dark citcles, a must have!",5,"Never used concealer or foundation before. Now at 48, I got dark circles around my eyes. I was looking for a concealer that would blend with my skin without having to adopt any foundation at all. This concealer gets the perfect job done with a natural coverage look. I am definitely buying it again!",2
Q11,concealer for dark under eye circles,skin concern,42555,Really Freat!!,5,I love it. I have really bad dark circles under my eyes. This covers very well and blends well with my foundation.,0
Q11,concealer for dark under eye circles,skin concern,24799,Good concealer,5,"Great concealer. I have really dark circle and it definitely brightens the area. It doesn't fully cover the darkness, but with the brightener, it does make them less noticeable. I am still searching for the coverage for dark circles,  as well as the brightener, all in one package.",2
Q11,concealer for dark under eye circles,skin concern,6337,A Beauty Product That I Like.,5,"This is my little piece of heaven!<br /><br />Puffy eyes and having big eye bags has always been a beauty problem of mine.  Even if I get enough sleep every day, I still manage to acquire dark and unsightly dark circles under my eyes.<br /><br />That is why I am very thankful to this product.<br /><br />This under eye and eyelid gel patch that's made from natural collagen is effective in eliminating these problems for me.  I guarantee its efficiency, safety and affordability.",1
Q11,concealer for dark under eye circles,skin concern,21588,This concealer is perfect for my under eye bags as it goes on ...,5,This concealer is perfect for my under eye bags as it goes on smoothly & even brightens my eyes by applying underneath my bottom lashes. I love it.,2
Q11,concealer for dark under eye circles,skin concern,24395,Works,5,Really works to cut the reddness and its super portable throw it in your purse for a quick fix great for under eye circles and its so easy to use,1
Q11,concealer for dark under eye circles,skin concern,15344,Excellent!,5,"Boy, this really improved my dark circles.",1
Q11,concealer for dark under eye circles,skin concern,34415,Not the original formula.,1,"The original product was the only cream that actually worked on my dark under eye circles. I see they have brought the price down to nearly nothing, it should be free. I paid $50 on the one I purchased awhile back, they basically sold me a moisturizer that doesn't moisturize well.",0
Q11,concealer for dark under eye circles,skin concern,16426,Redhead Magic,5,"Red-haired, fair-skinned, late 30s and this made my under-eye circles vanish. I don't even need to wear foundation some days.<br /><br />I love this product!",0
Q11,concealer for dark under eye circles,skin concern,10226,Magic in a little tube,5,Well magic in the little tube it really covers up a little dark spots on my hands and the circles under my eyes or I would say 90% better.<br />Must buy!!!,0
Q11,concealer for dark under eye circles,skin concern,24168,Worth the price for under eye dark circles,5,I have tried many eye concealers ....and this by far ...is my favorite! I had been searching for something to help my dark circles and nothing seemed to work...and this did the trick. This is not dry or cakey like some consealers. It actually helps smooth and blend under eye dark areas and is very creamy and smooth. I will definitely be buying this again and again. I also used the PUR translucent powder and with both in combination... gives you a flawless finish!,1
Q11,concealer for dark under eye circles,skin concern,43132,Love love love dark circles diminished while eye patch hydrates ...,1,1st order: I Love love love product dark circles diminished while eye patch hydrates & cools. BUT 2nd & 3rd order packaging slightly off from 1st order AND hell pads would not adhere to skin. Very Disappointed.,1
Q11,concealer for dark under eye circles,skin concern,6281,No dark circles,5,"I like the effect of this on my entire face, but it also got rid of my dark circles. This was a nice bonus with the purchase.",1
Q11,concealer for dark under eye circles,skin concern,37023,"Great under eye cover, but messy tube",4,"I love this long lasting under eye cover - goes on smooth and doesn't accentuate fine lines under my eyes. It also does a great job covering up the dark circles under my eyes that are there no matter how much sleep I've had the night before. The only thing I wish they would change is the way the product leaks out around the top of the tube when you pull the applicator brush out.  It is super messy and I have to wipe it off constantly and it is such a waste of product.  If the manufacturer would fix that issue, this would be the perfect under eye cover!",1
Q11,concealer for dark under eye circles,skin concern,18078,Dark circles are gone,5,"I love everything about this eye cream. It absorbs quickly and it helps with my dark circles under my eyes (which tend to be very dark). I've noticed that it has helped improve the appearance of (the few) fine lines under my eyes. Being only 19, I'm not using as much as wrinkle reducer as I am using it to prevent future wrinkles, but I love the way the product feels and smells and I especially love that the product is in a pump bottle so the active ingredients don't break down due to exposure to oxygen as well as bacteria from putting your fingers in the product! Also I have very sensitive skin and acne prone skin and I haven't had any problems with it clogging my pores or irritating my skin",0
Q11,concealer for dark under eye circles,skin concern,8751,Love This Concealer,5,"I've always liked this product. Sorry it's discontinued. It works well in concealing the dark circles under your eyes and other facial blemishes, without being oily.  And it doesn't dry and cake up.  It does what it is supposed to do. Will purchase it again.",2
Q11,concealer for dark under eye circles,skin concern,32608,Five Stars,5,I love this concealer. It works really well under eyes with a powder on top.,1
Q11,concealer for dark under eye circles,skin concern,36854,Three Stars,3,This is a good dark undereye concealor but not awesome.  Will use this up but don't plan to repurchase.,1
Q11,concealer for dark under eye circles,skin concern,16751,Really works,5,Saw this on a makeup youtube video and thought I'd give it a try. I have very apparent blue circles under my eyes and this really helped cover them.  Used in conjunction with a fair concealer overtop. Did the trick!  Happy with purchase.,1
Q11,concealer for dark under eye circles,skin concern,31495,Keeps eye shadow in place,5,My absolute favorite concealer! I use it on my eyelids after I put on my shadow primer. It helps my shadow stay put ALL day.,1
Q11,concealer for dark under eye circles,skin concern,40220,Amazing product,5,Had never used a concealer before. Great product.,1
Q11,concealer for dark under eye circles,skin concern,22950,Excellent coverage,5,I used this as a concealer.  Works great,1
Q11,concealer for dark under eye circles,skin concern,8560,IN JUST DAYS!,5,"I am 59 years old and have battled dark eye circles since my 20's.  I have always been so thankful for good concealers. However over the last 10 years, 1 quadruple bypass and a 2nd heart attack, for some reason the circles just don't go away. Until NOW!!  LITERALLY, by the 3rd day lighter areas were starting to show. It has been a week now, and those lighter areas are larger. There is now a light at the end of the dark, so to speak! I wish so badly I had taken a before pic. Then, following with progressive pics so all of you could see the difference. At best, I had hoped for even a slight difference. Now, it looks to be a transformation!!  Anyone considering this, I hope, you have the same a",1
Q11,concealer for dark under eye circles,skin concern,9186,Probably the best concealer that I have used,5,"Probably the best concealer that I have used. Makeup Forever's waterproof concealer was my holy grail, but I do prefer the illuminating aspect of this one. It is very high coverage and build able. A little goes a long way. I will purchase this again.",1
Q11,concealer for dark under eye circles,skin concern,10108,Hides any and all imperfections!,5,I love this concealer! I use it for when I break out really bad because it is highly pigmented!,1
Q11,concealer for dark under eye circles,skin concern,18697,Favorite concealer,5,"This is my favorite concealer and way more than I would usually spend on a concealer, but Benefit no longer makes it, so I had to snatch it up. Thank you!",1
Q11,concealer for dark under eye circles,skin concern,10234,This stuff is amazing,5,My 19 yr old daughter has horrible dark circles under her eyes. I finally got tired of being ignored giving her advice on how to make them go away and found this product. After only a few uses her eyes look so much better.,1
Q12,gentle face wash for acne prone skin,skin concern,38129,Five Stars,5,"I have dry, acne prone skin. This really helped my skin. I will reorder.",1
Q12,gentle face wash for acne prone skin,skin concern,27873,Purpose is the only product that will keep your skin feeling moist & not too dry.,5,I’ve been using Purpose Gentle Cleansing Wash for my face for many years because it is for all skin types; I have dry skin & it leaves my skin silky smooth & wrinkle free.,1
Q12,gentle face wash for acne prone skin,skin concern,80,Love it,5,"Super cute and it works! My face felt soft and smooth the next morning and dark spots and blemishes were noticeable lighter. I have oily, sensitive, acne prone skin this actually seems to improve it.",1
Q12,gentle face wash for acne prone skin,skin concern,42658,was skeptical but very easy to use and it works!,5,"i have oily, acne prone skin and big pores. used this for five minutes after a shower and it worked like a charm!",1
Q12,gentle face wash for acne prone skin,skin concern,21988,many different k-beauty moisturizers supposedly for acne-prone skin and this one is the best. Most moisturizers for oily skin le,5,"I have oily and acne-prone skin. I tried many, many different k-beauty moisturizers supposedly for acne-prone skin and this one is the best. Most moisturizers for oily skin leave my cheeks too dry in the winter or are too oily and cause breakouts. My skin absorbs this one. Nice semi-matte finish. No breakouts. Just your smooth, hydrated skin. The tub is on the expensive side but you get a generous amount.",1
Q12,gentle face wash for acne prone skin,skin concern,42781,So refreshing,5,A very cooling and refreshing mask. He really enjoyed using it. Super beneficial and excited to see how it will work for his acne prone skin.,1
Q12,gentle face wash for acne prone skin,skin concern,11185,Love this product,5,I love this face wash but it’s not for me I need a face wash for oily skin this was a great face wash to moisturize the skin but not to stop the oily skin,1
Q12,gentle face wash for acne prone skin,skin concern,34595,Awesome wash!,5,I was really skeptical about using an oil wash on my already oily and acne prone face but this is really awesome. It’s super moisturizing but doesn’t make me break out. It completely removes all my make-up. Be sure to read the directions—you don’t wet your face or hands first.,1
Q12,gentle face wash for acne prone skin,skin concern,5973,Better than real techniques!,5,I was worried for the price that they would smell chemically or irritate the skin— they don’t! I have very sensitive skin and acne prone and the sponges are soft and work perfectly!,1
Q12,gentle face wash for acne prone skin,skin concern,9225,I love this serum,5,I bought it for the second time. I love this serum. My skin is really acne prone. Seems like when I use it I don't get any pimples and my acne spots getting lighter. And I think my wrinkles slowly dissapearing.,0
Q12,gentle face wash for acne prone skin,skin concern,16779,Good for sensitive and ance prone skin.,4,"I have very sensitive and breakout skin. This cleanser keeps my facial skin hydrated, unlike other brands. I would recommend if you have these following skin conditions- Sensitive, Acne-prone, and Combination of oily and dry skin.",1
Q12,gentle face wash for acne prone skin,skin concern,33069,"Tiny, red, itchy bumps after 5 days of use.",1,"I got tiny, red, itchy bumps all over my cheeks after 5 days of using this. And I do not have sensitive skin at all. I have very oily, acne prone skin.",1
Q12,gentle face wash for acne prone skin,skin concern,25267,I have been searching for a cleanser like this forever and have tried many other non-toxic products ...,5,This stuff is magical! I have combo sensitive acne prone skin and this stuff has cleared up my face dramatically! I have been searching for a cleanser like this forever and have tried many other non-toxic products without these awesome results. My only complaint is that while it doesn't make me feel dry after washing it doesn't help the dry areas of my face. Other than that I would highly recommend it to someone with combo skin and acne.,1
Q12,gentle face wash for acne prone skin,skin concern,3925,I really love this cream,5,"I really love this cream. I have super sensitive skin and acne prone skin. This stuff hasn't done much for my wrinkles yet, but it is very creamy and like velvet. It has improved my skins texture.",1
Q12,gentle face wash for acne prone skin,skin concern,34017,This stuff really works!,5,"I read about the demodex follicle mites and how they affect your skin, especially those like myself with acne-prone skin. Already after a couple of uses I see the results, my skin is baby smooth this stuff really works!",1
Q12,gentle face wash for acne prone skin,skin concern,26836,We like them,5,We use them for everything.<br />They are gentle enough for your face and your sensitive skin.,1
Q12,gentle face wash for acne prone skin,skin concern,41717,Great for hypersensitive skin.,5,I have hypersensitive skin and love this face cleanser. Super gentle yet effective.,1
Q12,gentle face wash for acne prone skin,skin concern,9132,Get this product!,5,This product worked really well on my post-acne scar. It was like magic within two weeks of using it. It is very gentle on sensitive skin.,1
Q12,gentle face wash for acne prone skin,skin concern,10160,Smells great too.,5,"Want a high quality product that can wash your entire skull: beard, face, AND hair? Look no further, the Rugged Bro's deliver once again. High quality ingredients means it's gentle on your skin. Smells great too.",1
Q12,gentle face wash for acne prone skin,skin concern,20279,Great  for Acne Prone Skin and Hyperpigmentation!!!!!,5,"I have been using this soap as a nightly cleanser since September 2019 and it has total cleared my acne, dark acne marks, and keeps me from getting new pimples. I am reordering this soap this week and have not had to use any other facial soaps to control my acne prone skin. I love it and will continue to use this soap!!!🤗🤗",0
Q12,gentle face wash for acne prone skin,skin concern,6265,Holy Grail Product for Dry or Acne-Prone Skin,5,"I have dry, acne-prone skin and I wear a full face of makeup daily. When I say this is a holy grail product for me, I'm not exaggerating. This is one of the only cleansers I've used that doesn't give me painful breakouts or allergies. It's not harsh, and has a light fragrance that isn't bothersome at all. I love it, and I highly recommend this product.",1
Q12,gentle face wash for acne prone skin,skin concern,7035,Not the best for mature acne prone skin,4,"This has terrific ingredients but personally I found it harsh and irritating; not the best option for older adults prone to the sporadic flair-up of acne. Fragrance, consistency and overall ingredient list are fine but the irritation lingers long after use.",1
Q12,gentle face wash for acne prone skin,skin concern,13776,Great product. Effective and great for sensitive skin prone ...,5,Great product.  Effective and great for sensitive skin prone to rashes and itching.,0
Q12,gentle face wash for acne prone skin,skin concern,31259,Face Toner,5,"best acne control product, i've ever purchased...I hate that U.S. with all there bad products is being difficult with the distribution of the miracle worker...I had horrible acne and within a month it was gone...nothing I mean nothing worked now frustrated because this product is not accessible easily...LOVE, LOVE, LOVE this product...if you have oily skin or acne prone school go no further",0
Q12,gentle face wash for acne prone skin,skin concern,17559,Good for sensitive combination skin,4,"Good face wash. It removes the oil without drying out your skin. I have fair sensitive combination skin that gets small tiny white head pimples with changes in weather or any irritants in the air. I use this in the shower followed by a light moisturizer for sensitive skin (Neutrogena sensitive skin moisturizer) and it helps with the acne. It does irritate your eyes though more than other face washes I've used, so make sure you wash well around yours eyes and eyelids (only reason I gave 4 stars), as far as clearing the skin it is 5 stars.",1
Q12,gentle face wash for acne prone skin,skin concern,23302,The only face wash I have used for over 20 years,5,"Purpose face wash is my go to twice a day every day for over 20 years now it is tried and true and trusted it is so gentle and effective your kids can use it this is perfect literally for everybody in your household no matter what your skin type is make sure you wash your face twice a day no matter what and at each time make sure you wash it twice first so you can remove your make up and dirt and grime and then so you can actually cleanse make sure you always follow up with a moisturizer that suits your skin needs, purpose is the best!",1
Q12,gentle face wash for acne prone skin,skin concern,30182,love it!,5,this face scrub IS my face wash. love it! buy two so you don't run out.,0
Q12,gentle face wash for acne prone skin,skin concern,33114,love this stuff,5,Cleans your face without feeling tight and dry,0
Q12,gentle face wash for acne prone skin,skin concern,39069,Very nice !!,5,This might be my new favorite face wash !  Lots of nice creamy lather. Pleasant mild scent. Leaves me face feeling clean and tingly.,1
Q12,gentle face wash for acne prone skin,skin concern,5951,Five Stars,5,Love this cleanser gentle but still makes your face feel clean and smooth!,1
Q12,gentle face wash for acne prone skin,skin concern,25793,Everything I was looking for!,5,"I have searched many face washes in every price bracket, and this is the first to satisfy my every need. I used to have very oily skin, now I'd say it's more combination. I needed a face wash that would deep clean at night, but not dry my skin out. Many of the face cleansers I've tried in the past- even many mild, basic ones- would still leave my face feeling tight after I washed- meaning it was drying out my skin, and I felt forced to use a moisturizer to keep it from getting too dry, chapped, or cracked. But the moisturizers always left me acne prone. UGH! A horrid cycle. This is the first face wash I've found that lathers up very nice, leaves my skin feeling fresh, and clean- not tight fo",2
Q12,gentle face wash for acne prone skin,skin concern,41332,Five Stars,5,Perfect for washing your face.,0
Q12,gentle face wash for acne prone skin,skin concern,18553,Expensive but lovely,5,Was looking for a good set of daily face washing towels that were gentle + effective for sensitive skin. These were pricey but they feel and work amazing for what I need.,1
Q12,gentle face wash for acne prone skin,skin concern,33473,Clean skin,5,Finally have something to clean my face! Very gentle on skin and effective. Love that it comes with multiple attachments!,1
Q12,gentle face wash for acne prone skin,skin concern,363,A Great Way To Start the Day! 🍊💦,5,"This face wash provides an invigorating sense of clean with a burst of fresh citrus zing! I love that it contains aloe vera, vitamin C, rose hip oil, and lemon and orange peels! 🍋 It goes on smoothly, rinses off easily, and seems to have an ideal consistency. I have gladly added this vegan product to my daily skincare regimen, and I’d order it again without hesitation. It provides smoothing, hydrating, radiant results and it smells incredibly delightful!",1
Q12,gentle face wash for acne prone skin,skin concern,26227,Great gentle cleanser,5,This cleanser is so good. It is gentle on the clean but also make my face feel clean and well hydrated.,1
Q12,gentle face wash for acne prone skin,skin concern,35526,It is not drying on my face and feels good on my skin,5,I am currently on my third reorder of this lovely face wash. It is not drying on my face and feels good on my skin!,1
Q12,gentle face wash for acne prone skin,skin concern,23775,Great even if you have sensitive skin.,5,"I have thoroughly enjoyed this body wash so far. First I have to point out how I have such sensitive acne prone skin and I can’t usually use a body wash that’s scented because it irritates my skin. Well, this was not the case with this body wash. It’s all natural ingredients are made to know irritate the skin and I’m extremely grateful for that so that I can enjoy a body wash like this. If you like the way eucalyptus and or peppermint smells then you’ll love the way this body wash smells. I’m always drawn to peppermint scents and I really fell in love with this one. Not only does this body wash pull all the toxins from your skin so it leaves you feeling extra clean, but it also leaves you fe",1
Q13,conditioner for damaged hair,hair concern,37734,Love it!,5,"I love this shampoo and conditioner, my hair feels soft and silky after and I feel better using the protection spray knowing my hair won't be as damaged from blow drying.",0
Q13,conditioner for damaged hair,hair concern,1177,Great cream lightener/bleach,5,"Love this lightener, especially for dry and damaged hair. Works great!!",1
Q13,conditioner for damaged hair,hair concern,7251,Recommend 100%,5,Excellent for DIY hair conditioner,1
Q13,conditioner for damaged hair,hair concern,40075,The best product for difficult hairs,5,My hair is very damaged and this product restores all my hair,0
Q13,conditioner for damaged hair,hair concern,41049,Five Stars,5,"Excellent, if you have severe damaged hair, this is the right product for you",1
Q13,conditioner for damaged hair,hair concern,32729,Damaged,1,Product delivered damaged and taped as though it shipped damaged.,0
Q13,conditioner for damaged hair,hair concern,29933,Five Stars,5,Love it. My hair was heavily damaged and the results are amazing,0
Q13,conditioner for damaged hair,hair concern,8699,Not greasy,4,Used this to help with damaged hair. went on without being too greasy.,1
Q13,conditioner for damaged hair,hair concern,40893,Great for dry and damaged hair,5,This cream smells very good. Takes out the frizz in my hair and leaves it softer. Excellent product for dry and damaged hair,1
Q13,conditioner for damaged hair,hair concern,30229,a good conditioner for average hair,5,"It is as expected, a good conditioner for average hair.",1
Q13,conditioner for damaged hair,hair concern,2569,Five Stars,5,I love this product for my daughters hair. This conditioner makes her hair manageable!,1
Q13,conditioner for damaged hair,hair concern,2386,"soft, healthy hair, highly recommend",5,"This shampoo together with LUX BIO FUSION conditioner are great products. Both of they not only have very pleased smell, but also repair damage and aged hair. After using they for several months, damaged and dry hair were recovered with elasticity and healthy, becoming soft , strengthen and shining again.  The scalp also feel fresh and cool after using them The remediation effectiveness is enhanced when applying Damage Defense Vital Repair Treatment from the same brand. after using conditioner. I've ordered another set recently. Highly recommend LUX BIO FUSION products.",0
Q13,conditioner for damaged hair,hair concern,8655,VERY disappointed,1,Completely disappointed. Came in damaged so the product itself was damaged as well. Very disappointed.,0
Q13,conditioner for damaged hair,hair concern,39881,Five Stars,5,"Great stuff. It works well to condition damaged, color treated hair. Nice mild scent, too!",0
Q13,conditioner for damaged hair,hair concern,5214,Hair falls out,1,Hair fell out.  Worst conditioner ever,1
Q13,conditioner for damaged hair,hair concern,30798,Love this product,5,I’ve never had a purple conditioner before. This conditioner is perfect. Make my hair feel and look amazing.,1
Q13,conditioner for damaged hair,hair concern,13883,Shampoo & Conditioner not for fine hair!,2,"Ordered both shampoo & conditioner to try because of price & frizz. Conditioner didn’t do much. Just received & used shampoo - tossing! Hair limp, lifeless, flat & flyaway. May work for thicker hair, not on mine.",0
Q13,conditioner for damaged hair,hair concern,24667,Five Stars,5,Very mild for the hair. Hair fall has decreased using this combination of shampoo and conditioner,0
Q13,conditioner for damaged hair,hair concern,8443,Best Curly Hair Conditioner,5,"I love this conditioner, it is THE BEST for my curly hair!",1
Q13,conditioner for damaged hair,hair concern,32887,This shiz is da bomb.,5,The shampoo makes your hair feel like you put conditioner in it. The conditioner makes your hair feel like Jesus splooshed all over your scalp.<br />10/10,0
Q13,conditioner for damaged hair,hair concern,1231,Damaged,1,Returning product because it was damaged.,0
Q13,conditioner for damaged hair,hair concern,30748,Great hair cleaner & conditioner,5,I love Wen.  I had tried others & my hair was feeling very dry  & damaged.  I'm back now using the Fig & my hair is back to being great once again.,1
Q13,conditioner for damaged hair,hair concern,11513,Hands down the best conditioner for dry hair,5,"Hands down the best conditioner for dry hair, ever. My hair was out of control before I bought this product.",1
Q13,conditioner for damaged hair,hair concern,6957,Great conditioner for blonde,5,I have used this product for years.  I love it and it is a great conditioner for blonde hair.,1
Q13,conditioner for damaged hair,hair concern,3755,Drying conditioner,2,"The shampoo is so moisturizing, but the conditioner strip my hair of its natural oil. It made it extremely hard to detangled with this conditioner.",0
Q13,conditioner for damaged hair,hair concern,32313,Great conditioner,5,I’ve used this conditioner for years and love using it for adding body in my fine hair.,1
Q13,conditioner for damaged hair,hair concern,31986,Great Conditioner,5,"Great conditioner after coloring hair, does what is supposed to do",1
Q13,conditioner for damaged hair,hair concern,17877,Damaged Product,1,"Product came damaged. Plastic isn’t super thick, okay product.",0
Q13,conditioner for damaged hair,hair concern,649,Shampoo/Conditioner,5,I like the shampoo and conditioner - not crazy about the scent. But makes me hair soft and the clean lasts for a while.,0
Q13,conditioner for damaged hair,hair concern,19098,Damaged item,1,This product arrived damaged. There is not even an option to contact seller or returning the item. Horrible purchase.,0
Q13,conditioner for damaged hair,hair concern,37819,Amazing Hydrating Conditioner,5,"This is a GREAT conditioner!  It leaves my hair so soft and moist, I definitely recommend this product.",1
Q13,conditioner for damaged hair,hair concern,20547,Excellent results for my hair,5,I purchased both the shampoo and the conditioner.  Excellent results for my hair.  Leaves hair manageable and with a fresh citrus smell.  I will continue to re-order the Grapefruit shampoo and conditioner.  Products arrived well packaged and on time.,0
Q13,conditioner for damaged hair,hair concern,19950,Thicker fuller weightless conditioner,5,This conditioner is the best for thin flat hair. Only a small amount dry your hair and it has a thicker and fuller. Look and feel  Great !!!!,1
Q13,conditioner for damaged hair,hair concern,19274,Ihave lite textured hair which snarls easily and breaks during showering,5,Ihave lite textured hair which snarls easily and breaks during showering.  A small amount of this product resolved that issue. Secondly most conditioners leave a waxy feeling on my hair and it feels weighed down. This product is phenomenal and my hair feels free and under control. I will go to any extreme to find this project!,0
Q13,conditioner for damaged hair,hair concern,11675,Glides,5,I like that this product is easy to use and glides through kinky curly hair greatly. Works wonders when using with conditioner as well!,1
Q13,conditioner for damaged hair,hair concern,41800,This is some good stuff,5,Great conditioner I love the way it makes my hair feel healthy and shine.,1
Q13,conditioner for damaged hair,hair concern,11175,The tangling detangler.,1,"As with the shampoo I reviewed, I say the same about the conditioner. Although it may work for some people, the conditioner did not meet up to the standards I had hoped for and actually left my hair much more difficult to handle.",0
Q13,conditioner for damaged hair,hair concern,21971,Broken,1,I bought it hoping it would help me with damaged hair but it ended up falling out a lot,1
Q13,conditioner for damaged hair,hair concern,15320,Not so great.,2,"I'm almost done with this entire bottle of conditioner, but only because I don't want to throw away something I paid money for unless it's just terrible.  I didn't find that this conditioner kept the roots of my hair any cleaner, and while it did condition and detangle, I feel it also weighed my hair down.  The smell is nice, but I won't be buying this product again.",1
Q13,conditioner for damaged hair,hair concern,11132,"""Anti-Residue"" Sure, Buddy.",2,"Conditioner leaves a nasty residue/film on hair (so the exact opposite of what the label claims). The shampoo is okay. My partner likes it, but he has very thick/course hair.",1
Q13,conditioner for damaged hair,hair concern,24714,Much better than shampoo,5,Best hair product I’ve found in awhile! My hair is very dry and brittle. I use  this and it seems to cleanse without stripping. My hair feels softer and more full.I don’t even need a conditioner afterward,0
Q13,conditioner for damaged hair,hair concern,8445,Waste of money,1,"I am extremely disappointed with the conditioner. I’ve used other products from them that were great but this one was like washing my hair twice with shampoo.  Either there is a manufacturer issue that placed shampoo in the conditioner bottle or it’s just a really bad product. The conditioner even suds up a little like shampoo ( I even checked to make sure I didn’t grab the wrong bottle by rinsing my hair and reapplying the “conditioner”).  I hoped it would at least dry better but It left my hair dry, frizzy and my hair felt and looked like straw. In the end I had to rewet my hair and apply some real conditioner to try and fix my hair.",1
Q13,conditioner for damaged hair,hair concern,39503,Awesome,5,Best stuff ever. I have super fine hair and regular conditioner just weighs is down. So I use this just in the ends and it works great.,1
Q13,conditioner for damaged hair,hair concern,22208,Doesn't hold color well.,4,This conditioner for me is just ok. I'm happy to finish the bottle but it's not my favorite conditioner. My color bled alot using this and my hair felt just OK. Not super impressed.,1
Q14,curl defining cream without stiffness,hair type,26077,I absolutely love this product!!!,5,Curl Defining Cream is the only product I will ever use on my curly hair.  I few sprays of Jane Carter Leave in Conditioner and my Curl Defining Cream...done!,1
Q14,curl defining cream without stiffness,hair type,36334,Good hair oil,4,"Good stuff, if a little pricey. Will control without stiffness and smells great. Come down alittle on price and I'll buy  more",1
Q14,curl defining cream without stiffness,hair type,6296,Five Stars,5,Great for building upper and lower body strength when rehabilitation of an injury or defining muscle.,0
Q14,curl defining cream without stiffness,hair type,21357,it a good product..,5,Couldn't expand without the cream..,0
Q14,curl defining cream without stiffness,hair type,8937,would buy again,5,Just the right amount of stiffness that I wanted. Arrived on time,0
Q14,curl defining cream without stiffness,hair type,11526,Great comb,5,Fits well in your hand.  Bristles are medium stiffness.  Definitely would buy again!,0
Q14,curl defining cream without stiffness,hair type,19268,Too Stiff,3,I selected the wrong item.  Too much stiffness.  I actually wanted the regular puddy.,0
Q14,curl defining cream without stiffness,hair type,1303,Better than expected!,5,My wife loved it. More sturdy than some reviews suggest. A little WD40 eased the stiffness. No problems.,0
Q14,curl defining cream without stiffness,hair type,4069,They get the job done!,5,Have to find a happy medium of just enough barrier cream so they stay on without being TOO sticky.,0
Q14,curl defining cream without stiffness,hair type,984,"Poor quality, very stiff.  Spend the extra $$ and get a better brand",1,"Not happy with the stiffness and poor quality.  Threw these away and ordered the Oral-B ones, soooo much better.",0
Q14,curl defining cream without stiffness,hair type,36185,Great Curl Defining Cream for my 3c Hair Texture.,5,"I have been using this product religiously since 2011. I use it for wash and go, twist, smooth my edges etc.<br />It’s a good product that works well with my hair texture.<br /><br />My only dislike is that slightly off scent of it, but to correct that, I add a few drops of 2 of my favorite fragrance oil, and a little Essential Oil and everything is all good. It works, so I had to figure out a way to make it to my liking.<br /><br />I have tried other brands of defining curl cream, but none of them worked.<br /><br />Also I like that when I mix it with my DIY hair oil, and a other brand leave-in cream conditioner, it doesn’t leave a trace of flakiness.<br /><br />I also use it on my 8 year o",1
Q14,curl defining cream without stiffness,hair type,9024,Wipes,4,"Not bad wipes, but a little flimsy.  I like a little stiffness to my wipes so I can get in places accurately  (like right under your eye)",0
Q14,curl defining cream without stiffness,hair type,37143,Wonderful Product,5,"Great product I was introduced to by a massage therapist. The consistantcy and pleasant aroma is quite wonderful, and it reserves joint stiffness. Such a great find.",0
Q14,curl defining cream without stiffness,hair type,7801,Beautiful Style but Only last 3-4 days,2,"I Love this look.<br />It’s gorgeous.<br />However, because of the additional river curl, this style only last about 3-4 days. Curl tangled really Bad. Even with nighttime tie-up & satin cap. In order to keep this gorgeous look, I had to cut out the tangled mess and added human curl. I Only used a Very small amount of Human Hair, so the human hair pack should last a very long time.<br />I don’t think I will purchase this again because it’s priced too high for a “few days” Style.<br />Will likely purchase without the river curl and continue to add Human curl.",1
Q14,curl defining cream without stiffness,hair type,20882,Good result!,5,"This works for me and I will recommend this cream. This cream does not irritate my skin, it is easy to apply. For the best effect, I keep it for 10-12 minutes and it perfectly removes hair, leaving my skin smooth and without irritation, like other chemical creams!",0
Q14,curl defining cream without stiffness,hair type,6333,Quality priduct,5,I actually got this for my hound dog and he loves it. It takes all the under coat out and gives his outer coat a beautiful sheen. Perfect stiffness.,0
Q14,curl defining cream without stiffness,hair type,17679,Light and dewy,5,I love this product! My skin looks and feels dewy and moisturized without heavy buildup. It’s great underneath my day cream with sunscreen. It goes on smooth and absorbs well.,0
Q14,curl defining cream without stiffness,hair type,424,Great Unscented cream,5,Very nice eye cream. I have extremely sensitive skin and it's the first under-eye cream I've used that doesn't burn or cause redness or sting. It's completely without scent of any kind which is a big plus for me. I'll keep using it on a regular basis.,0
Q14,curl defining cream without stiffness,hair type,3866,Easy to use,5,Love this !<br />I can curl my hair quickly !<br />The curl will hold for days .,1
Q14,curl defining cream without stiffness,hair type,30199,Not effective To Curl. No clamp to hold on to rod,1,Did not work to curl & I have medium length hair. No way to clamp down to curl,1
Q14,curl defining cream without stiffness,hair type,18575,curl brush,1,didnt warm up enough to make a curl,1
Q14,curl defining cream without stiffness,hair type,8400,Loses curl,3,Seem to work good but when clients come back they have lost a lot of curl.,1
Q14,curl defining cream without stiffness,hair type,16385,Excellent face cream,5,"I have a new favorite face cream! I love this cream so much, my skin has not been this smoothe and clear of break outs in years! It moisturizes perfectly without leaving any greasy residue, It absorbs quickly so you can apply make up right away. I love the ingredients b cause they are effective and they don't use any cheap fillers or chemicals or bad oils. I will stick with this cream for good!",0
Q14,curl defining cream without stiffness,hair type,3562,Does not curl at all!,1,Does not curl at all,1
Q14,curl defining cream without stiffness,hair type,13224,Holds without stiffness.,5,"Not sticky, doesn’t leave har “hard” , holds hair with a natural look.",1
Q14,curl defining cream without stiffness,hair type,30416,Works without stiffness,5,"This is my go-to hair product, but be careful when reading the description.  It’s hard to tell if you’re paying for one 2-ounce container or two 1-ounce containers or one 1-ounce container.",1
Q14,curl defining cream without stiffness,hair type,19707,doesn't curl my hair,3,It does not curl my thin straight hair,1
Q14,curl defining cream without stiffness,hair type,14326,Good pressing cream,4,Good pressing cream. Pressing my natural hair with low heat or as stretching cream for natural hair.,0
Q14,curl defining cream without stiffness,hair type,25964,It works without a doubt,5,"Amazing product, I bought it at Ross for the first time, could not find it again until I searched Amazon, will continue to buy it. I also add some to a spray bottle and mist my hair to bring back curl. It works without a doubt",1
Q14,curl defining cream without stiffness,hair type,25224,The best shave cream,5,By far the best shaving cream ever used. Slick for smooth blade movement without any thick oil buildup.  Fresh fragrance and leaves skin super silky smooth every time.  Great lather with a brush or apply with fingers- either works.,0
Q14,curl defining cream without stiffness,hair type,19277,Not cream,1,I thought this was cream for some reason.  Not power,0
Q14,curl defining cream without stiffness,hair type,4093,Doesn’t hold curl,2,Only goes up to 210 degrees - shorter wand- doesn’t hold curl longer than an hour or so,1
Q14,curl defining cream without stiffness,hair type,8790,Love this stuff,5,Great for curl definition.  Not crunchy or sticky.,1
Q14,curl defining cream without stiffness,hair type,20845,Didn’t like,1,Hair is very stiff! Doesn’t hold a curl either,1
Q14,curl defining cream without stiffness,hair type,18027,Three Stars,3,This doesn't seem to curl very well.,1
Q14,curl defining cream without stiffness,hair type,1906,It’s perfect,5,I LOVE this tool. My hair is stubborn and fine and doesn’t like holding a curl or wave but this bad boy. With some dry texture spray! Yessssss!!!!! Easy to use and it literally takes 1/2 the time it would to curl,1
Q14,curl defining cream without stiffness,hair type,7054,GREAT PRODUCT,5,"This is an AMAZING product it works so well on my very fine, straight, hard to curl hair!",1
Q14,curl defining cream without stiffness,hair type,31500,big time saver,5,I went from using 3 different products to just this one.  I love that it moisturizes and curl defines all in one.  It is not sticky.  My curls feel great.  The small issue I have is that it isn't quite enough moisture in the winter when my hair gets drier.  I have to add coconut oil to help.,1
Q14,curl defining cream without stiffness,hair type,12309,Hard to use,1,I felt like this product was extremely hard to use and hard to get the curls that it advertises. Much easier to stick with a normal curling iron.,1
Q14,curl defining cream without stiffness,hair type,39810,Five Stars,5,"Works excellent, can straighten & curl perfectly!",1
Q14,curl defining cream without stiffness,hair type,37137,Best Heatless curlers,5,I used other brands if heatless curlers But this is the only one that really works good. And hold the curls for a long time without putting any hair mousse.- TalSzy,1
Q14,curl defining cream without stiffness,hair type,36626,otherwise i like,4,"the curl come out different every time, otherwise i like it",1
Q14,curl defining cream without stiffness,hair type,7538,I prefer the manual curlers,3,I didn’t really notice much of a curl using this.,1
Q14,curl defining cream without stiffness,hair type,16575,Three Stars,3,The curl still look pretty good,1
Q14,curl defining cream without stiffness,hair type,15477,Stiff and long (that’s what she said),1,"Maybe I’ll try this again but it’s very stiff and too long, it gave me a kink in my neck and the curls did not even stay. This will probably end up being a dog toy",1
Q14,curl defining cream without stiffness,hair type,13678,Five Stars,5,I love this curling iron. It is smooth and gives just enough heat for perfect curls.,1
Q14,curl defining cream without stiffness,hair type,2566,Five Stars,5,Great for smooth curls.  Can't survive without it.,1
Q14,curl defining cream without stiffness,hair type,36967,Not what was expected,1,This is hard to manage. I watched a video and I'm still unable to make a nice curl. This is not what I thought it'd be.,1
Q14,curl defining cream without stiffness,hair type,37733,Five Stars,5,"easy to use, nice curls",1
Q14,curl defining cream without stiffness,hair type,25634,Heat,2,Hard to curl. Hair has a lot of plastic in it,1
Q14,curl defining cream without stiffness,hair type,3323,Five Stars,5,They are great easy to use and the curl stays in all day and is wavy the next.,1
Q14,curl defining cream without stiffness,hair type,13053,Does ok,3,"I probably should have chosen something with higher heat. It works ok on my thick hair, but the curl  resists.",1
Q14,curl defining cream without stiffness,hair type,32296,Three Stars,3,Not good for wavy hair.  Curl was way too tight.,1
Q14,curl defining cream without stiffness,hair type,4832,Very nice fill bundles,5,I love the curl pattern,1
Q15,hair oil for frizzy hair,hair concern,28751,Great!,5,Great hair dryer. Dries quickly without making my hair frizzy.,1
Q15,hair oil for frizzy hair,hair concern,8115,Three Stars,3,hair is nice for the first couple of weeks then it gets frizzy...nice hair,1
Q15,hair oil for frizzy hair,hair concern,9527,Five Stars,5,It is helps frizzy hair and keep  hair smooth even in humidity.,1
Q15,hair oil for frizzy hair,hair concern,16325,Great dezl,3,"The hair looks great but starts to get frizzy,",1
Q15,hair oil for frizzy hair,hair concern,34673,Nice set,4,Left my normaly frizzy hair soft and more manageable.,1
Q15,hair oil for frizzy hair,hair concern,17855,It’s just OK,2,This hair is nice out of the package but the hair gets very frizzy while installing.,1
Q15,hair oil for frizzy hair,hair concern,11313,Hair feels light and fluffy after using,5,"I have been using this argan  oil shampoo every day since I purchased this product and I love it. It smells really good and is thick in consistency.  My hair feels really clean and fluffy after I wash it.  My hair is really dry and frizzy on the ends and after using this shampoo my hair feels softer, more manageable and less frizzy. After drying my hair, my hair feels very light and looks very shiny.<br /><br />Argan oil has vitamin D in it so it helps strengthen your hair to prevent it from breakage and damage.  It is also suppose to help protect your hair from heat damage caused by curling irons and blow dryers.  This shampoo is also suppose to help repair dry, damaged or color treated hai",2
Q15,hair oil for frizzy hair,hair concern,38527,Good flatiron,4,"Heats up fast, easy to handle, straighten my hair in one swipe.  I have wavy, frizzy hair.  Two thumbs up",1
Q15,hair oil for frizzy hair,hair concern,8166,Frizzy Hair,1,"Amazing color, Just very frizzy and tangle no matter how much u keep it covered and oil down",1
Q15,hair oil for frizzy hair,hair concern,37197,Nice hair,4,"I like the hair, just a little frizzy. I received a lot of compliments!",1
Q15,hair oil for frizzy hair,hair concern,8320,One Star,1,I received only one attachment.  My hair becomes frizzy when I use this blowdryer.,1
Q15,hair oil for frizzy hair,hair concern,15888,Leaves  hair so soft and manageable,5,"I love this product.  Spray in wet hair and leave it there.  Your hair will be less frizzy, fly away and unruly.",1
Q15,hair oil for frizzy hair,hair concern,1072,Where has this been all my adult life??!,5,"I have long hair that tangles easily and likes to be frizzy. This hair treatment works like magic. I have never seen my hair so smooth, shinny, and healthy before. The smell is awesome, not overwhelming and my hair doesn't feel ""heavy."" I use the product at the ends of my hair, where it is mostly dry and frizzy.  What a game changer.",1
Q15,hair oil for frizzy hair,hair concern,41208,Two Stars,2,This brand of hair unraveled the same day it was put in and is very frizzy.,1
Q15,hair oil for frizzy hair,hair concern,18291,Love this conditioner,4,"It smells great and makes my hair so soft. I usually just style my curly hair with mousse and it tends to get a little frizzy half way thru my day. I’ve noticed since using this conditioner, it doesn’t get nearly as frizzy.",0
Q15,hair oil for frizzy hair,hair concern,12307,Happy with Purchase,5,"I'm using the castor oil for my hair, along with coconut oil, as a hair mask.  The castor oil seems to be of a high quality.  Very happy with my purchase.  Customer service seem excellent😊",0
Q15,hair oil for frizzy hair,hair concern,2295,Love this hair,4,I love the hair. I love the look. After two weeks the hair that hands out gets frizzy. Yet even with that I love it,1
Q15,hair oil for frizzy hair,hair concern,23315,Made hair frizzy,1,I ended up sending it back. Made my hair frizzy not wavy. Pretty sad it didn’t work out like the girl in the videos hair.,1
Q15,hair oil for frizzy hair,hair concern,592,Lighter than original,5,"Great product. Lighter than their regular hair oil with a softer scent. Ouai original hair oil and others (Moroccan & Aveda) make my neck and hairline break out where my long hair would hit my face. I do not use the rose oil as a body oil for this reason. As I said, it works well to keep my hair smooth and ends tamed without the breakouts.",2
Q15,hair oil for frizzy hair,hair concern,38688,Good enough,5,I thought they will be thicker.<br />I still looking for the perfect water isolation cup for my hair.<br />I have a curly hair that with just the steam gets super frizzy .,1
Q15,hair oil for frizzy hair,hair concern,38783,Love this oil for my hair,5,"Love this oil for my hair. Every time I shower, my hair tends to get frizzy and untamed due to dryness. Using this oil helps eliminate the frizz and adds shine to my hair. I'm also prone to dandruff due to my dry scalp as well, so this helps control it very well. I also use this as a booster moisturizer for dry spots on my body and my skin would always feel super soft after a good massage. It does have a light fragrance to it, so for those who aren't a fan of scented products... This might not be for you. Other than that, I am very happy with my purchase. :)",0
Q15,hair oil for frizzy hair,hair concern,31744,great oil for hair,5,i love this from my hair oil. i use it prior to applying any gel or product in my hair. it is a great protector..,1
Q15,hair oil for frizzy hair,hair concern,23680,Terrible hair.,1,The hair was not would the value. Within a few days the hair started to frizz.  By the seventh day I had to take it out. The hair got frizzy and knotted.,1
Q15,hair oil for frizzy hair,hair concern,5543,Great hair growth oil,5,"I love this oil!!!!  I’m natural with Locs that have not completely locked. I’m also salt and pepper. This oil gives my hair a great sheen and it absorbs well. It doesn’t have a consistency where the oil just sits on your hair. I use it daily. When my local beauty supply store stop getting it during the COVID interruption, I started looking everywhere for it till I found it on Amazon.",0
Q15,hair oil for frizzy hair,hair concern,17203,LOVE! Would recommend for all races/hair types,5,"I am a white girl with frizzy wavy brown hair. It's pretty long, but the ends are very frizzy. I chose this product bc I LOVE the natural ingredients list. I try to avoid those polyethylene-6-paraben sounding ingredients, so these were awesome ingredients. I am OBSESSED with the curl creme!!!! Would recommend. It is not too oily at all, I put it on my ends and it somehow got rid of all the frizz!! I put it on in the morning, my hair soaks it up in an hour, and my split ends look less frizzy all day! I have already thrown away a bunch of &#34;Argan oil serums&#34; etc bc they usually look good for an hour, and then dry out and get frizzy after an hour. The curl creme is amazing! My hair looks",2
Q15,hair oil for frizzy hair,hair concern,28951,Great oil mist!,5,"I finally found the perfect hair product.  I can’t say enough positive things about the Edenis oil mist. It is a dry oil that not only softened my hair, but completely obliterated the frizz! I have coarse,  frizzy,  dry hair and have tried so many products already...  This product is simply amazing and even on high humidity it worked wonders.  I use it when my hair is either wet or dry. It’s good to leave on your hair, without blow drying it as well. Another thing I love about the product is that it feels so light on my hair, unlike other products I've been using. Since I've been using the edenis oil mist my hair looks healthy, shiny and moves freely – no longer having that stiff look. My ne",1
Q15,hair oil for frizzy hair,hair concern,38703,Love this hair dryer!,5,"This is the best hair dryer! I have very thick, coarse, Asian hair that takes forever to blow dry with a standard hair dryer. Although I always use a  heat protection spray, with a standard hair dryer my hair dried a little frizzy. With this hair dryer, my hair dries much more quickly and it comes out silky and smooth.",1
Q15,hair oil for frizzy hair,hair concern,20931,Great product for your hair!,5,"I have used this hair product for years since we carried it in the Air Force commissary (now we don't).  It adds shine and nourishes hair and the added bonus is it turns gray hair darker.  Together with argan oil, my more white/gray sides of my senior hair get darker after using this product.  Adding a little oil every day is good for the hair as it needs replacing from enviornmental damage.  Love this product!",1
Q15,hair oil for frizzy hair,hair concern,40603,This stuff works! I am amazed,5,My hair is full of frizz from medication that I take. I tried this and I love it so much. Brush on and go.,1
Q15,hair oil for frizzy hair,hair concern,41179,Quality product,5,"I have coarse, naturally frizzy hair, and I have been looking for a sulfate-free shampoo that will help with the frizz problem. Tried this out and bought two more bottles because it ended up working so well. It makes my hair smooth, frizz-free, and shiny. I bought for my teenage daughter as well. You should really try.",0
Q15,hair oil for frizzy hair,hair concern,32863,Great for Hot Oil Treatments!!,5,"I use this for deep conditioning, hot oil treatments in my hair and it works marvelously!! I take about a half dollar size amount, heat it up slightly and apply throughout my hair before sitting with a processing cap. Definitely reduces frizz and strengthens the follicle!",1
Q15,hair oil for frizzy hair,hair concern,12867,Five Stars,5,"This Product works super, Leave's my hair nice and curly with no frizz at all.",1
Q15,hair oil for frizzy hair,hair concern,18651,Hair spray,5,I love my hair spray....keeps your hair from frizzing...,0
Q15,hair oil for frizzy hair,hair concern,10497,Works!,5,Keeps my hair frizz free all day ;),1
Q15,hair oil for frizzy hair,hair concern,23656,Holds Hair In Place,5,Great product to prevent frizz,1
Q15,hair oil for frizzy hair,hair concern,3689,"Effective, lightweight antifrizz hair oil. Has good fragrance.",5,I liked this antifrizz hair oil better than others as it does not weigh down the hair but effectively controls the frizz. I love the fragrance it has,2
Q15,hair oil for frizzy hair,hair concern,907,Keeps my damaged hair from being frizzy.,5,"I really like the smell of this first of all. I have thin, oily hair that's damaged from repeatedly bleaching and coloring along with blow drying several times a week. I usually need to use extra products to tame the frizziness but not so with this combination.",1
Q15,hair oil for frizzy hair,hair concern,35312,Great stuff!,5,"I have thick, wavy, frizzy hair. I blow dry it with round brushes, but the frizz is still horrible. Once dry, I spray my hair with this finishing spray & use a hot iron to smooth it out & gently, curl it under. This works beautifully!  It is now shiny & manageable. I don’t know what I would do without this stuff.",1
Q15,hair oil for frizzy hair,hair concern,36241,5 stars!,5,I’ve used OGX hair butter forever and I gave this to my mother in law and it has revolutionized her hair. She called me three days after using it after her showers and said her hair has never been softer or less frizzy.,1
Q15,hair oil for frizzy hair,hair concern,40893,Great for dry and damaged hair,5,This cream smells very good. Takes out the frizz in my hair and leaves it softer. Excellent product for dry and damaged hair,1
Q15,hair oil for frizzy hair,hair concern,23395,Wish It Was Still Made...,5,"...but at least I found these 2 more bottles!  I have super-fine and super-frizzy hair, and this is the only product in 30-some years of searching that truly allows me to straighten my hair and keep it that way, without an artificial or oily look.",1
Q15,hair oil for frizzy hair,hair concern,18778,Sometimes price matters,2,This product was HORRIBLE. It didn't even feel like hair. It was so frizzy.  I never got the frizz out. There wasn't any product that worked on this so called hair. I'm not upset at all..... for the price I can't complain. I got what I paid for.,1
Q15,hair oil for frizzy hair,hair concern,14138,Works on some hair,4,"I have some baby hairs, some frizzy hairs and some wiry colored white hair that pokes out of my pony tail and blows up in the wind. This is definitely not for the frizzy or thick hairs. It did basically nothing on those. I used it on my very fine baby hairs and around my face and it smoothed the hairs down well and looked a lot more polished. I could have probably achieved the same result with hairspray. I assume this is for a quick fix and to carry in your purse. It only works on fine hair and not a great fit for me.",0
Q15,hair oil for frizzy hair,hair concern,4604,Solves Frizz,5,"I put this in my thick, wavy to curly hair right after getting out of the shower. It has single-handedly gotten rid of my frizz after my hair has naturally dried. I also think it adds shine and extra moisture which is perfect for thick, frizzy prone hair like mine. You just need a quarter size and no more.",1
Q15,hair oil for frizzy hair,hair concern,39609,Soft hair at last,5,"This is my second - and third! -  order of this amazing oil (the third will be given as a gift).  I had intended to use this only on my face, but after reading reviews I tried it on my hair and oh my goodness what a difference it made!  I had changed to a high-priced name-brand shampoo and conditioner which made a difference in my frizzies.  But only after I started using this did my hair get really soft for the first time in my life and my frizzies totally vanished.  I am hooked on Savanaah's Argan Oil and would highly recommend it to others.",1
Q15,hair oil for frizzy hair,hair concern,19201,Love it,5,This makes my hair extremely soft takes away my frizzies.,0
Q15,hair oil for frizzy hair,hair concern,41468,Ahhhmazing!,5,So my hair is both fine and frizzy and this product leaves it feeling soft and manageable. Love love love it!,1
Q15,hair oil for frizzy hair,hair concern,4440,Two Stars,2,It works nothing like it described. My hair is super frizzy when I use this.  I'm disappointed.,1
Q15,hair oil for frizzy hair,hair concern,7559,Didn’t meet the description,2,Rather an expensive purchase with dissatisfied outcome.  It seemed to dry my hair out & it became more frizzy.,1
Q16,volumizing shampoo for fine hair,hair type,1146,Great for fine hair.,5,"I have fine, thin, color treated hair. This shampoo is great for my hair. Doesn’t weigh it down at all. I love it.",1
Q16,volumizing shampoo for fine hair,hair type,26642,Amazing volume!,5,This may be the best volumizing powder I have ever used. No residue on my dark hair and big volume!,1
Q16,volumizing shampoo for fine hair,hair type,5231,"Great find for fine, limp hair!",5,I am very pleased with this duo.  My fine hair looks and feels so much thicker!  This is the shampoo/conditioner for me.,1
Q16,volumizing shampoo for fine hair,hair type,25937,Water and hand lotion.  Runny shampoo and conditioner that dries out your hair!!  No volume added,1,"The shampoo has a sticker on it that says &#34;shake well before use&#34;  That's a new one on me!  The shampoo is very runny.  It lathers but it is like water.  It runs through your fingers as you are trying to get it on your hair.  The conditioner is like hand lotion.  It comes out fine and has some consistency to it, however, it does not fill silky like conditioner should.  My hair fills dry and stringy once I rinse it out.  I also see no volumizing happening like I see with other shampoos.  Save your money.  Do not buy this product!",1
Q16,volumizing shampoo for fine hair,hair type,41459,Best shampoo for baby fine hair!,5,"Best shampoo for my baby fine hair. Cant get two hairs to do the same thing!  Can a shampoo change your life? This has, for me. You would never know this thick, gorgeous hair with body is 100% from this shampoo. I spent too many years with flat nothing hair laying flat on my scalp. I hate when I have to use another shampoo, so I stocked up on these two packs.",2
Q16,volumizing shampoo for fine hair,hair type,23237,Harsh!,1,"I tried this shampoo at the recommendation of a staffer at Whole Foods. For years I've used Aubrey shampoos exclusively because of their unparalleled purity, but Aubrey products are getting quite expensive and Whole Foods isn't stocking them very regularly, either. So I thought I'd give it a try. Wow! One shampoo with this stuff, and my hair is suddenly dry and brittle like straw. It's harsh! I'm using it as hand soap instead. For hair, I'm going back to [[ASIN:B000GJL0IG Aubrey SHAMPOO SPECIAL CARE Swimmers Normalizing Shampoo 16 oz]] and [[ASIN:B00013Z0RE Aubrey Organics - Camomile Luxurious Volumizing Shampoo, 16 fl oz]] no matter the cost. And I'm getting a nice summer buzz cut to get ri",1
Q16,volumizing shampoo for fine hair,hair type,28903,Works!,5,I really like this shampoo and feel it works as advertised.  I have fine hair and it definitely looks better after using this product.  It’s pricey but worth it to me.  My husband has fine thinning hair and he loves it.,1
Q16,volumizing shampoo for fine hair,hair type,13687,"Expensive, but appears to work",5,"In the summer, I air dry my mildly natural curly hair which gives me fullness.  But during the Chicago winters, I need something to give my hair more body.  I have several cheaper volumizing shampoos, but this one seems to work the best.  It also doesn't dry out my hair, like some volumizing shampoos can do.  It's expensive ($27 for 8 ounces), but since I only wash my hair every three days, the bottle lasts awhile and subsequently reasonable.",1
Q16,volumizing shampoo for fine hair,hair type,1295,Best product ever,5,This is the BEST shampoo and conditioner for little kids hair. I have tried everything for my daughter with long but very fine hair. this keeps away tangles and keeps her hair manageable not to mention it smells lovely!,1
Q16,volumizing shampoo for fine hair,hair type,38355,Great Hair Care,5,"I have been using this for two years and my hair salon has moved. I was elated to find this online.  I really like the shampoo and conditioner, they are great on my fine hair.",1
Q16,volumizing shampoo for fine hair,hair type,27285,Good for fine hair,4,"Good for fine hair, not super heavy and moisturizing. I get a little bit of build up with this line, but a clarifying shampoo once a week takes care of that.",1
Q16,volumizing shampoo for fine hair,hair type,9172,Disappointing Results,1,I have thin hair and these things didn't do much for lifting or volumizing. I get better volume by putting velcro rollers on the crown of my head. I so wanted to like these.,1
Q16,volumizing shampoo for fine hair,hair type,21957,Great smelling shampoo,4,"So far I am loving this shampoo! My hair is thick and wavy and some shampoos just dry it out like crazy. But this shampoo actually left my hair feeling soft just the shampoo alone. It has a great smell and is sulfate free so I don't have to worry about it leaching the color fromy dyed hair!  My 6 yo daughter has curly fine hair and this shampoo didn't tangle it up like most do! I love it. I got this shampoo for free in order to test and review it, however these are my opinions and I was not swayed by the free product.",1
Q16,volumizing shampoo for fine hair,hair type,20740,definitely adds length!,4,Easy to apply and doesn't clump. I wouldn't say it's volumizing but it's definitely lengthening :),1
Q16,volumizing shampoo for fine hair,hair type,23136,It seems to be fine. I haven't used shampoo in many,4,"I'm using this for my newly bleached hair. It seems to be fine. I haven't used shampoo in many, many years (cider vinegar has been my hair product), but it seemed important to transition to something supportive for my newly stripped locks.",1
Q16,volumizing shampoo for fine hair,hair type,7977,"great for thick, dry hair",5,"I have super thick, super dry hair. This is the only shampoo I have ever used that makes my hair feel softer after a shampoo (most of the time I need to have the conditioner on after for my hair to feel better).  This is my favorite shampoo by a long shot. That being said, I think that if you had fine hair, this would weigh your hair down a lot, but it is perfect for thick, dry hair! (I did not have as good luck with the conditioner of this brand though and use a different product for conditioning after shampooing with this!)",1
Q16,volumizing shampoo for fine hair,hair type,39711,Amazing results,5,Great shampoo for thin hair and smells great,1
Q16,volumizing shampoo for fine hair,hair type,39710,Just what I hoped for,5,"I have short fine hair and was looking for a (completely) sulfate free shampoo (many shampoos claim to be sulfate free but contain sulfonate). This shampoo is a nice change from the professional brand  I’d been using which frankly dried my hair out.  I can use this shampoo without a daily use of conditioner with my hair being short.  My hair looks thicker and it also is very manageable.  It smells refreshing but I love the smell of rose water.<br />This brand is very clean. No dyes, no parabens, no sulfates, no animal testing.  Excellent for people with sensitive skin.  Compared to other brands I’ve tried you also get more for your money.<br />My new shampoo for sure.",1
Q16,volumizing shampoo for fine hair,hair type,2724,Five Stars,5,"Absolutely great hairspray for fine hair. Not heavy or sticky, which is important if you have fine hair!",0
Q16,volumizing shampoo for fine hair,hair type,27393,The shampoo didnt come out,2,"Maybe my pet shampoo is thick, I don't know, but what I do know is that it didn't come out while washing my pet.  However, the brush part works fine for moving the shampoo around once you have some on the pet.",1
Q16,volumizing shampoo for fine hair,hair type,13883,Shampoo & Conditioner not for fine hair!,2,"Ordered both shampoo & conditioner to try because of price & frizz. Conditioner didn’t do much. Just received & used shampoo - tossing! Hair limp, lifeless, flat & flyaway. May work for thicker hair, not on mine.",1
Q16,volumizing shampoo for fine hair,hair type,8462,Great for fine hair,5,Perfect for fine hair. Very comfortable. Not too tight.,1
Q16,volumizing shampoo for fine hair,hair type,15439,Good Fine hair,5,Love them. Perfect for my fine hair.,1
Q16,volumizing shampoo for fine hair,hair type,23936,Works well for fine hair,4,"I have fine 4b hair, this works so well for me when I use it in my hair when it is soaking wet.  Nothing works as a wash and wear for me but this product and kinky curly pudding.  I also like their Aloe Grapefruit Purifying Shampoo, great to use occasionally when you need to remove product buildup.",1
Q16,volumizing shampoo for fine hair,hair type,22216,Bar none- BEST EVER for giving fine hair volume!,5,Best volumizing spray EVER! I’ve tried hundreds of products & this is the absolute best- hands down. So sad you can’t find it anymore....,1
Q16,volumizing shampoo for fine hair,hair type,20764,Insanely good for super fine hair,5,"I wasn't expecting much from shampoo bars in general, but I was very pleasantly surprised on using this product. Fine hair can be tough to please, but I experienced very little tangling with this bar and I haven't needed to use conditioner.",1
Q16,volumizing shampoo for fine hair,hair type,10060,Awesome shampoo,5,"We tried Hot Tot Shampoo after loving Hot Tot Spotless Tot.  I have 2 daughters with very different hair.  One is fine and super straight, it is very prone to fly-aways and never really lays smooth.  And the other is fine and curly and prone to poufy frizz.  Amazingly, Hot Tot shampoo works perfectly for both of them.  The straight-haired daughter's hair lays smooth and shiny but still has good body.  The curly haired daughter's curls are defined, springy and smooth.  No frizz at all.  The bonus to having more manageable hair is the delicious smell.  It's sweet and fresh, and just what kiddies heads should smell like.",1
Q16,volumizing shampoo for fine hair,hair type,5099,Super nice shampoo,5,My mother love this shampoo. I have ordered it for her in the past she also orders it too. It really leaves your hair feeling super fresh and clean. We have natural curly hair and this Shampoo is great for our hair. Thank you,1
Q16,volumizing shampoo for fine hair,hair type,11061,Great! No problems with my hair but the shampoo ...,5,Great! No problems with my hair but the shampoo is very thick so I dilute with water in a larger bottle.,1
Q16,volumizing shampoo for fine hair,hair type,40186,Lots of Volume,5,I have tried lots of volumizing and nothing has worked like this.  First got a sample of this and then was happy to find it on amazon.  I get tons of compliments on my hair when I use this.,1
Q16,volumizing shampoo for fine hair,hair type,20070,Five Stars,5,Great shampoo make my hair feel great,1
Q16,volumizing shampoo for fine hair,hair type,13494,Adds volume,5,I have fine hair and certain smoothing shampoos can weigh my hair down easily. This really does add volume. Smells great.,1
Q16,volumizing shampoo for fine hair,hair type,37660,This is excellent shampoo. Makes my hair shine.,5,This shampoo helps my hair shine which is wonderful since I have oily hair. I’ll be ordering again,1
Q16,volumizing shampoo for fine hair,hair type,34778,I Love Shisedo,5,Salon quality shampoo and conditioner that is worth the price!,1
Q16,volumizing shampoo for fine hair,hair type,23612,Five Stars,5,works for my fine hair.,1
Q16,volumizing shampoo for fine hair,hair type,42046,Very nice,4,"This stuff was great. I'm not sure I'd spend this much again on such a small bottle of shampoo, but if you like blowing your money in nice hair products do it on this one!",1
Q16,volumizing shampoo for fine hair,hair type,1909,Good shampoo,4,Good shampoo with pleasant fragrance however it's not color safe..,1
Q16,volumizing shampoo for fine hair,hair type,4074,Works well with my thin fine hair.,5,"I have thin fine hair that usually gets oily fast.  With this product, my hair stayed clean and shiny longer than with traditional shampoos.",1
Q16,volumizing shampoo for fine hair,hair type,42656,works well.,4,have tried many brands of shampoo. This works better than the average. The great advantage is that it can be bought on the Internet,1
Q16,volumizing shampoo for fine hair,hair type,42549,Good buy,5,"I make shampoo, it's good",1
Q16,volumizing shampoo for fine hair,hair type,28565,recommended by my stylist and does a nice job,5,works well with fine hair like mine,1
Q16,volumizing shampoo for fine hair,hair type,15351,The Best,5,I have used many dry shampoos for my fine bleached blonde hair. This is by far the best. I used the light shade. It actually made my roots look toned and blended right in. I loved the smell as it was not overpowering and it was fresh. It took care of my greasy roots and did not weigh my hair down at all. I have a lot of skin/scalp allergies and this did not irritate my scalp or skin at all. It added volume and made my hair manageable. Will buy again.,1
Q16,volumizing shampoo for fine hair,hair type,5443,Three Stars,3,ok shampoo but doesnt really moisten the hair like it says,1
Q16,volumizing shampoo for fine hair,hair type,15466,Great smelling shampoo will need conditioner,3,Great smelling shampoo. Only problem is that it really deep cleans that your hair. Definitely need conditioner with this item.,1
Q16,volumizing shampoo for fine hair,hair type,15733,Dry wax,5,"This is excellent for my fine hair. Adds volume and lasts all day.  Plus I can go without washing my hair 3 days, warm up with blow dryer and hairstyle looks great",1
Q16,volumizing shampoo for fine hair,hair type,14574,Hair is shiny and looks thicker!,5,"This shampoo leaves no residue,hair shiny and fuller than it really is. Also like very much the Volumizer conditioner. The tops!",1
Q16,volumizing shampoo for fine hair,hair type,38964,Five Stars,5,This is the first time I have used Garnier dry shampoo. It works very well.,1
Q16,volumizing shampoo for fine hair,hair type,282,Want body - get this product.,5,Great product for any type hair but especially fine hair.,1
Q16,volumizing shampoo for fine hair,hair type,13820,Perfect!,5,"I love this shampoo! I have color treated, oily, thin, straight hair and this is the BEST shampoo for me. It keeps the color bright, Cleans my oily hair, and leaves it shiny!",1
Q16,volumizing shampoo for fine hair,hair type,7260,One Star,1,To heavy of a product for fine hair,1
Q17,body lotion for very dry skin,skin concern,26209,Very good.!,5,"I love the lotion, it’s the best lotion for dry skin.",1
Q17,body lotion for very dry skin,skin concern,22147,The lotion has a light cucumber water smell which is ...,3,The lotion has a light cucumber water smell which is pleasant. It's not very hydrating for moderate to dry skin.,1
Q17,body lotion for very dry skin,skin concern,23052,Love this product line.,5,Love anything Omorovicza.  Combine this lotion with the body oil and your skin will be healthy and soft.,0
Q17,body lotion for very dry skin,skin concern,13251,Good price.,5,Lovely body lotion.  Good price.,1
Q17,body lotion for very dry skin,skin concern,25345,Good Stuff,5,"Excellent lotion for entire body including face.  Light weight, not greasy, very light fragranced.  Recommend & will buy again!",0
Q17,body lotion for very dry skin,skin concern,4544,I use it for my body it makes my skin like silken.,5,I use it for my body instead of lotion it makes my skin as silken. I shared it with my family and friends they loved it.,0
Q17,body lotion for very dry skin,skin concern,7952,Love this scent!,5,This is my go-to brand and scent for body wash and body lotion. I order it over and over again.,1
Q17,body lotion for very dry skin,skin concern,26978,Great Plant-Based Skin Product,5,"This product is awesome! Easy application. Very sheer in appearance. Most importantly, helps with dry skin - your skin will feel smooth and silky. So happy I found Plant Therapy Body Butter Cream.",2
Q17,body lotion for very dry skin,skin concern,4613,One Star,1,There less expensive body lotion is better...more moisturizing.,2
Q17,body lotion for very dry skin,skin concern,15616,Love this device!,5,This works so well to apply lotion to my back!  Lotion doesn’t dry out if I don’t use it for a few days.  Very highly recommended!,0
Q17,body lotion for very dry skin,skin concern,39751,Best stuff,5,This is my favorite body lotion. Smells amazing and works wonderfully!!,1
Q17,body lotion for very dry skin,skin concern,22891,Smells light and refreshing and not overpowering,5,"I first fell for the smell and I usually buy only unscented products. The lotion is a really good moisturizer for the whole body. I live in central Tennessee where the humidity is high and I will tend to shy away from lotion in the summer....and pay the price with dry skin. I have been able to use this lotion and not feel sticky. The smell is light and doesn't linger or interfere with my perfume, but nice enough I enjoy putting it on.",0
Q17,body lotion for very dry skin,skin concern,30141,Durable and worth it!,5,"Lifesaver for dry skin! Bought one for hubby and myself, works on all parts of body so you’re not killing your self trying to bend over or contort! Great value, very durable as well.",1
Q17,body lotion for very dry skin,skin concern,36787,One of the best lotions on the market.,5,The best body lotion on the market as far as I am concerned.  It leaves the skin soft and silky smooth to the touch all day and night long.,1
Q17,body lotion for very dry skin,skin concern,38196,Lotion only,2,I recieved two lotions instead of a body mist and a lotion.,0
Q17,body lotion for very dry skin,skin concern,17211,Five Stars,5,"Very good for dry skin, smooth.",1
Q17,body lotion for very dry skin,skin concern,2273,"Smells weird, works great",4,"Ordered this because, ew, my skin is so dry. The lotion works so great, I'm using it on my entire body. Only down dude is that it smells arguably bad. Also I don't know maybe I'm dumb but the jar is way smaller than expected but it's okay",0
Q17,body lotion for very dry skin,skin concern,24314,"Unlike anything I’ve ever tried, it works amazingly",5,"I am embarrassed by a scare on the top of my hand plus have dry wrinkled skin on both hands. This is the first hand-lotion that instantly provided visual improvement for both of these concerns. Excellent lotion, truly recommend it.",0
Q17,body lotion for very dry skin,skin concern,7085,Awesome product,5,I like that it's and two - n - one body lotion and perfume...,1
Q17,body lotion for very dry skin,skin concern,28134,Nice,5,"Nice lotion, I like Bath & Body Works, I like scent,<br />Moisturizing, & longevity",1
Q17,body lotion for very dry skin,skin concern,27205,Wonderful body lotion,5,First used this at a small Inn in Maine. The scent brings me back there every time I use it. Very nice body lotion. use it every day. Wish it came in larger sizes!,1
Q17,body lotion for very dry skin,skin concern,39363,Great for dry skin,5,Absolutely the best product I’ve found for my very dry skin.,1
Q17,body lotion for very dry skin,skin concern,16603,For anyone with dry skin,5,This product gets five stars because I have very dry skin and this product kept my skin soft four days even after I had taken a bath it is a very good product that I recommend for anyone with dry skin,1
Q17,body lotion for very dry skin,skin concern,41197,Excellent on dry skin,5,This oil is perfect on dry skin. No strong scent. Just few drops of this oil and you see your skin look hydrate. It's an excellent choice to replace the body cream.,2
Q17,body lotion for very dry skin,skin concern,18373,Great lotion,5,I purchased the lotion because of dry skin and I use my hands and since use my hands have stopped cracking and is smooth.,1
Q17,body lotion for very dry skin,skin concern,39015,This is the best body lotion,5,This is the best body lotion! I won't use nothing else and the smell is amazing!!!! I definitely recommend this product!!!!,1
Q17,body lotion for very dry skin,skin concern,691,Good for aging skin,5,Doesn't dry out my very dry skin.,1
Q17,body lotion for very dry skin,skin concern,35224,Great for dry skin/ingrown hair,5,"The best washcloth for my dry, sensitive skin.",1
Q17,body lotion for very dry skin,skin concern,40007,Perfect for dry weather,5,Just moved to Arizona from Alaska and getting used to the dry weather. This helps so much morning and night to keep my skin moisturized without an oily residue. I love this lotion,1
Q17,body lotion for very dry skin,skin concern,14409,Excellent for dry skin,5,I have extremely dry skin.  Just a small amount of this product makes my skin soft and supple for the entire day.  Love this product line.,1
Q17,body lotion for very dry skin,skin concern,30562,Great for sensitive dry skin,5,"Perfect color match<br />52 vanille<br />I have sensitive fair skin, and very dry and this foundation is so gentle on the skin and glides on like a dream.",0
Q17,body lotion for very dry skin,skin concern,4295,Softens skin beautifully,5,I started to use this lotion on my father when I was caring for him at the end of his life.  It really worked well to keep his skin soft and healthy.  I started to use it too but have difficulty finding it in the stores where I live so was very happy to find it on Amazon.  It really is the only lotion that does the job on my very dry skin.,1
Q17,body lotion for very dry skin,skin concern,33615,Loving this lotion,5,Yay it finally came. So happy how the lotion feels on my skin. The lotion is nice has scent and goes on the skin really nicely. My skin feels instantly soft and hydrated.,1
Q17,body lotion for very dry skin,skin concern,2112,Feels sticky more like body wash.,2,The smell is fantastic but it feels sticky and more like body wash. I even had to look at the bottle again just to make sure it wasn't body wash and it says body lotion.,1
Q17,body lotion for very dry skin,skin concern,2083,Five Stars,5,This product is excellent for dry skin.,1
Q17,body lotion for very dry skin,skin concern,32350,Great Product,5,This product is great for dry skin and I highly recommend it.,1
Q17,body lotion for very dry skin,skin concern,33507,Five Stars,5,Great lotion. Keeps my hands moist.,0
Q17,body lotion for very dry skin,skin concern,10113,"Great product and love the fresh, subtle scent",5,I have very dry skin and this product does the trick leaving my skin soft and silky plus is smells nice and fresh. I use it with the Olivarium shower gel.,1
Q17,body lotion for very dry skin,skin concern,19495,good choice,4,helps with my sensitive very dry skin.....satisfied.,1
Q17,body lotion for very dry skin,skin concern,27154,Most Hydrating of the Products I Have Used,5,"This is the most effective product for my really dry skin.  It's greasy, but it works if I keep using it.  I use Lubriderm Unscented Sensitive Skin Lotion during the day because it dries after a while, but I use Aquaphor before bed.",1
Q17,body lotion for very dry skin,skin concern,14363,Didn't like the bottle is too hard to get the lotion.,1,"I think the product is awesome. My skin feels so good, soft and wet. I love the smell and so my husband, but the bottle is too difficult to get the lotion. I would like another idea to get the lotion without doing too much,",0
Q17,body lotion for very dry skin,skin concern,13322,Super light,5,Light lotion feeling and evens skin out nicely.  Looks natural,0
Q17,body lotion for very dry skin,skin concern,29032,Cerave cream,4,Great product. Help my dry skin.,1
Q17,body lotion for very dry skin,skin concern,37665,Great natural product that works!,5,"Great product, made out of all natural ingredients, really works for dry skin and very reasonably priced!  Can’t go wrong.",1
Q17,body lotion for very dry skin,skin concern,16423,Recommend it,5,It is a great solution for dry skin,1
Q17,body lotion for very dry skin,skin concern,20870,Great for dry skin!,5,This stuff works so great. I have dry skin and this is fantastic. I definitely recommend this.,1
Q17,body lotion for very dry skin,skin concern,24313,I am glad I tried it. Now I am obsessed with all their products!,5,"I was skeptical at first. I have very dry skin, well except my face. It is rare to find a moisturizer that hydrates your skin and also does not leave you greasy! I have been using elta MD sunscreen, face wash, and face cream for a while now. So I thought I'd give this moisturizer a try, and I am glad I did! I love all of their products!",0
Q17,body lotion for very dry skin,skin concern,33308,Avon Moisture Therapy Hand Cream,5,"This works very well for my dry skin, have been using this for quite some time.  Very Good!",1
Q18,hand cream for cracked hands,skin concern,34117,Love it,5,"I have had dried cracked hands and figures in the cold winter months. This hand cream is amazing, I put it on at night and this year I have not a problem. I'm very pleased with it.",2
Q18,hand cream for cracked hands,skin concern,30727,Wonderful hand cream,5,This is the best hand cream for very dry hands.  Makes your hands very soft and lasts until you wash it off.  They all smell wonderful.,2
Q18,hand cream for cracked hands,skin concern,42767,It works!,5,"This Skinfix got my busy hands through the winter cold spells without cracks and shedding skin.  I'm a cashier work with money, use a lot of hand sanitizer and pretty hard on my hands.  This hand cream kept my hands in good shape.",1
Q18,hand cream for cracked hands,skin concern,22379,Derma E Tea Tree and E Antiseptic Creme,5,This stuff is great for winter-cracked hands & fingers! Fast delivery too!,1
Q18,hand cream for cracked hands,skin concern,43018,My wife has to wash her hands frequently for work ...,5,My wife has to wash her hands frequently for work. Her hands were dry and cracked. This product helped out tremendously.,0
Q18,hand cream for cracked hands,skin concern,20114,Love it,5,"I had purchased multiple hand cream, this one is very good. Nice scent and it’s perfect moisture for my hands, I put it in my car.",1
Q18,hand cream for cracked hands,skin concern,31957,"Highly Recommended, Best Hand Cream Ever",5,"Hands down, the best hand cream we've ever purchased.  A little bit goes a long way and lasts all day/night long.  Highly recommended!",1
Q18,hand cream for cracked hands,skin concern,17478,Super Soft Hands,5,This is a great hand cream. I use hand creams a lot  because I workout a lot and most hand creams I use have little effect on keeping my hands smooth. But I tried this one off a recommend and this hand cream works wonders. I get less calluses and the ones I have are much softer. And I don't have to use a huge amount because a little goes a long way. My only issue I have now is the my girlfriend loves the shea butter hand cream and need to get me another one so I don't have to fight my girlfriend for it. Great Hand Cream definite recommend.,1
Q18,hand cream for cracked hands,skin concern,29477,I will be buying again,5,I love this hand cream!!!,1
Q18,hand cream for cracked hands,skin concern,10186,one of the best hand creams,5,always been a good hand cream,1
Q18,hand cream for cracked hands,skin concern,27345,Value for money and worth recommending.,5,"I usually have a lot of dead skin on my hands, so this can moisturize my hand skin. I think it is very good. After applying the hand cream, use this to apply the edge of the nail. The effect is still very good. More moisturized.",1
Q18,hand cream for cracked hands,skin concern,36054,Great for storage,5,Great for storing small amounts of hand cream for better portability.,1
Q18,hand cream for cracked hands,skin concern,1852,"Nice scent, good formulation",5,"I really like the scent. The scent lasted on my hands for longer than I expected, and kept my hands moisturized. I really liked the consistency; it didn't leave my hands feeling sticky or uncomfortable. I do wish it was cheaper; I'd buy it again, but I'm not sure if 40ml of hand cream is worth $13.",1
Q18,hand cream for cracked hands,skin concern,1141,Best hand soap. Doesn’t dry hands out.,5,Best hand soap. Doesn’t dry hands out.,0
Q18,hand cream for cracked hands,skin concern,40287,Enigmatic Scent,4,"I fell in love with this hand wash when I first got it from a grocery store. What an enigmatic fragrance, lingers on your hand after a warm wash. Can’t stop using it. Your hand feels so good as if you have on a luxé hand cream. It’s then I decided to buy a refill for it, that’s how I could get my hands on this product. Thanks Amazon!!",1
Q18,hand cream for cracked hands,skin concern,33995,Five Stars,5,"Love this hand cream, not too greasy at all.",1
Q18,hand cream for cracked hands,skin concern,35275,Dr. Jack's Extra-strength Skin Care Cream 6 Pack - Doctor Formulated Lotion...,5,I had an endless cracked heel and I had tried every product in the market before I tried this WONDER cream. IT DOES HEAL CRACKED HEELS! in only a few days! Will order again in the future!,0
Q18,hand cream for cracked hands,skin concern,2849,Five Stars,5,Great cream-heals hands better than anything I've used.,0
Q18,hand cream for cracked hands,skin concern,36086,Great hand cream,5,This is by far the best hand cream I’ve ever used!,1
Q18,hand cream for cracked hands,skin concern,23140,Bliss Hand Cream,1,Received it on the above condition.. the pump is already open.. part of the cream is empty.. just wondering is it the right packaging of this Bliss Hand Cream on 32oz ( coz im using the smaller oz)? Its my fav hand cream but very disappointed to this 32oz..,1
Q18,hand cream for cracked hands,skin concern,37270,Lovely Hand Cream,5,I was pleased with the hand cream I purchased fotr gifts and everyone loved them..,1
Q18,hand cream for cracked hands,skin concern,12942,Love this hand cream,5,"Love this one, not greasy at all, no scent but it leave a soft touch on your hand. My hands are on the dry end, it can last me a hour or two easily if I am not doing anything (for people want a hand cream to last 12 or 24 hours, don't be too critical, don't ever believe in a product can provide hydration for that long eithet, that kind of product doesn't exist unless you have baby skin:)",1
Q18,hand cream for cracked hands,skin concern,37039,Cracked,2,"Great, only problem it came in cracked..",0
Q18,hand cream for cracked hands,skin concern,17538,A great hand soap,5,"I first found this hand soap at Costco and loved it.  My wife also loves it.  It is made in Canada.  When the Covid pandemic hit in early 2020, shipments of this product stopped coming to Costco.  I recently found this product on Amazon's website and bought two boxes.  My wife and I are happy once again.  This hand soap is very gentle on the hands.  It feels like a hand cream.",0
Q18,hand cream for cracked hands,skin concern,6183,All cracked,1,All three covers came cracked,0
Q18,hand cream for cracked hands,skin concern,21676,The fragrance is not the most pleasant.,5,The only hand lotion that prevents fingertips from cracking. Nothing I've used before works like this.,1
Q18,hand cream for cracked hands,skin concern,42673,A must have...,5,"This is the very best lotion that I've ever used. If your hands crack in the winter, try this, you won't be disappointed!",0
Q18,hand cream for cracked hands,skin concern,8140,Great hand cream,5,One of the best hand creams I've found.  Works well and is not greasy.,1
Q18,hand cream for cracked hands,skin concern,25853,Five Stars,5,"best hand cream in the world, I can't find it in the store",1
Q18,hand cream for cracked hands,skin concern,12932,Five stars,5,"Not a miracle cream but it is quite good. Having really thin skin, cleaning every day and living in a colder area, means my hands are constantly dry, no matter the medical/over the counter/homemade creams I try and try. I get a quick release from dry cracked hands with this cream and I consider it to be towards the medical grade. I still consider wearing plastic gloves when cleaning and winter gloves outside, drinking lots of water, exfoliating and using moisturizer daily to be the way to go usually but this cream is a good try.<br />Given the price and the size of the tube, I do not believe I will be repurchasing. I do recommend it for people with similar problems.",0
Q18,hand cream for cracked hands,skin concern,1299,Never found anything better in over 20 years!,5,"I have been using Corn Huskers for over 20 years now, and it has been the ONLY product that keeps my hands from becoming chapped and cracked. If you want a simple product that WORKS you need to try Corn Huskers lotion!",0
Q18,hand cream for cracked hands,skin concern,8017,Five Stars,5,One of the few Hand and body creams that work for me.  hard to find,0
Q18,hand cream for cracked hands,skin concern,1134,Good but not great!,4,I like this hand cream but was a little disappointed that it was not the miracle cure I was looking for.,1
Q18,hand cream for cracked hands,skin concern,10263,A Must-Have for Dry Skin Sufferers,5,"Some of our family members battle extremely dry skin, particularly their hands, during the winter, to the point of cracking and bleeding. This cream has been a Godsend! It heals and smooths QUICKLY and for the first winter in ages there's no dread or hesitancy to wash hands (which is very drying). This Colloidal Silver cream is thick enough to coat and protect but not so thick it's uncomfortable.",0
Q18,hand cream for cracked hands,skin concern,30762,Best eczema cream EVER,5,"My hands are constantly broke open, cracks, scaly, raw ,bleeding at times. I use probiotics which help but as a stylist my skin is always irritated. I’ve only used this cream for 3 days and I am 70% cleared up! I love that silver is the top ingredient and zero fragrance.  This is a keeper because other hopeful creams failed after 48 hours..either I was allergic or it made it worse...not this one!  If you suffer from eczema this is your cream. Stay faraway from steroids people!",0
Q18,hand cream for cracked hands,skin concern,24995,Luxurious,5,"By far the best, most pure night time hand cream I’ve ever found!",1
Q19,lip balm for chapped lips,skin concern,12204,Lip Balm Perfection,5,"Great lip balm! It soothes my family’s sore, chapped lips AND tastes great! Effective enough for dry climates and tasty enough to use year round! I’m looking forward to trying all of the flavors!",2
Q19,lip balm for chapped lips,skin concern,43042,Best Lip Balm I’ve Ever Used,5,My lips could survive a nuclear blast and still be moisturized. You could give a mummified cadaver some Labello and their lips would come back to life. I only use this lip balm just because it’s impossible to have chapped lips ever again. 5 Stars hands down,2
Q19,lip balm for chapped lips,skin concern,38358,It is OK,3,"This is an ok product for the most part. It is one of the only eos whose smell does not give me a headache. It however, does not heal my chapped lips. It is an egg-shaped item, which make it easy to apply, but it still doesn't heal chapped lips. Try this. [[ASIN:B002VFAV6U Burt's Bees - Beeswax Lip Balm Tube, .15 oz sticks]] It is a much better choice.",2
Q19,lip balm for chapped lips,skin concern,2762,the best lip balm EVER!,5,I love this lip balm because it really works on dry and cracked lips and it truly tastes like vanilla.,2
Q19,lip balm for chapped lips,skin concern,2175,Truly Amazing!,5,"The most amazing lip balm I have ever used, with great, natural ingredients. It goes on smoothly and really nourishes my lips while most other lip balms simply coat and sit on the surface of the lips. The scents/flavors are lovely but subtle enough for someone who is sensitive to fragrance like me. This lip balm has seriously become one of my most treasured possessions!",1
Q19,lip balm for chapped lips,skin concern,10170,Best lip balm...EVER,5,The only lip balm I will use! It leaves your lips soft and moisturized all day. No need to keep applying it like other brands. Also some other brands tend to make your lips peal...not this one. Wish more stores carried Kiss the Face lip balm but I just buy it in bulk now from Amazon.,1
Q19,lip balm for chapped lips,skin concern,13238,Great for lips,5,My lips are super chapped and dry and this product helps a lot.,0
Q19,lip balm for chapped lips,skin concern,35584,Works with strong scent,4,"I love how well this lip balm moisturizes my lips.  I am not a fan of the scent, passion fruit and mango. But it works well and lasts for several hours.",1
Q19,lip balm for chapped lips,skin concern,5965,Lobello,5,Great value for a staple lip balm,1
Q19,lip balm for chapped lips,skin concern,37281,Pretty color but not as moisturised.,4,Color is very charming and bold enough for a balm. It gives color as much as Milk lip balm but not as moisturize as other lip balms.,1
Q19,lip balm for chapped lips,skin concern,12102,Quility,5,Top three in lip balm.,1
Q19,lip balm for chapped lips,skin concern,25783,great,5,"Great lip balm, love the shimmer",1
Q19,lip balm for chapped lips,skin concern,14718,excellent lip balm,5,Another great Green Breeze lip balm-,1
Q19,lip balm for chapped lips,skin concern,23540,Chocolate/blueberry lip balm,5,I fell in love with this lip balm.  The combination of chocolate and blueberries is incredible!  I won't buy any other lip balm EVER!,1
Q19,lip balm for chapped lips,skin concern,6100,Pangea Lip balm,5,"best lip balm, smell a last longer",1
Q19,lip balm for chapped lips,skin concern,20252,Best lip balm I have ever purchased.,5,Best lip balm I have ever purchased.,1
Q19,lip balm for chapped lips,skin concern,41614,Two thumbs up! Very good buy!,5,perfect for lip balm making! sturdy plastic. will by again!,1
Q19,lip balm for chapped lips,skin concern,31458,Good quality for our homemade lip balm,5,Good quality for our homemade lip balm - no odor or aftertaste,1
Q19,lip balm for chapped lips,skin concern,4772,Love these. Worked well for my lip balm,5,Love these.  Worked well for my lip balm.  Will order again.,1
Q19,lip balm for chapped lips,skin concern,27899,Great and gentle exfoliate,4,Great and gentle exfoliate! Leaves lips nice and soft! Got rid of my chapped lips after the first use! Would be even better tho if it came as a duo moisturizer!,0
Q19,lip balm for chapped lips,skin concern,15043,Best lip balm,5,My favorite lip balm. Won’t use any other brand,1
Q19,lip balm for chapped lips,skin concern,25917,Awesome Lip Balm,5,"Really nice lip balm! Lots of product too, smells like cake batter chapstick.",1
Q19,lip balm for chapped lips,skin concern,42565,NOT A GOOD LIP BALM FOR ME,1,"I did not like this lip balm, as it was very drying to me.  Smell and flavor was good, but besides drying out my lips, it did not stay on well, and I wasn't keen on the color either.",1
Q19,lip balm for chapped lips,skin concern,37640,Best natural lip balm ever,5,"Second lip balm I've ordered and I love then. Great feel, stays put. Love it!!",1
Q19,lip balm for chapped lips,skin concern,35282,Best lip product ever!,5,"This is the only lip balm I use.  It’s very moisturizing and stays on for a long time.  It doesn’t leave your lips dried out after it rubs off.  I didn’t like the orange one with higher SPF as much, it wasn’t as creamy and nice feeling on my lips.",1
Q19,lip balm for chapped lips,skin concern,27005,Meh. Not my favorite lip balm.,3,"I thought this product was meh. I use it because I bought it, it’s definitely not my favorite lip balm. I wish it was slightly thicker, it does melt into the lips pretty quickly so I have to reapply frequently. The smell is very faint of almond oil, a little bit sweet. My lips are soft though! I wouldn’t say they’re really hydrated. For the price I think there are better options for better quality",1
Q19,lip balm for chapped lips,skin concern,8814,"Beautiful shade, great lip balm",4,"Comparable directly to Dior Lip Glow in the shade Coral.<br />I owned the Dior lip glow before I decided to buy this, and honestly, I like this product better. Dior applies sticky and heavy which leaves my lips dry again rather quickly after applying.<br />This product initial goes on very light, however both the balm as well as the pigmented color are meant to be built up. I find 3 applications of this lip balm give me the best moisture support as well as the most attractive color amount. It's still subtle enough to not appear as a lip stick.<br />I love this product and for the same price as one tube of Dior, I got 7 different shades from Secret Key. Can't beat that. I would buy again and ",1
Q19,lip balm for chapped lips,skin concern,9795,"Creamy, smooth and Hydrates for hours!",5,This balm is amazing! Keeps you lips hydrated for hours! It's on the pricey side for a chapstick but it's well worth it! I won't use any other brand!,1
Q19,lip balm for chapped lips,skin concern,18854,LOVE this,5,"LOVE, LOVE, LOVE this lip balm.  My whole family uses it and loves it.  It moisturizes and treats so that the moisture lasts beyond when you actually still have it on your lips.  Will be rebuying!",1
Q19,lip balm for chapped lips,skin concern,11714,Does the jpb very well!,5,"This happens to be the only lip balm that I have used that does not end up drying out my lips. Stumbled on it at the pharmacy, tried it and fell in love. Went looking for it in the store again and could not find any.....until I looked on Amazon. Bought a couple just to make sure I don't run out before I get more.",1
Q19,lip balm for chapped lips,skin concern,23521,Silky Smooth,5,"I use this balm on my lips and I'm addicted. The formulation is so well made that when you apply it, it transfers so smoothly. It has become part of my everyday routine!!",0
Q19,lip balm for chapped lips,skin concern,26449,I actually really like this. It doesn’t chap my lips and it ...,5,"I actually really like this. It doesn’t chap my lips and it gives it a nice light rosy gloss. I bought this at the same time as the Dior Lip Glow because I wanted an everyday lip gloss/balm that is natural and as much as I love the Dior one, it’s just too expensive. The Dior one is $33 so when I use it up, I think i’ll repurchase the Labiotte one.",0
Q19,lip balm for chapped lips,skin concern,3099,My favorite lip balm,5,"This is the best lip balm. Great consistency, I don’t have to apply it often. I have them everywhere except in the car. Can’t leave home without it!",1
Q19,lip balm for chapped lips,skin concern,15050,It's ok!!,3,I ordered this because I am on a temporary oil free diet and this seemed to be my only option for lip balm. I just got it today and it's ok. It dries kinda weird but I guess it kind of hydrated my lips a little. It absorbs really fast though. Wish there was a better product out there,1
Q19,lip balm for chapped lips,skin concern,22892,Good product,4,This is my favorite lip balm and is not always available where I shop.,1
Q19,lip balm for chapped lips,skin concern,35094,highly recommend,5,love this product! only chapstick that works for me and keeps my lips soft and moisturised all day!,1
Q19,lip balm for chapped lips,skin concern,28001,works great !!,5,"have bad chap lips , so it helps !!",0
Q19,lip balm for chapped lips,skin concern,13693,Beeswax is the working ingredient!,5,Beeswax is the first ingredient on the list. That is definitely the secret to moist lips for me. I’ve tried other lip balms with beeswax but none with it being the main ingredient. It also goes on very easy. Definitely needed when lips are dry.,0
Q19,lip balm for chapped lips,skin concern,32980,great product,5,"very good lip balm,  gave out for holidays as part of gift bag.",1
Q19,lip balm for chapped lips,skin concern,35714,Love the Color,5,Love the Color! Looks just like the photo. Stays on All Day but can feel a little dry on your lips. Nothing a little lip balm can't fix. Get It...You Will Not Regret It!,1
Q20,lightweight moisturizer for oily skin,skin type,33104,Good stuff,4,really good moisturizer. Doesn't leave skin oily but is still moisturizer. Great as a day and night cream,1
Q20,lightweight moisturizer for oily skin,skin type,16048,"Lightweight, no white  cast",5,"Great sunscreen for combination/oily skin type. Does not irritate or dry out  my skin, feels lightweight and nice. Already purchased the second one 👍",0
Q20,lightweight moisturizer for oily skin,skin type,19947,Just right,5,Perfect moisturizer- not too oily but not too light. Leaves my skin feeling and smelling great,1
Q20,lightweight moisturizer for oily skin,skin type,36239,Quality oul,5,This is the perfect carrier oil for my essential oil rollers. It is a lightweight oil and does not leave an oily residue on my skin.,1
Q20,lightweight moisturizer for oily skin,skin type,3418,Good toner,4,"It really mattify makeup, good for oily skin just make sure u use a water based moisturizer so it can function well, and a matte finish foundation too",0
Q20,lightweight moisturizer for oily skin,skin type,12369,Great Vitamin C Serum,5,"Excellent product, long time user as recommended by my dermatologist. Lightweight, absorbs super fast, lovely scent and really brightens up my skin! To use every morning after clean/tone and before moisturizer.",0
Q20,lightweight moisturizer for oily skin,skin type,7893,Great coverage and longwearing.,5,Great for my oily skin.,1
Q20,lightweight moisturizer for oily skin,skin type,19747,One Star,1,Too oily for my skin.,0
Q20,lightweight moisturizer for oily skin,skin type,23827,Yummy,4,"Love the subtle shimmer, and smell. Lightweight and easy to absorb. I wear this for special occasions. I need a deeper body moisturizer in between.",1
Q20,lightweight moisturizer for oily skin,skin type,36398,Amazingly soft results,5,AWESOME MOISTURIZER....<br />I use it for my skin and hair. Its too oily for my face but works well on my arms and legs. This butter is amazing for natural hair woman that have used bleach it protects and moisturizes the hair shaft.♥♡♥♥,1
Q20,lightweight moisturizer for oily skin,skin type,29564,Natural Exfoliant,5,"I like it.  A natural exfoliant.  Will dry your face, so unless you're treating oily T zone, moisturizer is recommended.",0
Q20,lightweight moisturizer for oily skin,skin type,11185,Love this product,5,I love this face wash but it’s not for me I need a face wash for oily skin this was a great face wash to moisturize the skin but not to stop the oily skin,0
Q20,lightweight moisturizer for oily skin,skin type,42707,Cucumber Smelling That Really Moisturizes,5,"This cream reminds me of cucumber water at the spa. The smell is light, like the lightweight feeling of the moisturizer. I have sensitive skin and my face drinks this moisturizer in. It makes my very dry areas feel just soft and fresh. Gold Digger makes a nice set of skin line products and this is also a well packaged/bottled item. I love the natural products in it and think it’s a great investment to your skin line items.",1
Q20,lightweight moisturizer for oily skin,skin type,7162,Melts right off your face!,1,Really oily on my skin,0
Q20,lightweight moisturizer for oily skin,skin type,28128,I have been searching FOREVER for a great moisturizer. My skin during winter gets soo dry ...,5,"I have been searching FOREVER for a great moisturizer. My skin during winter gets soo dry I am so glad to have been able to test this product its amazing. I dont think I would recommend this product for oily skin but dry skin for sure. It is thick and has great coverage and sinks into your skin fast. My skin feels so hydrated and moisturized!  Lets face it, dry skin and makeup together do not go!",1
Q20,lightweight moisturizer for oily skin,skin type,6457,Great product! Does working!,5,Good for the acne. Also the oily skin. Lov this!,1
Q20,lightweight moisturizer for oily skin,skin type,61,Good for dry skin,4,"It was too oily for my oily-combo face, but my friend with dry skin who I gave it to LOVES it!",0
Q20,lightweight moisturizer for oily skin,skin type,7833,Five Stars,5,This works well for oily skin.. Keeps your face feeling refresh,1
Q20,lightweight moisturizer for oily skin,skin type,22195,Too greasy,1,Way too greasy for me and I dont have oily skin...I love the  bright skin version though,1
Q20,lightweight moisturizer for oily skin,skin type,42910,Not for oily skin,3,Product ok.  Not long lasting on oily skin,1
Q20,lightweight moisturizer for oily skin,skin type,40923,Best moisturizer for my skin,5,"I’m a member of the Crowdtap Aveeno® rewards program, and Aveeno® sent me a samples of its POSITIVELY RADIANT® DAILY MOISTURIZER BROAD SPECTRUM SPF30 to review.  This is going to be my new go-to moisturizer for sure!  It seeps into the skin quickly which is great since my skin is quite oily in certain parts of my face and with other moisturizers it feels like they just sit on my skin.  And I can use this on my slightly sensitive skin without breaking out which happens when I use any kind of SPF.  Very happy with this product and will be buying a full bottle asap.",1
Q20,lightweight moisturizer for oily skin,skin type,42252,Good for normal/oily skin. Scent is very clean,5,"This toner smells so clean and nice. I wouldn't recommend it if you have very dry skin, because it did feel a bit uncomfortable on the dry parts of my face. However, if you have normal and/or oily skin, this toner is wonderful. It helps my serum and moisturizer get absorbed more quickly into my skin and leaves a nice, dry feeling (at least on the non-dry parts of my skin).",0
Q20,lightweight moisturizer for oily skin,skin type,34796,THE absolute best ever for oily skin,5,THE absolute best ever for oily skin  I mix with liquid foundation or pigment drops if It’s a makeup day,0
Q20,lightweight moisturizer for oily skin,skin type,29687,This is an excellent product for oily skin and blackheads,5,This is an excellent product for oily skin and blackheads.  Natural ingredients work very well to keep your skin cleaner and clearer.,1
Q20,lightweight moisturizer for oily skin,skin type,16290,Oily.,2,Didn't love it. Smelled a little funny and left my skin feeling oily. Won't be purchasing again.,0
Q20,lightweight moisturizer for oily skin,skin type,28531,Must have for those with oily skin,5,"Love this product!  I have extremely oily skin and found that my face would show oil about an hour after doing my make up.  With this product, I put it on then do my makeup and I'm oil free all day long.  I would recommend this to anyone with oily skin.",1
Q20,lightweight moisturizer for oily skin,skin type,21988,many different k-beauty moisturizers supposedly for acne-prone skin and this one is the best. Most moisturizers for oily skin le,5,"I have oily and acne-prone skin. I tried many, many different k-beauty moisturizers supposedly for acne-prone skin and this one is the best. Most moisturizers for oily skin leave my cheeks too dry in the winter or are too oily and cause breakouts. My skin absorbs this one. Nice semi-matte finish. No breakouts. Just your smooth, hydrated skin. The tub is on the expensive side but you get a generous amount.",1
Q20,lightweight moisturizer for oily skin,skin type,11496,Light weight not oily.,5,Not heavy or oily. I like how my skin feels after.,1
Q20,lightweight moisturizer for oily skin,skin type,20860,Not for people with dry skin,4,Use a moisturizer after if you have dry skin because this really dries out the skin .,1
Q20,lightweight moisturizer for oily skin,skin type,34011,A great moisturizer for my older skin,5,"This is a light, slightly scented moisturizer that keeps my skin moist all day. I used to use it but was lured away with cheaper drugstore items. Well worth the price!",1
Q20,lightweight moisturizer for oily skin,skin type,33180,Great product for oily skin,5,"I've never seen a product like this, it takes the oils off your face and makes it feel a little tight but I don't mind bc I'll use anything to prevent my oily skin. Not a miracle product but definitely helps my makeup stay on my face for longer.",1
Q20,lightweight moisturizer for oily skin,skin type,4578,Good product but skin was still dry.,4,Moisturizing yet not greasy. However I found that for aging dry skin I needed another moisturizer on top of that.,1
Q20,lightweight moisturizer for oily skin,skin type,25933,It’s just like petroleum jelly,3,I was hoping this would be better than a regular moisturizer but it’s actually worse. I have sensitive skin do I was looking for something to help me. But this just leaves your skin super grease and it’s just like petroleum jelly. I’m very disappointed,1
Q20,lightweight moisturizer for oily skin,skin type,2547,Best lotion we've found!,5,"My husband and I find that it is not greasy, moisturizes well, helps with eczema and very dry skin, and is useful for massage.",1
Q20,lightweight moisturizer for oily skin,skin type,27391,better to use an oil with,3,This moisturizer is fair not to rich if that is what you are looking for.....better to use an oil with it,1
Q20,lightweight moisturizer for oily skin,skin type,9420,"Great product,",5,I love this product. It really helps moisture my dry oily skin. I would highly recommend this product!,1
Q20,lightweight moisturizer for oily skin,skin type,37612,Light,5,This is a great moisturizer. It goes on light and doesn’t make my skin feel sticky. It absorbs quickly and my skin is dewy and moist.,1
Q20,lightweight moisturizer for oily skin,skin type,27992,Five Stars,5,Best moisturizer I’ve ever used. Expensive for the small amount but worth it if you value your skin,1
Q20,lightweight moisturizer for oily skin,skin type,34176,Good product,5,Dermasil products are great!  These moisturizers are light and not greasy on my skin.,1
Q20,lightweight moisturizer for oily skin,skin type,29985,Best ever,5,"The best moisturizer I have ever used and I have used plenty. Heavy duty, takes care of winter dry skin overnight.",1
Q20,lightweight moisturizer for oily skin,skin type,16957,I've been looking for a good moisturizer for a while now and had high hopes ...,2,"I've been looking for a good moisturizer for a while now and had high hopes for this one. After the first use, I noticed that it was a little greasy and my skin felt a little sticky. Then I smelled it. I immediately washed it off because the scent was so strong and I definitely didn't like it. Therefore, I can comment on how well it actually moisturizes because I haven't used it since. Hopefully, if you like the scent, it works well for you but unfortunately it won't be a product I'd use again.",1
Q20,lightweight moisturizer for oily skin,skin type,10478,It works,5,An excellent moisturizer that holds real moisture in my skin.,1
Q20,lightweight moisturizer for oily skin,skin type,16053,Sweet Smell,4,Excellent daily moisturizer with an amazing subtle sweet smell. I like this product because it completely absorbs into the skin without that greasy feeling.,1
Q20,lightweight moisturizer for oily skin,skin type,24313,I am glad I tried it. Now I am obsessed with all their products!,5,"I was skeptical at first. I have very dry skin, well except my face. It is rare to find a moisturizer that hydrates your skin and also does not leave you greasy! I have been using elta MD sunscreen, face wash, and face cream for a while now. So I thought I'd give this moisturizer a try, and I am glad I did! I love all of their products!",1
Q20,lightweight moisturizer for oily skin,skin type,38668,A little drying,4,Slightly more drying than I expected considering my oily skin.,1
Q21,alcohol free toner for sensitive skin,restriction,12316,The bomb!,5,This product is fantastic I’m ordering it again !  Great for sensitive skin and bonus ....it cured my chronic dry winter facial skin.  Very soothing to vaginal tissue no perfumes or alcohol highly recommend !,1
Q21,alcohol free toner for sensitive skin,restriction,9616,use with caution!!,2,"Be warned:  Although the product claims to be for sensitive skin, it is in an ALCOHOL base.  I use it on a delicate body part and was severely burned.",1
Q21,alcohol free toner for sensitive skin,restriction,6084,Best Cotton pad ever!,5,"My new favorite! So soft, so fuzz and lint free, and just the right size for removing fingernail polish, applying facial products, and little cleanup chores. They have just the right amount of thickness so you won't waste a ton of polish remover, face toner or alcohol when you just need a little.",1
Q21,alcohol free toner for sensitive skin,restriction,29280,I like it. Good for sensitive skin.,5,"Oil free is good for sensitive skin, and after used it you will feel moisturizing. I use to had oil base make up remover, that is some stickies. So I select this product, I have to say, it is really properly for my sensitive skin.",1
Q21,alcohol free toner for sensitive skin,restriction,12247,Natural,5,I used this Aloe spray for toner after I washed my face and it worked so so well and I LOVED the fine mist sprayer on it. Definitely recommend!<br />Side note - I have extremely sensitive skin and it was fine.,1
Q21,alcohol free toner for sensitive skin,restriction,30035,Love the smell,5,"It's a skin toner. (like Thayers Alcohol-free Rose Petal Witch Hazel with Aloe Vera)  Even though the bottle says Make up Remover, it is not the same as real make up remover.  If I wear make up, I make sure to use cream or oil to remove my foundation/BB Cream/Sun Screen, eye shadow, mascara etc.. then wash my face with foam cleanser or soap then use this toner as a final step to remove the trace of make up.  Wet the cotton pad with the toner to swipe over my face.  If I still have any trace of make up left then I'll see on the cotton pad.  It leaves my skin soft and smooth.<br /><br />When I don't wear make up I just wash my face then either use cotton ball or spritz directly.  Spritz onto t",1
Q21,alcohol free toner for sensitive skin,restriction,2155,Best!!,5,Great for sensitive skin! Best!!!,1
Q21,alcohol free toner for sensitive skin,restriction,29787,Light and fluffy!,5,Great for dry sensitive skin!,1
Q21,alcohol free toner for sensitive skin,restriction,7721,"After 2 years of trying to find the right wash for my sensitive skin, this is amazing.",5,Perfect for my sensitive skin.,1
Q21,alcohol free toner for sensitive skin,restriction,39509,Five Stars,5,good stuff for sensitive skin.,1
Q21,alcohol free toner for sensitive skin,restriction,6082,New favorite cica balm,5,I’ve been using this for about two weeks and it has significantly cleared an especially stubborn eczema spot on my chin. Also great for healing blemishes. Love that the ingredients are short and sweet and that it is fragrance free and essential oil free. The SoonJung line is fantastically reliable and great for sensitive skin.,1
Q21,alcohol free toner for sensitive skin,restriction,3945,Another great Pure Bliss product!,5,"I first discovered this brand when I was looking for an Indian clay mask, and theirs is truly amazing. They recently came out with this micellar water, which is all the rage right now. What I've noticed that sets their product apart from others is that it contains witch hazel. Witch hazel is very calming to the skin. However, be aware that it does contain a small amount of alcohol. I use other micellar water products to remove my eye makeup but this one is probably not best for that due to the alcohol content (it burns). That said, I have noticed less redness in my face since using this product. I have irritated, sensitive, and acne prone skin. While it's a bit pricier than the drugstore alt",0
Q21,alcohol free toner for sensitive skin,restriction,32077,Great product,5,Great for people with sensitive skin,1
Q21,alcohol free toner for sensitive skin,restriction,9240,Love it,5,Great for sensitive skin . Smells good,1
Q21,alcohol free toner for sensitive skin,restriction,31128,nice,5,nice and good for sensitive skin,1
Q21,alcohol free toner for sensitive skin,restriction,28813,Not for dry skin,2,This toner dried out my face bad.  Will not recommend if you have dry to combination skin type.,1
Q21,alcohol free toner for sensitive skin,restriction,12661,Nice!,5,"Great for sensitive skin, smells good too!",1
Q21,alcohol free toner for sensitive skin,restriction,2326,"Mild, floral scented toner",4,Product comes in a clear plastic spray bottle containing 6.76 ounces of liquid. The liquid is lightly scented with floral essences and can be used in ways - if used as a toner you'll spray into a cotton ball and then rub it along your face. If can also be used as a skin mister for quick rejuvination of tired/dried skin as you need it. Product contains no alcohol and the floral formulation is fairly effective at removing dirt/grease from the skin.,1
Q21,alcohol free toner for sensitive skin,restriction,37615,Moisturizing,5,This product is moisturizing. I added yo my daily skin routine after toner. So far would recommend this product.,1
Q21,alcohol free toner for sensitive skin,restriction,1522,my transaction was perfect - I have very sensitive skin and apparently very ...,2,"my transaction was perfect - I have very sensitive skin and apparently very sensitive eyelids - I got a rash from it but as I said, I have particularly sensitive skin.",1
Q21,alcohol free toner for sensitive skin,restriction,23390,Great for sensitive skin,5,This is the best spf for sensitive skin... love it!,0
Q21,alcohol free toner for sensitive skin,restriction,21995,Sensitive skin beware,2,"Not for sensitive skin, caused slight rash on face when used.",1
Q21,alcohol free toner for sensitive skin,restriction,8964,Excellent set for sensitive acne prone skin,5,"Amazing set. I needed travel size sensitive skin-friendly skincare set for 5-day conference, and decided to get this one - the set includes milk cleanser, foam cleanser, toner, cream, and sunscreen. I have sensitive acne-prone skin, and the set did not irritate my skin or cause any new pimples. I still had to purchase a tiny bottle of cleansing oil and eye cream, but other than that, this set got me covered -both toner and cream are really moisturising, the foam cleanser didn’t dry out my skin at all (which is super rare). My conference is over, and I haven’t even used half of all the products (and I’m a skincare junkie, so…). The only thing I wasn’t a big fan of the sunscreen - makeprem hav",1
Q21,alcohol free toner for sensitive skin,restriction,40419,good for sensitive skin!,5,You get a lot for what you pay for. It's very absorbent and I have very sensitive skin and it doesn't irritate my skin at all.,1
Q21,alcohol free toner for sensitive skin,restriction,28576,For sensitive skin,4,I have sensitive skin and it works well for me . Was looking for it to stop puffiness under eye I have seen a little improvement.,1
Q21,alcohol free toner for sensitive skin,restriction,30226,Great for sensitive skin,5,Husband loves! He has very sensitive skin but wanted an exfoliating scrub. Perfect.,0
Q21,alcohol free toner for sensitive skin,restriction,35510,Would not recommend for sensitive skin.,2,Would not recommend for sensitive skin due to stinging sensation after use.,1
Q21,alcohol free toner for sensitive skin,restriction,16779,Good for sensitive and ance prone skin.,4,"I have very sensitive and breakout skin. This cleanser keeps my facial skin hydrated, unlike other brands. I would recommend if you have these following skin conditions- Sensitive, Acne-prone, and Combination of oily and dry skin.",0
Q21,alcohol free toner for sensitive skin,restriction,13794,To harsh for my sensitive skin,1,"It make my skin very dry after use. I do have very sensitive skin, and it is not for those who do.",1
Q21,alcohol free toner for sensitive skin,restriction,4617,Great for sensitive skin,5,Smells amazing and helps for sensitive skin. I use this before and after water wipes and it keeps my son fresh and soft.,1
Q21,alcohol free toner for sensitive skin,restriction,266,Great for people with sensitive skin!,5,"Great quality product!<br />Leaves skin soft and hydrated<br />Absorbs well, does not leave any greasy residue.<br />Great for people with sensitive skin!",1
Q21,alcohol free toner for sensitive skin,restriction,32367,For sensitive skin type,5,I always love these face masks because they moisturize my skin and never irritate my highly sensitive skin. I have repurchased them many times and will keep coming back.,1
Q21,alcohol free toner for sensitive skin,restriction,17559,Good for sensitive combination skin,4,"Good face wash. It removes the oil without drying out your skin. I have fair sensitive combination skin that gets small tiny white head pimples with changes in weather or any irritants in the air. I use this in the shower followed by a light moisturizer for sensitive skin (Neutrogena sensitive skin moisturizer) and it helps with the acne. It does irritate your eyes though more than other face washes I've used, so make sure you wash well around yours eyes and eyelids (only reason I gave 4 stars), as far as clearing the skin it is 5 stars.",0
Q21,alcohol free toner for sensitive skin,restriction,21224,and no pseudoscience crap. Just BHA and some humectants,5,"One of the few salicylic acid (BHA) toners out there with no alcohol, no AHAs, no fragrance, and no pseudoscience crap.  Just BHA and some humectants.  Exactly what I wanted and I will keep ordering even if it has to come from Japan.",1
Q21,alcohol free toner for sensitive skin,restriction,23058,Love it,5,"This works great. Use a pre-makeup remover such as neutrogena hydrating eye makeup remover lotion on eyes and then all over face, then use this stuff, and voila perfect skin, supple no dryness or flakiness, no need for a toner",0
Q21,alcohol free toner for sensitive skin,restriction,40620,Tree of Life Products Don't Disappoint,5,"Although this toner is ""watery"" it does a good job.",1
Q21,alcohol free toner for sensitive skin,restriction,39034,Amazing!,5,This is the best toner I’ve ever used!,1
Q21,alcohol free toner for sensitive skin,restriction,36172,Works great!,5,"Easy to use, good for sensitive skin, and my skin felt rejuvenated after!",1
Q21,alcohol free toner for sensitive skin,restriction,42252,Good for normal/oily skin. Scent is very clean,5,"This toner smells so clean and nice. I wouldn't recommend it if you have very dry skin, because it did feel a bit uncomfortable on the dry parts of my face. However, if you have normal and/or oily skin, this toner is wonderful. It helps my serum and moisturizer get absorbed more quickly into my skin and leaves a nice, dry feeling (at least on the non-dry parts of my skin).",1
Q21,alcohol free toner for sensitive skin,restriction,20759,it's ok,3,"When I use this with my toner, I notice it leaves white stuff on my face.",1
Q22,paraben free shampoo,restriction,24195,Not Paraben free,1,"Listing claims product is paraben free, however parabens are listed in the ingredient list on the product label.",1
Q22,paraben free shampoo,restriction,37723,Great product! It’s fragrance,5,"[[VIDEOID:8dd8aa7b1af578eecff78a512ca4a479]] Great product! It’s fragrance, sulfate and paraben free. It’s also cruelty free (no animal testing) which is very important to me. It’s made in the USA. I tested it, it worked wonder. It doesn’t leave an oily film on your skin and it does remove your makeup!  Kept my face moisturized.",1
Q22,paraben free shampoo,restriction,21957,Great smelling shampoo,4,"So far I am loving this shampoo! My hair is thick and wavy and some shampoos just dry it out like crazy. But this shampoo actually left my hair feeling soft just the shampoo alone. It has a great smell and is sulfate free so I don't have to worry about it leaching the color fromy dyed hair!  My 6 yo daughter has curly fine hair and this shampoo didn't tangle it up like most do! I love it. I got this shampoo for free in order to test and review it, however these are my opinions and I was not swayed by the free product.",1
Q22,paraben free shampoo,restriction,41847,Good products to deal with chlorine and other chemicals,4,If you are looking to keep your hair free of the smell and unwanted effects of chlorine these products address that issue.  The shampoo and conditioner will keep your hair soft and chlorine free.  The lotion has a nice feel after a swim and complements the shampoo and conditioner nicely.,1
Q22,paraben free shampoo,restriction,33590,Not for curly or dry hair at all.,1,"I bought this shampoo after reading the glowing reviews. I have 3a curly hair, and wanted a sulfate-free shampoo to use once or twice a week. This shampoo stripped all moisture from my hair both times that I used it, and I started to develop flakes. I didn't change anything else about my routine, and have used other sulfate-free shampoos with the same oils with no issues. I've even used sulfate shampoos that didn't strip my hair as much. Really disappointed but will keep looking for a new shampoo.",1
Q22,paraben free shampoo,restriction,24375,Smells great!,5,It's a good smelling conditioner for the kids. We received a bottle of the shampoo for free and so it made sense to but the conditioner.,0
Q22,paraben free shampoo,restriction,24434,"Good product, nostalgic smells",4,"Great ingredients; def “weightless” so good for thinner strands. Maybe not moisturizing enough for my bleached ends, but tangle free so it works. The shampoo smells like Johnson&Johnson baby shampoo and the conditioner smells like orange cough syrup; weird, but it doesn’t last on your hair. No complaints!",1
Q22,paraben free shampoo,restriction,525,I loved the shampoo,5,"I loved the shampoo.....it is really great ,,makes my hair smooth and silky.......i also liked that it is sulfate free....and smells good as well....i will love to purchase it again and i recommend this to everyone.<br />i received this product free in exchange of honest and unbiased opinion.",1
Q22,paraben free shampoo,restriction,39710,Just what I hoped for,5,"I have short fine hair and was looking for a (completely) sulfate free shampoo (many shampoos claim to be sulfate free but contain sulfonate). This shampoo is a nice change from the professional brand  I’d been using which frankly dried my hair out.  I can use this shampoo without a daily use of conditioner with my hair being short.  My hair looks thicker and it also is very manageable.  It smells refreshing but I love the smell of rose water.<br />This brand is very clean. No dyes, no parabens, no sulfates, no animal testing.  Excellent for people with sensitive skin.  Compared to other brands I’ve tried you also get more for your money.<br />My new shampoo for sure.",2
Q22,paraben free shampoo,restriction,6548,It also leave my hair soft and pretty much tangle free,5,"I have very blonde hair, and this shampoo keeps it from turning an ugly shade of mermaid green.  It also leave my hair soft and pretty much tangle free.  Get it.  You wont' be sorry.",1
Q22,paraben free shampoo,restriction,9968,Hands down best shampoo for colored hair.,5,"This is absolutely the best shampoo I've ever used with colored hair. Even other sulfate free shampoo s cause color to fade immediately, but not this one. The lather is light and the difference in color after showering is hardly noticable while also being clean and fresh. Can't find it anywhere in stores anymore 😭",1
Q22,paraben free shampoo,restriction,15094,Love this color,5,"Love this color, little more red than orange. This brand is now available at Sally's and Hot Topic and is cheaper. Lasts a long time if you wash with sulfate free shampoo and cold water.",1
Q22,paraben free shampoo,restriction,41179,Quality product,5,"I have coarse, naturally frizzy hair, and I have been looking for a sulfate-free shampoo that will help with the frizz problem. Tried this out and bought two more bottles because it ended up working so well. It makes my hair smooth, frizz-free, and shiny. I bought for my teenage daughter as well. You should really try.",1
Q22,paraben free shampoo,restriction,14991,NOT FOR MEN as the bottle is not BPA free,2,I had asked the question is this product BPA free while waiting for a response I went ahead and bought it.<br />The shampoo was not bad but this product is NOT FOR MEN<br />Nowhere does it say it is BPA free and as you know ANY plastics with BPA are harmful to men and their Testosterone Levels and their prostate.,1
Q22,paraben free shampoo,restriction,24227,YOU MUST TRY THIS SHAMPOO and CONDITIONER,5,This is an honest review and I am not part of any review program for free items. With that said I absolutely love this shampoo and conditioner. It's light weight SMELLS AMAZING and feels hair living soft and not heavy or oily. Only negative is lack of suds but the sulfate free is because of it. Try it you won't regret it. Thanks for reading.,1
Q22,paraben free shampoo,restriction,30973,Natural and effective!,5,"This review is for Deep Conditioning Treatment & Hair Thickener - Promotes Hair Growth, Prevents Hair Loss - Organic Beauty Products (4oz)<br />from Elizabeth Parker Naturals.  The conditioner is a Deep Conditioning Mask that is made for every day use. Use as a leave in or rinse out. It extremely concentrated as we use zero water or other fillers, so the bottle is not quite as large as others you are used to purchasing.  Product is Sulfate Free, Paraben Free, Alcohol Free, Fragrance Free, Gluten Free and Vegan Friendly.  The conditioner contains the following ingredients: Organic aloe barbadenis gel, cocamidalpropyl betaine, leptospermum scoparium (manuka) mel honey, centipede cunninghamii,m",0
Q22,paraben free shampoo,restriction,276,Leave in Conditioner for Curly Hair Therapy by Royal Locks,5,"This is the real deal. Designed for naturally curly, wavy or grey hair,  or any hair type that needs deep conditioning.  I have 50 year old curly highlighted Irish hair. My styist actually noticed how soft it felt and controllable it looked.  The product calls it Curl Rescue with Keravis Ultra Conditioning Formula for Curls. No Sulfate or paraben; alcohol & cruelty free. With keratin and Vitamin B5.<br /><br />It is doubled packaged inside a mylar container to control any spill in transit.",0
Q22,paraben free shampoo,restriction,3862,I really like this conditioner,5,I really like this conditioner.  I have the shampoo and decided to try the conditioner.  It is not too heavy and doesn't make your hair greasy.  It keeps it pretty smooth and frizz free.  The bottle is big and should last a long time.,0
Q22,paraben free shampoo,restriction,30287,Awesome product -leaves hair smooth and shiny!,5,I love this product!  I wanted a sulfate-free shampoo and alot of products say they are but they still list it as one of their ingredients.  This makes my hair smooth and shiny!  My hairdresser introduced me to this product and I'm glad she did!,1
Q22,paraben free shampoo,restriction,26713,Bottles are fragile/packaging lacks quality.,3,Shampoo bottle busted.  Shampoo all over the box/ bottle upon opening.,1
Q22,paraben free shampoo,restriction,428,Good shampoo,5,Very good shampoo and delicate for waxed car.,1
Q22,paraben free shampoo,restriction,5625,DIY Color Depositing Shampoo,5,Add to your shampoo and conditioner to keep that red awesome with color depositing shampoo and conditioner of your choice!,1
Q22,paraben free shampoo,restriction,19440,great price and fast free delivery,5,great price and fast free delivery,0
Q22,paraben free shampoo,restriction,1909,Good shampoo,4,Good shampoo with pleasant fragrance however it's not color safe..,1
Q22,paraben free shampoo,restriction,18622,Best shampoo,5,I’ve been using Clear for years. Only shampoo I’ll use.,1
Q22,paraben free shampoo,restriction,33106,Great tea shampoo,4,Shampoo and conditioner felt really good.  Wax smells wonderful.,1
Q22,paraben free shampoo,restriction,12378,Smells amazing and seems to work very well,3,Smells amazing and seems to work very well. Makes my hair slightly more flat and with less frizz than my other natural shampoos. I would give this 5 stars if it didn't contain parabens. I love the smell and product but the parabens make it so that I would not repurchase.,0
Q22,paraben free shampoo,restriction,37645,Four Stars,4,very great shampoo...got this product on a discount,1
Q22,paraben free shampoo,restriction,1402,Head & Shoulders???,1,Not a shampoo I would recommend.  Looks like Head & Shoulders and smells like it too.,1
Q22,paraben free shampoo,restriction,513,amazing...totally blew me away.i was very skeptical.but...glad I tried it & yes I use the diffuser upside down 4 seconds,5,"This stuff is totally amazing, I have used the most expensive sulphate free shampoo/conditioners on my hair, nothing, nothing has ever came close to this.<br />I have long color treated layered curly/wavy very healthy hair, thick &amp; coarse, NOT DRY.I use this a nickel size or quarter size, huge amt of suds, same with conditioner..<br />I am getting the curl cream, &amp; I am going to try the mild hydrating shampoo/conditioner.to change up...the sea salt spray has always been an issue, it's junk.this VERB sea salt spray is amazing, wash/condition, small amt of curl whatever, quick spritz of sea salt spray, upside down for 4 seconds with hair, LEAVING IT WET IS A MUST FOR ME WHEN PUTTING A ",1
Q22,paraben free shampoo,restriction,18515,Five Stars,5,The best shampoo i've ever used,1
Q22,paraben free shampoo,restriction,36987,Five Stars,5,Wonderful shampoo and body wash,1
Q22,paraben free shampoo,restriction,13187,The price is better than anywhere,5,Would not use any other shampoo and conditioner. The price is better than anywhere.,1
Q22,paraben free shampoo,restriction,22667,Good with a high price.,5,Love the shampoo. A bit expensive.,1
Q22,paraben free shampoo,restriction,10250,Three Stars,3,to me not helping at all. just a normal shampoo and conditioner,1
Q22,paraben free shampoo,restriction,3630,Five Stars,5,Works fantastic best shampoo ever!,1
Q22,paraben free shampoo,restriction,34778,I Love Shisedo,5,Salon quality shampoo and conditioner that is worth the price!,1
Q22,paraben free shampoo,restriction,42046,Very nice,4,"This stuff was great. I'm not sure I'd spend this much again on such a small bottle of shampoo, but if you like blowing your money in nice hair products do it on this one!",1
Q22,paraben free shampoo,restriction,27734,Five Stars,5,one of the best shampoo's and conditioner i have ever used !!!!!,1
Q22,paraben free shampoo,restriction,42549,Good buy,5,"I make shampoo, it's good",1
Q22,paraben free shampoo,restriction,38964,Five Stars,5,This is the first time I have used Garnier dry shampoo. It works very well.,1
Q22,paraben free shampoo,restriction,20070,Five Stars,5,Great shampoo make my hair feel great,1
Q23,sulfate free shampoo for curly hair,restriction,33590,Not for curly or dry hair at all.,1,"I bought this shampoo after reading the glowing reviews. I have 3a curly hair, and wanted a sulfate-free shampoo to use once or twice a week. This shampoo stripped all moisture from my hair both times that I used it, and I started to develop flakes. I didn't change anything else about my routine, and have used other sulfate-free shampoos with the same oils with no issues. I've even used sulfate shampoos that didn't strip my hair as much. Really disappointed but will keep looking for a new shampoo.",2
Q23,sulfate free shampoo for curly hair,restriction,21957,Great smelling shampoo,4,"So far I am loving this shampoo! My hair is thick and wavy and some shampoos just dry it out like crazy. But this shampoo actually left my hair feeling soft just the shampoo alone. It has a great smell and is sulfate free so I don't have to worry about it leaching the color fromy dyed hair!  My 6 yo daughter has curly fine hair and this shampoo didn't tangle it up like most do! I love it. I got this shampoo for free in order to test and review it, however these are my opinions and I was not swayed by the free product.",1
Q23,sulfate free shampoo for curly hair,restriction,39710,Just what I hoped for,5,"I have short fine hair and was looking for a (completely) sulfate free shampoo (many shampoos claim to be sulfate free but contain sulfonate). This shampoo is a nice change from the professional brand  I’d been using which frankly dried my hair out.  I can use this shampoo without a daily use of conditioner with my hair being short.  My hair looks thicker and it also is very manageable.  It smells refreshing but I love the smell of rose water.<br />This brand is very clean. No dyes, no parabens, no sulfates, no animal testing.  Excellent for people with sensitive skin.  Compared to other brands I’ve tried you also get more for your money.<br />My new shampoo for sure.",1
Q23,sulfate free shampoo for curly hair,restriction,13064,"Silky, shiny hair :)",5,"This shampoo leaves my hair feeling very silly and extremely shiny.  The 8 oz bottles are a good size but if you have longer hair, I recommend buying a 2nd conditioner to go with this conditioner, because this conditioner doesn't spread very easily and it takes a lot for long hair.  I do recommend using a sulfate shampoo every now and then because of build up with this, which is normal for sulfate free products.  Overall it's a wonderful hair product I'll buy again.",1
Q23,sulfate free shampoo for curly hair,restriction,41179,Quality product,5,"I have coarse, naturally frizzy hair, and I have been looking for a sulfate-free shampoo that will help with the frizz problem. Tried this out and bought two more bottles because it ended up working so well. It makes my hair smooth, frizz-free, and shiny. I bought for my teenage daughter as well. You should really try.",1
Q23,sulfate free shampoo for curly hair,restriction,525,I loved the shampoo,5,"I loved the shampoo.....it is really great ,,makes my hair smooth and silky.......i also liked that it is sulfate free....and smells good as well....i will love to purchase it again and i recommend this to everyone.<br />i received this product free in exchange of honest and unbiased opinion.",1
Q23,sulfate free shampoo for curly hair,restriction,15094,Love this color,5,"Love this color, little more red than orange. This brand is now available at Sally's and Hot Topic and is cheaper. Lasts a long time if you wash with sulfate free shampoo and cold water.",1
Q23,sulfate free shampoo for curly hair,restriction,9968,Hands down best shampoo for colored hair.,5,"This is absolutely the best shampoo I've ever used with colored hair. Even other sulfate free shampoo s cause color to fade immediately, but not this one. The lather is light and the difference in color after showering is hardly noticable while also being clean and fresh. Can't find it anywhere in stores anymore 😭",1
Q23,sulfate free shampoo for curly hair,restriction,30287,Awesome product -leaves hair smooth and shiny!,5,I love this product!  I wanted a sulfate-free shampoo and alot of products say they are but they still list it as one of their ingredients.  This makes my hair smooth and shiny!  My hairdresser introduced me to this product and I'm glad she did!,1
Q23,sulfate free shampoo for curly hair,restriction,24227,YOU MUST TRY THIS SHAMPOO and CONDITIONER,5,This is an honest review and I am not part of any review program for free items. With that said I absolutely love this shampoo and conditioner. It's light weight SMELLS AMAZING and feels hair living soft and not heavy or oily. Only negative is lack of suds but the sulfate free is because of it. Try it you won't regret it. Thanks for reading.,1
Q23,sulfate free shampoo for curly hair,restriction,276,Leave in Conditioner for Curly Hair Therapy by Royal Locks,5,"This is the real deal. Designed for naturally curly, wavy or grey hair,  or any hair type that needs deep conditioning.  I have 50 year old curly highlighted Irish hair. My styist actually noticed how soft it felt and controllable it looked.  The product calls it Curl Rescue with Keravis Ultra Conditioning Formula for Curls. No Sulfate or paraben; alcohol & cruelty free. With keratin and Vitamin B5.<br /><br />It is doubled packaged inside a mylar container to control any spill in transit.",0
Q23,sulfate free shampoo for curly hair,restriction,6848,Bye Bye Bird's Nest!,5,"I originally bought this product from Costco, and loved the product so much that I bought 2 more of these from Amazon. From memory the price was comparable. So a few things about my hair. I have sensitive skin and usually have to use organic sulfate free expensive shampoos and conditioners. I also have curly, color processed hair. Curly hair is already prone to dry frizziness, but the fact I lighten my hair can make my look like a bird's nest. It is also really hard to have glossy looking locks the lighter your hair is.<br />Orlando Pita Argan Gloss Shampoo and Conditioner controls my frizz and makes my hair shiny and glossy.<br />I would recommend you try it out!",2
Q23,sulfate free shampoo for curly hair,restriction,31802,I'm super happy with this purchase,5,"As a curly girl who has officially began her curly hair journey (sulfate and paraben free shampoos, diffusing, etc), I'm super happy with this purchase. The only thing I don't particularly enjoy is that the whole thing collapses when I'm diffusing my hair so sometimes I have to use both hands. But let's face it, it says collapsible and meant for travel. Other diffusers I saw were more expensive so I got what was in my budget but this is something I would buy again, no regrets :)",1
Q23,sulfate free shampoo for curly hair,restriction,11273,Nothing natural about this product.,1,"I don't understand how this product has almost a 5 star review. This shampoo looks and smells like hand soap; I wouldn't be surprised if it actually is. It dried my hair out so much it felt like straw. There's nothing natural about this product. It has a pungent chemical smell that smells nothing like natural honey or vanilla. It states on the bottle that it's sulfate free but it obviously isn't. It lathers too much to be sulfate free. Also, it says on the bottle that it's made in Morocco but bottled in China. That makes no sense to me. It's probably not even made in Morocco. Just another cheap &#34;shampoo&#34; that's falsely labeled as all natural. What a rip off.",1
Q23,sulfate free shampoo for curly hair,restriction,5099,Super nice shampoo,5,My mother love this shampoo. I have ordered it for her in the past she also orders it too. It really leaves your hair feeling super fresh and clean. We have natural curly hair and this Shampoo is great for our hair. Thank you,1
Q23,sulfate free shampoo for curly hair,restriction,41847,Good products to deal with chlorine and other chemicals,4,If you are looking to keep your hair free of the smell and unwanted effects of chlorine these products address that issue.  The shampoo and conditioner will keep your hair soft and chlorine free.  The lotion has a nice feel after a swim and complements the shampoo and conditioner nicely.,1
Q23,sulfate free shampoo for curly hair,restriction,9896,For naturally curly hair,5,"My naturally curly hair runs SO dry, I use Frizz Ease Daily Nourishment as a shampoo AND conditioner.  It works GREAT!",1
Q23,sulfate free shampoo for curly hair,restriction,41807,Not tested in animals; Hypoalergenic and sulfate free!,5,"I'm a person that loves fragrances, specially natural oils.<br />I have a diffuser, I add natural essential oils to all my homemade lotions, shampoos, conditioners, body scrubs. My favorite scents are peppermint, sandalwood and argan.<br /><br />I have tried a few other brands of argan shampoo, and as someone who loves skin and hair products, i'm always on the lookout for brands I haven't tried yet. The ones that work best for my skin and hair, I become a recurring customer.<br /><br />I have other products from Pure Body Naturals; I like the fact that their products strive to use natural ingredients, mostly are hypoallergenic, and this shampoo is  sulfate free.<br />This shampoo is very thi",1
Q23,sulfate free shampoo for curly hair,restriction,22231,Not as silky and smooth. Feels heavy on my hair.,3,"I'm not sure if this is expected with sulfate free shampoo and conditioner but I'm not a fan of how my hair feels after washing. It doesn't feel smooth, silky, it feels a little bit heavy on my hair. However I've noticed that my hair fall drastically reduced after using this product for awhile. I tried going to their website to see who I can talk to about this but I didn't have any luck. I love their keratin express treatment but this shampoo and conditioner is a bit of a let down. I will continue and finish the bottle and see how it goes.",1
Q23,sulfate free shampoo for curly hair,restriction,12402,Have it on auto refill,5,I use to have curly hair now I have frizzy hair after radiation treatments  and this shampoo and conditioner has help tremendously. My husband also likes it. He likes it because it makes his hair feel fuller,1
Q23,sulfate free shampoo for curly hair,restriction,24642,Great for curly hair,5,Who knew there was a shampoo and conditioner out there that didn't weigh down my curly hair!?  This is an amazing product.  I also use the mousse.  I never knew my hair had such potential.,1
Q23,sulfate free shampoo for curly hair,restriction,7065,Good for curly hair,5,"Very nice, work well for my curly hair.",1
Q23,sulfate free shampoo for curly hair,restriction,17362,Curly hair,5,Love the way they hold my daughters curly hair.,1
Q23,sulfate free shampoo for curly hair,restriction,1246,Curly hair must have,5,Works great for curly hair,1
Q23,sulfate free shampoo for curly hair,restriction,8556,Recommended for curly hair,5,Excellent fine mist for curly hair restyling when there’s no time for full wash and blow dry. Love this sprayer,1
Q23,sulfate free shampoo for curly hair,restriction,36137,Not for curly or thick hair.,1,May wotk for very thin hair but didnt work on thick or curly hair.,1
Q23,sulfate free shampoo for curly hair,restriction,30610,Great brushes  for curly hair,5,Love these brushes for my girls who have super curly hair that’s very hard to untangle. Works great on wet or  dry Hair,1
Q23,sulfate free shampoo for curly hair,restriction,36030,Good for my curly hair but I have short curly ...,4,Good for my curly hair but I have short curly hair and I have a hard time to secure them inside. It says it is for long hair but I dont think mine would fit in if I had them long.,1
Q23,sulfate free shampoo for curly hair,restriction,1285,Quality product,5,I use the shampoo all the time I really like it doesn’t have any Sulfates and gives my hair body.,1
Q23,sulfate free shampoo for curly hair,restriction,513,amazing...totally blew me away.i was very skeptical.but...glad I tried it & yes I use the diffuser upside down 4 seconds,5,"This stuff is totally amazing, I have used the most expensive sulphate free shampoo/conditioners on my hair, nothing, nothing has ever came close to this.<br />I have long color treated layered curly/wavy very healthy hair, thick &amp; coarse, NOT DRY.I use this a nickel size or quarter size, huge amt of suds, same with conditioner..<br />I am getting the curl cream, &amp; I am going to try the mild hydrating shampoo/conditioner.to change up...the sea salt spray has always been an issue, it's junk.this VERB sea salt spray is amazing, wash/condition, small amt of curl whatever, quick spritz of sea salt spray, upside down for 4 seconds with hair, LEAVING IT WET IS A MUST FOR ME WHEN PUTTING A ",2
Q23,sulfate free shampoo for curly hair,restriction,20070,Five Stars,5,Great shampoo make my hair feel great,1
Q23,sulfate free shampoo for curly hair,restriction,1402,Head & Shoulders???,1,Not a shampoo I would recommend.  Looks like Head & Shoulders and smells like it too.,1
Q23,sulfate free shampoo for curly hair,restriction,20381,Five Stars,5,Great product for curly hair,1
Q23,sulfate free shampoo for curly hair,restriction,40466,Great Product,5,Great product for curly or natural hair!,0
Q23,sulfate free shampoo for curly hair,restriction,37645,Four Stars,4,very great shampoo...got this product on a discount,1
Q23,sulfate free shampoo for curly hair,restriction,8060,Did like it,1,Not great for curly hair,1
Q23,sulfate free shampoo for curly hair,restriction,13187,The price is better than anywhere,5,Would not use any other shampoo and conditioner. The price is better than anywhere.,1
Q24,cruelty free mascara,ethical preference,16700,WARNING! Thursday Plantation is NOT cruelty free. This company TESTS ON ANIMALS.,1,WARNING! Thursday Plantation is NOT cruelty free. This company DOES test on animals!,1
Q24,cruelty free mascara,ethical preference,21111,Four Stars,4,These products are great - cruelty-free and do what they say they are going to do.,1
Q24,cruelty free mascara,ethical preference,15433,"Long lasting, great quality vegan and cruelty free!",5,Love Kat Von D vegan and cruelty free products! This liner held up to its promise!,1
Q24,cruelty free mascara,ethical preference,30400,Natural tan,5,Great product. No scent and natural looking. Color can vary depending on how many drop. Cruelty free.,1
Q24,cruelty free mascara,ethical preference,35728,Not cruelty free,1,"This product is labeled ""cruelty free"" but is made with boar bristles which is very cruel. They need to remove that false advertising.",1
Q24,cruelty free mascara,ethical preference,6336,Work ok - bonus - it's cruelty free!!!,4,"My daughter tried these out and they work fairly well.  The bonus for our household, however, is that they're cruelty-free which is a definite plus!",1
Q24,cruelty free mascara,ethical preference,6387,Nice Set,4,"I got these for my granddaughter for Xmas. She is only 14 but at the stage of using a few cosmetics sometimes. I haven't heard any specifics as it's 5 mascaras. She has told me she liked the cruelty-free aspect, and that no animal products were used. Also, she did try the curling mascara and said it did noticeably curl her lashes. Will update as time goes on. I want to know for myself, too. Excellent bargain, especially if the mascara performs well.",2
Q24,cruelty free mascara,ethical preference,31017,I loved the smell but it caused a horrible rash,2,"I loved the smell but it caused a horrible rash. Darkened my skin too, this peeled off after I stopped using. Extremely disappointing, I cannot find a cruelty-free, natural product with no side effects.",1
Q24,cruelty free mascara,ethical preference,37723,Great product! It’s fragrance,5,"[[VIDEOID:8dd8aa7b1af578eecff78a512ca4a479]] Great product! It’s fragrance, sulfate and paraben free. It’s also cruelty free (no animal testing) which is very important to me. It’s made in the USA. I tested it, it worked wonder. It doesn’t leave an oily film on your skin and it does remove your makeup!  Kept my face moisturized.",1
Q24,cruelty free mascara,ethical preference,24398,Holy grail eyeliner! So happy I found it!,5,LOVE this eyeliner! It goes on so smooth and doesn't smudge (unless you want it to!) by the end of the day. It's the perfect smoky black and I absolutely love that it's cruelty free. Found my holy grail eyeliner! (Finally!),0
Q24,cruelty free mascara,ethical preference,21858,Discontinued,5,"This is the best cruelty-free oil-controlling powder foundation. It’s comparable to MAC’s Studio Fix, which I stopped using because it is animal tested. Unfortunately, Too Faced has discontinued this foundation so I am again on a quest to find a new product.",0
Q24,cruelty free mascara,ethical preference,34229,Excellent Mascara!,5,I love Honeybee Gardens products and was so happy to find them for sale on Amazon so I could get free shipping! This mascara is even better than their normal mascara. It makes my lashes full and long. I would definitely recommend this product to anyone!,1
Q24,cruelty free mascara,ethical preference,10469,Brand name for a stealer price,5,"So soft, stay alerted they are made from goat hair if anyone is anti animal cruelty.",0
Q24,cruelty free mascara,ethical preference,37187,A great natural product that's CRUELTY FREE!!!,5,I'm really loving this product. My skin is looking brighter and firmer. I have definitely seen great results on my neck and around my eyes! It's gentle enough for me to use daily. Other types of retinol products I've tried I could only use every other day. I will definitely be ordering this again especially because its CRUELTY FREE. I believe no animal should EVER be harmed in order for people to look better. I wish more products would join in the fight against animal cruelty and be more conscious of what they put in their products.,1
Q24,cruelty free mascara,ethical preference,26747,Excellent product,5,OZ Naturals provides another great addition to their skincare line with this anti-aging Retinol serum.  It contains powerful ingredients that help smooth your skin without being overly harsh like some Retinol products.  Used in conjunction with their Vitamin C and Hyaluronic Acid serums you will see much more beautiful skin.  Great customer service and very importantly cruelty free!,0
Q24,cruelty free mascara,ethical preference,23246,A GOOD GLUTEN FREE MASCARA ALTERNATIVE,5,"The company from which I usually buy my gluten free mascara has been out of it for the last number of months, and since it was time for a replacement, I decided to try this mascara after the reviews I read.  I do like it, and it also has an organic smell to it instead of the smell of most mascaras.  It's a much better price than I was paying from other companies in the past, so I will most definitely buy this mascara again.",1
Q24,cruelty free mascara,ethical preference,22372,Best ever.,5,This is the best mascara to make your lashes look fuller. I love this mascara.,1
Q24,cruelty free mascara,ethical preference,24367,( it removes easily with water ),5,I use this mascara and this mascara only. It IS WASHABLE!  ( it removes easily with water ),1
Q24,cruelty free mascara,ethical preference,19199,Cruelty Free and 5-Free,5,"Love this sampler set. The colors are as shown. They are easy to apply. They don’t dry super fast but that’s what makes the application smoother. If it dries too fast the application will be streaky, as I’ve experienced with fast drying polish. These did not chip for me and lasted a good week. I use a ridge filler base by Ella + Mila, two coats of polish, 1 coat Orly Treatment and Shine clear and fast drying drops.  I buy cruelty free and at least 5 free. I do use gloves when I wash dishes.",1
Q24,cruelty free mascara,ethical preference,35167,Worst Mascara I've Ever Purchased,1,This mascara does not go on your eyelashes at all. I've had some really cheap cheap mascara that worked way better than this stuff. Would never recommend this mascara to anyone... Horrible,1
Q24,cruelty free mascara,ethical preference,10665,Best mascara,5,"My cousin introduced me to ""Better than Sex"" mascara and she was right this is the best mascara.",1
Q24,cruelty free mascara,ethical preference,1004,Good mascara,4,Good mascara for the price,1
Q24,cruelty free mascara,ethical preference,32956,Nice mascara,4,"Nice mascara, will probably buy again.",1
Q24,cruelty free mascara,ethical preference,34130,Nice Mascara,4,Great mascara! Seems to last a long time.,1
Q24,cruelty free mascara,ethical preference,36135,Excellent mascara.,5,Excellent mascara. It separates and creates volume and definition.,1
Q24,cruelty free mascara,ethical preference,34643,It’s wonderful,5,The best drug store mascara.,1
Q24,cruelty free mascara,ethical preference,11949,Five Stars,5,Love this product.  Have been using for years to remove mascara!,1
Q24,cruelty free mascara,ethical preference,10624,eye makeup remover,5,this product is great for sensitive skin. removed waterproof mascara without any issues. would highly recommend.,0
Q24,cruelty free mascara,ethical preference,5397,Finally A Mascara that doesn't make my eyes water!!,5,"I have used many mascaras and been disappointed with most.  I tried this one because it said it was organic, and I guess that worked.  My eyes didn't sting or water all day.  Love it!",1
Q24,cruelty free mascara,ethical preference,9496,Perfect,5,Love this mascara. Looked for a long time to find something comparable to cover girl. Will def buy again.,1
Q24,cruelty free mascara,ethical preference,6667,Waste of money,1,The mascara was completely dry making this product unable to be used. Complete waste of money,1
Q24,cruelty free mascara,ethical preference,33441,No clumping,4,I like the waterproof mascara.,1
Q24,cruelty free mascara,ethical preference,18789,Not worth it,1,Just your basic mascara. Nothing great about it,1
Q24,cruelty free mascara,ethical preference,30385,Awesome mascara,5,The product itself is amazing mascara & it arrived prior to the anticipated dats.,1
Q24,cruelty free mascara,ethical preference,30028,Do not recommend,1,Waste of money . Fibers are useless if the mascara is dried up . Do not recommend,1
Q24,cruelty free mascara,ethical preference,3510,It IS waterproof!  Natural looking lashes with this mascara.,5,It IS waterproof!  Natural looking lashes with this mascara.,1
Q24,cruelty free mascara,ethical preference,36918,Best mascara out there,5,I'll never buy a different mascara after using this one.,1
Q24,cruelty free mascara,ethical preference,42601,Best waterproof mascara remover!,5,The best I've ever tried for removing waterproof mascara!,1
Q24,cruelty free mascara,ethical preference,24855,Five Stars,5,"I really like this product. It really removes makeup, even mascara.",1
Q24,cruelty free mascara,ethical preference,23719,Vegan,5,Best vegan mascara. Stays put and makes your lashes look so long!,1
Q24,cruelty free mascara,ethical preference,40915,Better than Most!,4,"Overall, I like this product.  I was seeking out a hypoallergenic mascara for my more sensitive eyes  and decided to try this line. I have tried Younique brand, Almay Brand, M.A.C and Cover Girl besides this mascara...and this one came in 2nd place in my personal test.  First place to these more expenaive brands was Cover Girl in not making me look like I had pink eye and not weeping off over the course of my day and doing what it says it's suppose to.  Sometimes best is not most expensive!!!",1
Q24,cruelty free mascara,ethical preference,17489,best,5,"It's hard to find a basic, waterproof vegan mascara that doesn't have a ridiculous brush or a crazy price tag. This one is great. The wand is super big, like the size of BeneFit's original Bad Gal, which took some getting used to for me. But I'll say this formula is excellent - it goes on clump-free and is definitely lengthening and volumizing, and it has proved to definitely be waterproof. I haven't swam with it or anything, but if you wear this mascara while watching The Notebook, you'll emerge withOUT mascara trailing down your cheeks.",1
Q25,vegan lipstick with long wear,ethical preference,23719,Vegan,5,Best vegan mascara. Stays put and makes your lashes look so long!,0
Q25,vegan lipstick with long wear,ethical preference,8876,Smooth moisturizing vegan lipstick.,5,Bought this for my daughter bec she is into vegan cosmetics. It turned out to be a good call bec she loves this lipstick! Will be returning to repurchase in the future. Thank you :),1
Q25,vegan lipstick with long wear,ethical preference,35724,Longest lasting lipstick,5,My favorite lipstick. Long lasting and beautiful colors.  My favorite primrose,1
Q25,vegan lipstick with long wear,ethical preference,19805,HONESTLY?!?,5,"I’m so incredibly surprised and impressed with this lipstick! It’s hard to find a natural/vegan and cruelty free lipstick that has great quality and gives you an actual color versus just moisturizing your lips. This lipstick does both, bought it in time for my birthday weekend and wore it with every outfit! I got the color lDiane” and I loved how natural and beautiful the color was, plus it kept my lips moist and looking smooth-which I appreciated for my photos! Definitely purchasing every color to have in my collection, can’t wait to see what else they come out with!!",1
Q25,vegan lipstick with long wear,ethical preference,7027,Great lipstick! Looooove them,5,"Looooove this lipstick. Great product, matt finish, long lasting. Quick delivery, great seller.",1
Q25,vegan lipstick with long wear,ethical preference,7972,"Long wearing, great colors!",5,Love these! The lipstick doesn't come off anything which is great when you have to wear masks at times.,1
Q25,vegan lipstick with long wear,ethical preference,42212,Long lasting lipstick !,5,"I purchased this lipstick for a photoshoot and it worked great! I loved how it came with 2 lip brushes, and it stayed on for the entire shoot. I definitely recommend if you're looking for a long lasting / waterproof matte lipstick!",1
Q25,vegan lipstick with long wear,ethical preference,33996,Favorite new lipstick,5,"I am in love with this lipstick! The packaging looks luxurious to me and really stands out from my collection. I went with this shade which is a bright red with orange tones. It just goes with everything I wear and surprisingly my hair color at the moment. I also like how versatile this is so I can dress up or down with this color. It is 100% vegan, made with plant based wax and other natural ingredients like candelilla wax, castor seed oil, shea butter, almond oil, grape seed oil, jojoba, and coconut oil. The lipstick feels very smooth when applying and it I didn’t need a liner. And I think I reapplied when I remembered to after 3 hours and held up fine without any chapping or colorless pat",1
Q25,vegan lipstick with long wear,ethical preference,3219,"The back lipstick is nice, I like the color",4,"The back lipstick is nice, I like the color.... But the lipstick comes off easily... Will have to carry the lipstick around with me everywhere when I use it. Thinking of trying the nude next.",1
Q25,vegan lipstick with long wear,ethical preference,17779,I like the color,2,"I like the color, but It’s not matte like it says it is. It also does not stay all day, like a matte lipstick should. If you’re looking for long lasting Stila matte lipstick, this ain’t it!",1
Q25,vegan lipstick with long wear,ethical preference,21641,Only one lipstick arrived in the delivered package.,3,I only received one lipstick with no explanation or paperwork.,1
Q25,vegan lipstick with long wear,ethical preference,15140,I love this color and the cream formulation,5,"Warm Sand is a great spring/summer color. It's a yellow-toned pink that's not too out there, but is still bright and pretty. I love the Flower Beauty Petal Pout cream lipstick formulations. Even though they are drugstore lipsticks, they wear decently and last a good long time, especially with a primer. They feel nice on the lips too.",1
Q25,vegan lipstick with long wear,ethical preference,12982,These were great for my friend,5,"I live in Arizona and when you work outside you have to wear long sleeves, so now instead of wearing a heavy long sleeve shirt he can wear a t shirt with them and be out in the sun",0
Q25,vegan lipstick with long wear,ethical preference,34508,FanMin Shimmer LipGloss Metal Lipstick,5,I have never tried  glitter lipstick and I saw this lipstick and I got it for myself.,1
Q25,vegan lipstick with long wear,ethical preference,40460,Love the nightmare before Christmas!,5,I’m a long time fan of the nightmare before Christmas! Glad I found this lipstick on here. The entire collection is hard to come by.,1
Q25,vegan lipstick with long wear,ethical preference,11343,Rip off!,1,They came with half the lids off. Lipstick everywhere. Ugly colors. Grays and browish,1
Q25,vegan lipstick with long wear,ethical preference,15433,"Long lasting, great quality vegan and cruelty free!",5,Love Kat Von D vegan and cruelty free products! This liner held up to its promise!,1
Q25,vegan lipstick with long wear,ethical preference,27485,Fantasy packing lipstick!,5,"I loved the creative ideal on the packing of the lipstick, longlasting on your lips & color. I purchase this lipstick for myself & it truly states what it does. Stays on with no smudge & I loves it.",1
Q25,vegan lipstick with long wear,ethical preference,35273,Super disappointing!!!!!,1,"Was expecting a good lip stain, especially because of the price and got something more a long the lines of a cheap lipstick that comes out of a fluffy end. It’s tacky, comes off of the lips on everything including my puppy. Lipstick from a drug store lasts longer than this!",1
Q25,vegan lipstick with long wear,ethical preference,6745,Color goes with everything,5,This lipstick has a nice feel and goes with everything - not too red or pink.,1
Q25,vegan lipstick with long wear,ethical preference,11500,Good vegan product,4,"I like this product a lot for the vegan ingredients. it cleans without stinging my eyes. My skin feels a little more stripped than I would like it to feel. But at this price point, it's perfect. I'm just really spoiled with my skin care.<br /><br />Definitely appropriate for someone with oily skin. I will likely use it through the summer months where my workout routine might indicate that I need this. I wear make-up when I work out so I need something that really cleans afterwards. this will do the trick.",1
Q25,vegan lipstick with long wear,ethical preference,8058,Sent the wrong Lipstick,1,"This picture clearly shows the color of the lipstick along with the name of the color which ""propose"", a brown color and the number ""912"". I have an old tube of this lipstick so I know what it looks like.<br />They sent me bright pink ""magenta 912"".",1
Q25,vegan lipstick with long wear,ethical preference,9557,Magical lipstick,5,I was amazed by the quality and effectiveness of this product . If you follow the instructions you won’t have any issue to get the perfect result.<br />It last a;l day long the color of the lipstick and is really not transferable.,1
Q25,vegan lipstick with long wear,ethical preference,35887,Love this lipstick.,5,Love this lipstick - both the color and how it feels in my lips.,1
Q25,vegan lipstick with long wear,ethical preference,23436,Long-lasting,5,I love this lipstick since it lasts a whole day.,1
Q25,vegan lipstick with long wear,ethical preference,32332,Doesn't mess with lipstick,5,I really love these I wish I had them sooner I put it on in I'm able to talk with my mask on and I don't smear my lipstick all over my mask I love them,1
Q25,vegan lipstick with long wear,ethical preference,33932,Sticky,1,I didn't like this lipstick because it was too sticky and transparent after approx. 10 mins.,1
Q25,vegan lipstick with long wear,ethical preference,2059,"Super matte, very thick, and not as smudge proof as other liquid lipsticks ive used.",2,Still working on my technique as to prevent lipstick from caking up and crumbling off,1
Q25,vegan lipstick with long wear,ethical preference,10083,Very good purchase!,5,Really love this lipstick. Very pleased with the color and its lasting power. Would buy it again!,1
Q25,vegan lipstick with long wear,ethical preference,16408,Love it!,5,One of the best lipsticks I've bought recently.,0
Q25,vegan lipstick with long wear,ethical preference,12703,Five Stars,5,"Very good color for my skin, applies easy and does last longer than other lipsticks.",0
Q25,vegan lipstick with long wear,ethical preference,33937,Perfect for a 12 year old!,1,"These are tiny ""sample"" size lipsticks, what you would find at a dollar store! Not good quality, NOT WATERPROOF AND NOT LONG-LASTING! Save your money!",1
Q25,vegan lipstick with long wear,ethical preference,27778,Bite lipsticks are the best,5,A lipstick made of food grade materials. Beautiful shades. You can actually eat this lipstick. (Don't recommend it) It's that natural. Goes on smooth and creamy. Great lasting product.,1
Q25,vegan lipstick with long wear,ethical preference,4031,Great product!,4,Love this product!! I am going to get more colors. Lips stay soft and hydrated long after application.  I hate wearing lipstick. This is the perfect product for me,1
Q25,vegan lipstick with long wear,ethical preference,22117,Love the look of a matte lipstick but normally hate ...,5,"Love the look of a matte lipstick but normally hate the feel. This is light, matte and comfortable on the lips. Not as long lasting as a stain but still needs very little re-application throughout the day. Have now purchased in a couple different shades.",1
Q25,vegan lipstick with long wear,ethical preference,39921,I love that they sell these,5,I love that they sell these.  I love the maybelline super stay lipsticks and some how either use up the clear coat of loose it,0
Q25,vegan lipstick with long wear,ethical preference,33729,Good for older women,4,"I don't wear lipstick because it's always gone in an hour. The first time I used this, I liked the look but it didn't stay on very long. The next time I used 2 layers, and then used a lip gloss on top. 4 hours later I reapplied the lip gloss, but that was all. I will definitely be buying this again. I am in my 60s, and the color also does not bleed.",1
Q25,vegan lipstick with long wear,ethical preference,8898,Amazing,4,"Love how it comes in a lipstick form, the smell of the lipgloss is not over powering and reminds me a lot about flowers and nature and it’s very moisturizing on my lips.<br /><br />One thing I would change is the texture of the tube but that’s it!",1
Q25,vegan lipstick with long wear,ethical preference,33596,This lipstick is BEAUTIFUL!,5,"I am willingly giving this product 5 stars ✨, the lipstick is so cute and neat along with it being a very nice shade of pink, this color will actually look good on any skin color and I'm on the medium tan side. It's soft on the lips and keeps it moisturized. It smells amazing as well. Although it took a while to come in I'm still giving a 5 star review because I wasn't in a rush and I'm rather patient! Just keep in mind that international shipping will take a while due to weather and any inconveniences can happen. Also hey it's free shipping why complain?  I highly recommend this shade with spring on its way!",1
Q25,vegan lipstick with long wear,ethical preference,28384,"Works pretty well, tastes SO bad",4,"I don't typically wear a lot of make up so was excited to try this to get a bit of color without a lot of work. I'm 50 and have trouble with a lot of lipsticks ""bleeding"" into the fine lines around my lips. This still does that to some extent so you need to make sure you use the activator very sparingly. If you eat or drink at all, it really does fade badly but if not, it will last for HOURS. I actually experimented before bed last night. Put it on right before I brushed my teeth and it was still bright this morning.<br />I will say that the ""romantic"" color isn't true to shade. It's a very vibrant hot pink. It looks okay but I really did want something a little more nude.",0
Q25,vegan lipstick with long wear,ethical preference,9546,I absolutely loved this lipgloss/lipstick it applies like it is a lipgloss ...,5,I absolutely loved this lipgloss/lipstick it applies like it is a lipgloss then changes to a lipstick. It stays moisturized and I will be purchasing more.,1
Q26,face serum for dark spots,skin concern,41215,I would recommend it to anyone,5,I was actually extremely impressed with this product. I would recommend it to anyone. I actually had dark spots on my face due to the hormone changes that come with pregnancy (its called Chloasma or Mask of Pregnancy) and this serum actually reduced the darkness of those spots. very pleased,2
Q26,face serum for dark spots,skin concern,20018,It's working!!,5,"I started using this Retinal Serum a little over 2 weeks ago. Already I am seeing dark spots and age spots on my face start to fade. Also, I am noticing that the fine lines around the outer corners of my eyes seem to be lessening, so it is doing exactly what I was hoping for. I will update this post as I continue to use the product. So far, it's working!!",2
Q26,face serum for dark spots,skin concern,7105,Lemon,5,I use every night to help fade dark spots,1
Q26,face serum for dark spots,skin concern,5499,Five Stars,5,I love this stuff!  It covers up all my dark spots and dark circles under my eyes!,1
Q26,face serum for dark spots,skin concern,28876,Light & Quick Abosorbing Serum,4,"I have never used a Retinol product before, but when I found this particular Serum Retinol, I was very excited because I know the benefits of both a Serum and Retinol.<br /><br />I started using this 3 weeks ago inconjunction with the Admire My Skin Ultra-Potent Brightening Serum to help combat dark spots on my face and I and my boyfriend have noticed a major difference in the lightening of my spots.<br /><br />The product is non-scented, light, and absorbs quickly into the skin. I love the glass container that it comes in, because it doesn't take up much space on the night stand and it makes for easy travel.",2
Q26,face serum for dark spots,skin concern,28464,Easyabsorption,5,"Helps keep skin healthy, smooth,, eliminate dark spots and use daily.",1
Q26,face serum for dark spots,skin concern,12362,Removes Blemishes,5,Smells great and makes skin acne free and removes dark spots,1
Q26,face serum for dark spots,skin concern,42141,I got my package on time that was very great,4,I like the face I got my package on time I haven’t used the soap for a month yet to see how good it is far as removing dark spots underneath my chin,0
Q26,face serum for dark spots,skin concern,2056,Pretty good,4,"It didn’t completely cover dark spots, but it looked really natural",1
Q26,face serum for dark spots,skin concern,80,Love it,5,"Super cute and it works! My face felt soft and smooth the next morning and dark spots and blemishes were noticeable lighter. I have oily, sensitive, acne prone skin this actually seems to improve it.",1
Q26,face serum for dark spots,skin concern,41626,Felt very nice on my skin.,4,For once it was the right color and helped to cover my dark age spots n felt good on my skin.,0
Q26,face serum for dark spots,skin concern,34684,Great Night Time Serum,5,"I was excited to continue my journey with Oz Products when I ordered this serum. It is another light feeling serum that has a little more thickness to it than their Vitamin C serum. I began using this serum a month ago by applying it nightly. It is in a glass bottle with a convenient pump system, so there is no overusage, just the perfect amount. It smoothes nicely onto the skin and is quickly absorbed. I have noticed after a months use the evening out of my skins texture and some lightening of my dark sun spots. I would highly recommend adding this serum to your nightly routine!",1
Q26,face serum for dark spots,skin concern,10499,Amazing!!!,5,"Best concealer for dark circles and dark spots, by far. I have skin ruined by the sun and this helps my skin look flawless. If Kat Von D quits making it, I'm in big trouble!",0
Q26,face serum for dark spots,skin concern,3770,Scrub away!,5,Love this loofah. Perfect balance of softness and scrubbing power. I’m glad I had read about the dark spots inside being normal as there were indeed some  spots on the inside.<br />Very pleased with this product.,0
Q26,face serum for dark spots,skin concern,27797,Vitamin C serum,5,I love this serum on my skin! Best Vitamin C serum to also remove age spots:) My other review of this I forgot to give it 5 stars & showed an awful rating...not true This seller sent it on time also at GREAT price!,1
Q26,face serum for dark spots,skin concern,10698,Great,5,This is the first really strong retinol serum I have used that does not bother my skin. I use it once a day either under my make up or before I go to bed at night. I have used it for about a month and can see a difference in my face texture as well as my age spots. Will purchase again.,1
Q26,face serum for dark spots,skin concern,12720,Vitamin C,3,Didn't do anything for my face but started using it on my sun spots on my arms and it has helped them!,0
Q26,face serum for dark spots,skin concern,7120,The best moisturizing cream i have ever used,5,"I honestly cant imagine life without this product.I am more comfortable in my skin.<br />Burns.Bites Rashes. Sunburn, windburn. Very dry skin. I apply on wet skin for all day comfort...<br />This is wonderful for the face. I use it on the tops of my hands and have very good luck with it diminishing dark spots.",1
Q26,face serum for dark spots,skin concern,28442,Natural beauty,5,It so effective in making your skin looks smooth and covers the not so perfect spots on your face.,0
Q26,face serum for dark spots,skin concern,9225,I love this serum,5,I bought it for the second time. I love this serum. My skin is really acne prone. Seems like when I use it I don't get any pimples and my acne spots getting lighter. And I think my wrinkles slowly dissapearing.,1
Q26,face serum for dark spots,skin concern,3401,Amazing Serum!,5,I've been using this serum on my face and hands for a month now and my skin feels so soft and smooth. It doesn't feel greasy at all on my combination skin. I highly recommend this serum and would definitely buy again!,1
Q26,face serum for dark spots,skin concern,24123,great serum,5,Love the fact that this serum has Vitamin C - and Hyaluronic Acid .This serum is great it has helped with my skin texture and my skin tone is a lot better. Fine line and wrinkles are less noticeable also. The serum goes on smoothly and doesn't feel oily or greasy. I apply it after I wash my face while my face is still a little damp and it smooth's right into my skin. It is also great to use after derma needle rolling as it calms my face and prevents redness. I will purchase this brand again in the future.<br /><br /> I purchased this product at a discounted rate in exchange for an honest and unbiased review.,1
Q26,face serum for dark spots,skin concern,35074,Dark,1,Not for African Americans or POC. For people with dark tans and I do mean dark tans. There's no red in the color.,0
Q26,face serum for dark spots,skin concern,14938,Beneficial Serum,4,"This serum is a cut above the average facial serum that features natural oils and hyaluronic acid.  With the multitude of natural, plant-based elements, this serum offers remarkable benefits for the skin.  A little of this serum goes a long way, so the bottle should in fact last close to 3 months.  It does seem to provide added benefits compared to lesser facial serums.  My face does appear healthier and the skin tone more consistent and fresh.  I don't know if I'm seeing the benefits that warrant the price that is roughly 5x that of other hyaluronic acid serums with some vitamins.  I think the ingredients, especially the plant based stem cells, might make this cost reasonable.  If used cons",1
Q26,face serum for dark spots,skin concern,38526,Great serum!,5,This serum is doing wonders for my skin. Fine lines are fading. The smell is pleasant. The serum itself is very water like but a little does go a long way.,1
Q26,face serum for dark spots,skin concern,17432,"Nice serum, not sticky like some serum's I have ...",5,"Nice serum,  not sticky like some serum's I have used.",1
Q26,face serum for dark spots,skin concern,38476,Too orange for my paler winter skin,3,"I wanted to like this product because it really is pretty in the little jar. Unfortunately I have to return it because it looks like I have little orange spots on my face wherever I use it.  I'm thinking it might work for a darker complexion, but not for me.",0
Q26,face serum for dark spots,skin concern,42766,It's been a few weeks and I think the dark ...,5,It's been a few weeks and I think the dark spots are fading slowly. I'm allergic to anything with a fragrance (natural or synthetic) but I have no breakouts and my skin feels smooth and soft. It's at least as effective as some more expensive fading creams/lotions I've tried,1
Q26,face serum for dark spots,skin concern,6281,No dark circles,5,"I like the effect of this on my entire face, but it also got rid of my dark circles. This was a nice bonus with the purchase.",0
Q26,face serum for dark spots,skin concern,30855,I've been using this product for a few weeks now ...,1,I've been using this product for a few weeks now and haven't noticed any improvement yet. I have a few dark spots on my cheeks that I'm watching to see if they fade.  The box was opened (sticker was peeled back) but the two tubes were sealed inside.  I'll come back and make another review if I notice any changes in my skin. Otherwise I will leave this as my final review.,1
Q26,face serum for dark spots,skin concern,16774,Wonderful! &lt;3,4,What a powerhouse combination of nourishing and high quality ingredients wow gave my skin an instant boost of moisture as well as hydration.  My face sun spots seem to look blended and made complexion a much more even tone and I know that had to be due to the Rose Hip which most of my serums do not have this blend &#60;3  The only thing that would make this serum the best of the best is if only was in a tinted bottle.  Vitamin C is so very sensitive to exposure of light... but no biggie I will put some aluminum foil around the jar.  I store all my serums in the refrigerator to get the longest life I can and keep it as potent as possible.  You do not have too but I suggest you do.,1
Q26,face serum for dark spots,skin concern,17094,Amazing,5,"Great product, smells like orange 🍊 and my face looks more even and moisturized, also dark spot start to look more light and you can feel the results almost immediately. Just clean your face very well  before you apply it. Very happy with this.",1
Q26,face serum for dark spots,skin concern,8751,Love This Concealer,5,"I've always liked this product. Sorry it's discontinued. It works well in concealing the dark circles under your eyes and other facial blemishes, without being oily.  And it doesn't dry and cake up.  It does what it is supposed to do. Will purchase it again.",0
Q26,face serum for dark spots,skin concern,21578,Price performer with quality packaging,4,"This serum keeps my facial skin moist.  I have been using it daily for a month, applying it before my moisturizer, and have not noticed any difference in my skin's appearance but I also know that facial products need to be consistently used for a dedicated period of time in order to see change.  With 20% vitamin C in its composition, it has one of the highest Vitamin C levels in  serums on the market.  The price is excellent as well.  I can buy four bottles of this serum for what I was paying for a product with a lesser vitamin C concentrate.  The dark brown glass packaging keeps the product from rapidly deteriorating.  Just ordered my second bottle.",1
Q26,face serum for dark spots,skin concern,23138,Love it!,5,"I've tried a few other serums from Amazon. Some of them were WAY too thick and felt goopy! It is not too thick to wear under makeup so I can use it any time!<br /><br />If you haven't tried this brand, you absolutely need to.<br />I am very hesitant about new products that aren't backed by a huge, well known name, so I often experiment for a few days on inconspicuous spots first. I didn't see any bad reactions to this serum over the course of a few days, so I figured it'd be okay to apply all over my face.<br /><br />Let me explain the product itself in a bit more detail:<br />It came in a very large bottle and I honestly think that I'll never run out of it! You literally only need a few dro",1
Q26,face serum for dark spots,skin concern,32045,Will continue to buy,4,Brought this product at first at the National Hair Show and fell in love with it. I usually use the product every other day. Helps with white/black heads. I usually use a moisturizer afterwards however you really dont have to bc it does provide it on moisture. The only reason I didn't give it a 5 star is bc it doesn't help with dark spot. So you will have to buy a second product for that if that's what you are looking for.,0
Q26,face serum for dark spots,skin concern,26026,Lookin' Good,5,"This is the serum that I use before bedtime.  It tightens up the area under the eye as it dries then I apply a moisturizer.  I don't have any puffiness or dark circles in the morning when I follow this routine.  I have been pleased with the ingredients in this serum, very soothing to delicate skin.  Fine lines are fading and my complexion looks moist.  I expect to achieve more improvements with continued use.<br /> ~ Disclaimer:  I was given a discount voucher when purchasing this product for the purpose of posting a review of my findings.  That said...great product, thanks!",1
Q27,eye cream for puffiness,skin concern,17194,Amazing Eye Cream!,5,"When I was given the opportunity to review the True Glow Eye Cream by Valentia I was more than happy to! The first thing I noticed when the eye cream arrived was the gorgeous packaging.  I have used this product a minimum of once a day for over a week and have noticed less puffiness around my eyes which has been amazing!  My seasonal allergies have been causing my eyes to be itchy and puffy and the True Glow Eye Cream greatly reduces that puffiness.  I also loved the ingredients in the Valentia eye cream as well as the fact that it is cruelty free, vegan friendly, and made using sustainable energy.  I am thrilled about continuing to use this eye cream!",2
Q27,eye cream for puffiness,skin concern,28576,For sensitive skin,4,I have sensitive skin and it works well for me . Was looking for it to stop puffiness under eye I have seen a little improvement.,1
Q27,eye cream for puffiness,skin concern,5950,Great gift,5,"Brought it for my sister for Christmas and she enjoy using it, she said it helped her skin and her eye puffiness faded away a lot.",1
Q27,eye cream for puffiness,skin concern,15499,These under eye patches are awesome!,5,I love how my under eye feels and looks after using these patches. They don't leave residue and puffiness is diminished.,1
Q27,eye cream for puffiness,skin concern,11564,The fine lines around my eyes are starting to disappear,5,I have been using this eye cream for 1 week now and I can see some results. The fine lines around my eyes are starting to disappear. The dark circles and puffiness are looking great. Hope to give you more information in the next 2 weeks. So far I would give this a A.,2
Q27,eye cream for puffiness,skin concern,8502,so glad I found this at Amazon at such a Great ...,5,so glad I found this at Amazon at such a Great price !!!  Have used it for about 2 years.  It really works ladies for crows feet and under eye puffiness.  Try it.,1
Q27,eye cream for puffiness,skin concern,17514,Eye treatment,4,"This anti aging treatment eye cream is good, it makes my skin smooth and the under eye patch makes my dark circle under eye dissappear.",1
Q27,eye cream for puffiness,skin concern,18203,Five Stars,5,I like this eye cream and would order it again.,1
Q27,eye cream for puffiness,skin concern,10456,Very good,5,"I used after eye cream.Very gentle,nice price nice quality.",1
Q27,eye cream for puffiness,skin concern,9194,Ehh,2,Wanted to order eye cream but ordered a cleanser. It’s ok.,1
Q27,eye cream for puffiness,skin concern,41780,Five Stars,5,"I love this eye cream, you will not be disappointed in this product",1
Q27,eye cream for puffiness,skin concern,22983,Great!,5,Awesome product really works well do as direct and put your favorite eye cream after!,1
Q27,eye cream for puffiness,skin concern,1400,It is a great addition to my beauty routine,5,This cream makes your skin feel so soft and takes away puffiness from under your eyes. It is a great addition to my beauty routine. The best part is the natural ingredients. Sano Products are awesome .,1
Q27,eye cream for puffiness,skin concern,37833,Great stuff!,5,I love this eye cream. Have sensitive eyes; this works well and does not irritate eyes.,1
Q27,eye cream for puffiness,skin concern,18250,Provides Nice Hydration,5,"I like this eye cream. So many eye creams don’t work for me because they cause my eyes to become irritated.<br /><br />This is a light weight cream that absorbs almost instantly when I place it around my eyes.<br /><br />I know some reviewers have mentioned that the cream has a scent, but it’s not obvious to me.<br /><br />I’ve used this eye cream for a week and I have not had any irritation or sensitivity to my skin or eyes.<br /><br />My eyes do look more hydrated so this is a winner for me.",1
Q27,eye cream for puffiness,skin concern,30755,its not a ride or die -,4,"On the paper, the ZO intense eye cream looks perfect, and it apparently has a host of fans who love it. It's not a great fit for me though. While it seems very well tolerated and doesn't sting, burn or make my eyes water, it doesn't do anything else. Its texture is a bit too thick, which isn't usually the issue with rich/thick eye creams (think Estee Lauder Re-Nutritiv, Sisleya, Shiseido Benefiance), but ZO intense eye cream does tend to ball up on me; to me, it seems like a thick layer that looks almost waxy under the eyes.<br /><br />In general, with cosmetics there are two kinds of results, one comes from a handful of ingredients that actually do something for skin and improve it (usually",1
Q27,eye cream for puffiness,skin concern,424,Great Unscented cream,5,Very nice eye cream. I have extremely sensitive skin and it's the first under-eye cream I've used that doesn't burn or cause redness or sting. It's completely without scent of any kind which is a big plus for me. I'll keep using it on a regular basis.,1
Q27,eye cream for puffiness,skin concern,3726,excellent product for the cost,5,Moisturizer is great should make the eye cream slightly larger but that's the only issue I see,0
Q27,eye cream for puffiness,skin concern,10516,Great product,5,Like the one pump no mess eye cream. Goes on very smooth and makes my eyes less puffy.,1
Q27,eye cream for puffiness,skin concern,12832,Finally I found it!,5,I have searched and searched for an eye cream that does not burn my eyes and I found it! Its not too terrible expensive either.,1
Q27,eye cream for puffiness,skin concern,2593,Great eye cream!,5,"This eye cream is great. It is really soft and feels great. I have had eye creams in the past that were really greasy, but this one is not greasy at all. It is so nice that my husband even used it!",1
Q27,eye cream for puffiness,skin concern,15427,Great eye cream,5,This is a great eye cream.  I am on my second jar and I can honestly say my eyes are not as puffy as they use to be.  I am very satisfied with this product and will continue to purchase it.,1
Q27,eye cream for puffiness,skin concern,16394,Wonderful Eye Cream,5,"I get samples/full size skin/eye cremes all the time through subscription boxes and other online groups.  And while most of those are ok products, it's really rare to see an immediate change or something that happens sooner than later.  So, when I was offered the Valentia True Glow Eye Cream free for my review, I was really expecting the same - try it for a couple of weeks and see if I saw any difference.<br /><br />The eye cream is suppose to help with dark circles, fine lines, etc.  I have terrible dark circles, especially in the morning.  I think it's because I sleep on my side.  I started using the Valentia and was amazed to see almost immediate improvement in both the dark circles and t",1
Q27,eye cream for puffiness,skin concern,41790,Great eye cream!,4,"I have only been using this for 3 days, so I can't say what the long-term effects are, but so far I like this eye cream. It does a good job of firming up the skin around my eyes. I've used it both in the morning and at night. I tend to wake up with puffy eyes, and I have noticed that this cream is better than others I've used at reducing that. I like that it has natural ingredients, no smell and no parabens - I have sensitive skin and this is not irritating at all.",2
Q27,eye cream for puffiness,skin concern,6605,This really is the best eye cream ever!,5,I have been using this eye cream for a year now. I couldn't be happier with the results and price! I always get compliments on how young I look! Great product! You'd be a fool to not try it for yourself!,1
Q27,eye cream for puffiness,skin concern,5030,Beautiful and have seen improvement in eye puffiness,5,"I LOVE this jade roller! It was recommended by my friend. It has definitely improved some of my eye puffiness. My husband also likes it because of the massage ball attached for pressure points. He has noticed an improvement in his shoulder tension.<br /><br />The box is beautiful that it is delivered in, and it is packaged well. The ebook that is emailed once your roller is delivered is a wonderful bonus too! It helps explain why this roller is unique and how to use it.<br /><br />I am very pleased with this product and very happy I purchased it.",1
Q27,eye cream for puffiness,skin concern,23433,My favorite under eye patches!,4,I've gone through a few jars of this one and I really love them.  The patches are fantastic chilled in the fridge for morning eye puffiness.  They also over time will help reduce crows feet and fine lines from regular puffy eyes.  I have pretty sensitive skin and I've never experienced any burning or stinging with these.,1
Q27,eye cream for puffiness,skin concern,12058,Eye Cream,4,"I was expecting a clear eye gel for some reason (I think the photo threw me off) and it is actually a white cream which is really nice.  It is soothing as soon as you put it on and then dries and almost tightens the skin.  I really am pleased with it after a couple uses.<br />I will continue to use this on a daily basis with my other products and see if I can tell a difference.<br />One of the great things about this is that it doesn't leave an oily residue on your skin which I am very peculiar about.  I don't like feeling like I am wearing a product, and this doesn't make my skin feel heavy.<br /><br />Thank you for the discount so I could review this product.",1
Q27,eye cream for puffiness,skin concern,11410,Great value for an effective product.,5,"I was looking for something that reduced the puffiness under my eyes. I sampled a product from one of those venders in a mall. The product worked, but the cost was over $400.00!!  I went home and found this product. It arrived quickly, and I am amazed at the results. It does tighten the skin below the eyes. I recommend using this before any moisterizer or make-up. Only a very small amount is needed to accomplish the goal, making this a great deal. I highly recommend this product.",1
Q27,eye cream for puffiness,skin concern,36697,Love this whole package,5,"Love everything about this moisturizer.....from the great packaging to the presentation, very nice bottle and most importantly my less puffy eyes!  I like to use this as soon as I gently cleanse my face, then tone and then I apply the moisturizer underneath my eyes.  They definitely seem less puffy and I can easily apply foundation on top of the moisturizer (which goes on very smoothly.  )  I easily break out with small pink/red dots underneath my eyes if I use anything under my eyes that are somewhat harsh, abrasive or non-sensitive.  This cream did not irritate my skin.  I did not have one red/pink dot after using. Oh, and this would make a wonderful gift if you wanted to send to someone d",0
Q27,eye cream for puffiness,skin concern,18685,I woke up with really puffiness under my eyes. ...,5,I woke up with really puffiness under my  eyes. It was gone in a few minutes after applying the product.  Out in the refrigerator as they say.,1
Q27,eye cream for puffiness,skin concern,26390,Great product for under eyes,5,"This is my second purchase of this product. My eyes are dark and sunken, this helps to lighten and put moisture under the eyes. Will not remove puffiness under eyes.",1
Q27,eye cream for puffiness,skin concern,16544,It is an ok product,3,"It has a lot of moisture on each piece, so because of that, they slip down your face. I tried placing the container in my refrigerator then placing the eye patches on my eyes. The cool feeling was really nice and helped a little with puffy my eyes. All in all, I won't buy this product again because of the slipping, but will continue to look for something similar.",0
Q27,eye cream for puffiness,skin concern,25709,This is one of the best eye creams I have ever tried,5,"This is one of the best eye creams I have ever tried. I was sent this product for testing purposes and I love how it made my under eye area look more awake, youthful and bright. I don't have to color correct as much and I just love it. Amazing product!",0
Q27,eye cream for puffiness,skin concern,24858,One of my favs,4,This is a wonderful eye cream. It makes my eyes feel moisturized and seems to tighten up the area as well. It doesn't really have a smell and the color has a faint brown tint. It takes a little longer to absorb into my skin than other creams but I would definitely recommend it and buy it again!,1
Q27,eye cream for puffiness,skin concern,28709,So far I really like this product,4,So far I really like this product. After only a couple weeks I’ve noticed decreased eye puffiness even after nights when I’ve gotten little sleep. I don’t feel like my eyes look as tired and my concealer looks better since my undereye area is better hydrated.,0
Q27,eye cream for puffiness,skin concern,36326,Works better than other eye creams,5,"I’ve tried other eye creams in the past and this one has worked the best. I like how it’s light and doesn’t feel greasy. Tried a couple others with no luck, excited to find an eye cream that works well and is not over priced.",1
Q27,eye cream for puffiness,skin concern,6337,A Beauty Product That I Like.,5,"This is my little piece of heaven!<br /><br />Puffy eyes and having big eye bags has always been a beauty problem of mine.  Even if I get enough sleep every day, I still manage to acquire dark and unsightly dark circles under my eyes.<br /><br />That is why I am very thankful to this product.<br /><br />This under eye and eyelid gel patch that's made from natural collagen is effective in eliminating these problems for me.  I guarantee its efficiency, safety and affordability.",1
Q27,eye cream for puffiness,skin concern,31421,Puffy eyes gone,4,"I do not have huge circles under my eyes, so I can’t say whether these help that problem, but they feel wonderful on.  I do think they reduce puffiness.  If I had a poor night’s sleep, I put them on for twenty minutes while I’m drinking my coffee, and afterwards I look fairly well rested. They are kinda weird shaped so it does take me a minute or two of adjusting them to fit.",1
Q28,retinol cream for beginners,user requirement,14238,I absolutely love this product,5,I absolutely love this product! This is the first time I've tried it and it is wonderful.  I think I found my new Retinol cream!,2
Q28,retinol cream for beginners,user requirement,12837,"Good product, thanks",4,"This retinol cream has a very slight scent which is quite pleasant, I find. It definitely helps the facial skin to look brighter, cleaner after using for a while.  Good product, thanks!",1
Q28,retinol cream for beginners,user requirement,11368,For beginners,2,For beginners... The brushes are K for beginners but for someone that's already experienced the brushes seem pretty cheap,1
Q28,retinol cream for beginners,user requirement,19934,I am loving this retinol moisturizer! I am a ...,5,I am loving this retinol moisturizer! I am a huge fan of retinol products to keep my skin looking young and smooth! Its so convenient to have the retinol cream already combined with your daily moisturizer.  So far after using this my skin feels soft and looks revived! I have also been using this on some stretch marks on my skin and can already tell an improvement! The pump on the top of this is also very handy!,1
Q28,retinol cream for beginners,user requirement,35985,Great Product!,5,"I love this retinol cream.  I began noticing improvements in my skin almost immediately.  My skin is smoother, dark spots appear lighter, pores look smaller, lines seem less visible.  I have experienced none of the dryness or irritation I have experienced with other retinol products, and I have been using this every night for a few weeks.  Will definitely purchase again and again.",1
Q28,retinol cream for beginners,user requirement,35621,Love it!,4,Love this product! Great for beginners.,1
Q28,retinol cream for beginners,user requirement,3250,Take your time,4,I like it its perfect for beginners,1
Q28,retinol cream for beginners,user requirement,9398,love it!,5,great packaging and easy to use for beginners.,1
Q28,retinol cream for beginners,user requirement,34833,Its a really good product.,5,I highly recommend this product. Especially for beginners. Shipped quick!,1
Q28,retinol cream for beginners,user requirement,15027,Natural look.,5,Great for beginners not very dramatic at all and thin band .,1
Q28,retinol cream for beginners,user requirement,8428,great cream,5,"I was looking for a cream that safe during pregnancy and breastfeeding and this went through the test. I like that it's full with natural ingredients and this is a huge amount of product for price.<br />What really makes this cream effective is the caffeine and retinol. Yes, I know I have to be careful with retinol during pregnancy it can cause birth defects if it is present in large quantities in the blood stream. Although during breastfeeding the amount that comes from the cream and goes into my body can not go wrong.<br />And for the soft skin there's the cocoa and shea butter. Completely odor-free and it's new to me, but good to know that there's no fragrances that can cause allergy.",1
Q28,retinol cream for beginners,user requirement,1889,If your look for some thing easy to handle then this is it,5,For beginners its easy to use I love its easy to handle,1
Q28,retinol cream for beginners,user requirement,17129,This product is amazing!!!,5,This product came beautifully packaged.  So easy to use. Recommend for beginners,1
Q28,retinol cream for beginners,user requirement,37708,Perfect brush,5,Perfect brush for beginners.easy to use and it’s also super cute!,1
Q28,retinol cream for beginners,user requirement,8087,Perfect for beginners,5,Very helpful instructions for beginners provided..love the colors and presentation of the product,1
Q28,retinol cream for beginners,user requirement,28734,“ LASHES ARE TOO THIN”,2,Lashes are thin but I managed “ they okay “<br />“ WOULD NOT RECOMMEND FOR BEGINNERS “,1
Q28,retinol cream for beginners,user requirement,20181,Amzing,5,"I was having retinol burn, and this stuff totally saved my skin!",1
Q28,retinol cream for beginners,user requirement,12652,Love this recommend it 💯,5,I recommend this item 💯 its even beginners friendly love it 😍,1
Q28,retinol cream for beginners,user requirement,24815,Quick easy and beautiful lashes!,5,"So easy to apply, even for beginners.<br />Love them, and I’m ordering more!",1
Q28,retinol cream for beginners,user requirement,23238,Good price.,5,This is a good kit for beginners to try this method of shaving for a cheap price.,1
Q28,retinol cream for beginners,user requirement,40245,Great for beginners.,5,This is a great set for beginners. Comes with everything you need & easy to use. Beautiful colors.,1
Q28,retinol cream for beginners,user requirement,3271,Excellent for beginners,5,It’s an excellent kit for beginners. I bought for my daughter and she loved! Beautiful color and amazing products to learn how do the best nail. She loved the stickers to know how long you want your nail. I recommend!,1
Q28,retinol cream for beginners,user requirement,26741,Perfect for beginners,5,This wig is a steal!! This was my first wig purchase ever. I saw a woman on YouTube suggest it for beginners. It is very thick and doesn't shed much; even after I tweezed the part a bit more.,1
Q28,retinol cream for beginners,user requirement,18756,great serum with retinol!,5,"This one contains astaxanthin which is supposed to help with hyperpigmentation. I have not been using long enough to tell but I am  more excited by the retinol. It really is the only thing to minimize wrinkles.  And this one contains real retinol, not a derivative or chemically similar molecule.  Also has other good stuff like vitamin E and hyaluronic acid.  I recommend wearing a sunscreen during the day and using this only at night. Retinol makes you more sensitive to the sun.<br /><br />Also here are the ingredients for your reference. I didn't see it in the description.<br />deinonized aqua (water), organic aloe barbadeniss leaf (aloe), cassia angustifolia seed polysacchardie (botanical h",1
Q28,retinol cream for beginners,user requirement,14326,Good pressing cream,4,Good pressing cream. Pressing my natural hair with low heat or as stretching cream for natural hair.,1
Q28,retinol cream for beginners,user requirement,20470,Really good for beginners or for people who prefer a more ...,4,"Really good for beginners or for people who prefer a more subtle look. Also the oval brush broke as soon as i took it out of the package, but its very soft!",1
Q28,retinol cream for beginners,user requirement,37804,This Vitamin C Serum is a perfect pair with the Retinol Moisturizer,5,This Vitamin C Serum is a perfect pair with the Retinol Moisturizer! My face feels smoother and softer after each use.,0
Q28,retinol cream for beginners,user requirement,21061,This is a fantastic retinol! Previously I’ve only used prescription Retin-a from ...,5,"This is a fantastic retinol! Previously I’ve only used prescription Retin-a from my dermatologist. Last month I decided to give this a try. It’s BETTER than anything I’ve used before because it doesn’t irritate my skin. The results are beautiful skin. (I’m in my 50’s)<br />How I use it: cleanse, tone, light moisturizer, Oz retinol, and then I apply jojoba oil lightly to my driest areas.<br />I use it at night but if I forget, I use it the next morning with a sunscreen.",1
Q28,retinol cream for beginners,user requirement,28876,Light & Quick Abosorbing Serum,4,"I have never used a Retinol product before, but when I found this particular Serum Retinol, I was very excited because I know the benefits of both a Serum and Retinol.<br /><br />I started using this 3 weeks ago inconjunction with the Admire My Skin Ultra-Potent Brightening Serum to help combat dark spots on my face and I and my boyfriend have noticed a major difference in the lightening of my spots.<br /><br />The product is non-scented, light, and absorbs quickly into the skin. I love the glass container that it comes in, because it doesn't take up much space on the night stand and it makes for easy travel.",0
Q28,retinol cream for beginners,user requirement,11510,Great product to reverse skin,5,I have used other retinols that are irritating to the skin and dry out your face. This is not one of them. Gentle enough to use every night but effective. Great product to reverse skin aging,1
Q28,retinol cream for beginners,user requirement,39713,"Don't buy this, it's bulls***",1,"First off, retinal cream can work. But not in this dosage, or how this is stored. If you really want a what this says it does, go to your doctor and get an actual retanoid prescription cream, it'll actually work and you won't be wasting your money.",1
Q28,retinol cream for beginners,user requirement,40418,This is my 3rd bottle ..,5,This is a staple for my 60 year old skin . One bottle last me about 9 mos. I use at night (once every night and then after a couple months I went to edgy other night and would use retinol in between). I have fairish skin with not a lot of blotchiness. This really makes your skin clear and vibrant and seems to get rid of that ashiness. It is better than the Skinceuticals as it is easier to spread and doesn’t smell bad at all. I love this product.,1
Q28,retinol cream for beginners,user requirement,27442,"Save your money, this doesn't work",1,"I'm not in love with it. I will not be buying it again. This was my first experience with a Retinol product, and I was a little afraid because of the listed concentration of retinol. I thought I might have acne breakouts, or peeling skin, or everything I've read retinol does but...nope. Nothing. I read that Retinol takes time to work, so I kept using it. It's been over two months now. (There is a ton of product in there, I'll say that for it).<br /><br />I've used up almost the entire bottle and I haven't seen any difference in my skin. I'm wondering if it even has retinol in it? I didn't even get a tingle! I'm going to be searching for a more effective product. I've heard excellent things a",1
Q28,retinol cream for beginners,user requirement,10698,Great,5,This is the first really strong retinol serum I have used that does not bother my skin. I use it once a day either under my make up or before I go to bed at night. I have used it for about a month and can see a difference in my face texture as well as my age spots. Will purchase again.,1
Q28,retinol cream for beginners,user requirement,15407,This is just okay product.  Only the Lactic Acid,3,"The lactic acid works.  Be careful because it can cause irritation of sensitive skin.  BUT again, the Luna Sleeping night oil is useless for my aging skin.  Luna Sleeping night oil is not worth the money.  Go get Prescription Retinoid cream from your doctor.",1
Q28,retinol cream for beginners,user requirement,29925,Another great product from this line!,5,"I love all of the products from this line!  I have had the privilege of using the retinol serum for the past couple of weeks and really like it.  It goes on well and soaks right in.  I use it at night.  I started using the products from this line about a year ago and my skin looks great.  I regularly get complimented from the people in my life that I have very few, if any, wrinkles.  I am 36 years old and NOT a sunscreen wearer.  My skin is also smooth and the color is even.  I trust this product line and another bonus is the reasonable pricing on the products.  The packaging is always clean and sealed.  Love it!",1
Q28,retinol cream for beginners,user requirement,31785,FEEL SO GOOD. THIS IS GREAT PRODUCTS,5,"AFTER I RECEIVED  THIS SWISS BOTANY RETINOL MOISTURIZER ,  I USED IT. FEEL SO GOOD. THIS IS GREAT PRODUCTS. STRONG RECOMMEND TO ANYONE.<br />I RECEIVED THIS PRODUCTS AT DISCOUNT PRICE IN EXCHANGE MY REVIEW.",1
Q28,retinol cream for beginners,user requirement,37187,A great natural product that's CRUELTY FREE!!!,5,I'm really loving this product. My skin is looking brighter and firmer. I have definitely seen great results on my neck and around my eyes! It's gentle enough for me to use daily. Other types of retinol products I've tried I could only use every other day. I will definitely be ordering this again especially because its CRUELTY FREE. I believe no animal should EVER be harmed in order for people to look better. I wish more products would join in the fight against animal cruelty and be more conscious of what they put in their products.,1
Q28,retinol cream for beginners,user requirement,638,Altaire Paris Ceam,5,I agree 100% with previous review. Exactly what I was about to say. I found this at TJMAXX and bought it to use on chest - to save more expensive small bottle retinol's for neck/face.  Now I put it under eyes and on neck in the AM...Saving Retinol for use only at night. I will check at store to repurchase - I hate shipping chrgs. (Amazon doesnt stock much so we have to pay to ship?? No thanks),1
Q28,retinol cream for beginners,user requirement,14555,I really enjoy using Ove Beauty products,5,"I really enjoy using Ove Beauty products, they have a wonderful fresh, light scent and work great on my sensitive skin. Retinol has been used for years to reduce to appearance of lines and wrinkles and Hyaluronic Acid nourishes and replenishes the moisture of your skin. It's really a great product.",1
Q28,retinol cream for beginners,user requirement,39771,Another good OZNaturals product!,5,This feels like a good retinol product.  I have used a lot of products so my skin is used to using retinols.  I use this as part of my layering of products.  And always use sunscreen as your skin will be more sensitive to sun.  And who wants to ruin the good effects of using all these products by exposing your skin to the sun!<br />This absorbs really well.,1
Q28,retinol cream for beginners,user requirement,20400,Can't praise this enough!,5,"I'm totally loving the OZ skin care line, and this retinol serum is an excellent addition! Works very gently but decisively in skimming off dead cells to reveal new, healthy skin. It absorbs quickly and isn't greasy. I added it to my nighttime regimen and within a week, my complexion was experiencing a really radiant, healthy glow, and all without redness or irritation.<br /><br />I'd also add that OZ products are, by and large, an excellent buy. This container was enormous and should easily last six months. I can't recommend this skin care line highly enough.<br /><br />**Product was provided for my honest review.",1
Q28,retinol cream for beginners,user requirement,34314,so far I am happy with it,4,Received the order quickly ...so far I am happy with it ..I have sensitive skin and it  doesn't irritate my skin like other retinol products I have tried in the past,1
Q29,makeup remover for waterproof makeup,product feature,12829,Great for the price,5,This product really works well and goes on easy.  Need to remove with makeup remover as it's waterproof.,1
Q29,makeup remover for waterproof makeup,product feature,22943,Great product,5,This citrus rose makeup remover took my makeup off with ease! This all natural makeup remover doesn’t mess with my skin at all! I really really love it! Finally found a makeup remover I can use!:) and the price is right too!,1
Q29,makeup remover for waterproof makeup,product feature,35487,Five Stars,5,works as a makeup remover/cleanser.,1
Q29,makeup remover for waterproof makeup,product feature,4029,Great volume!,5,I love this mascara!  Provides excellent volume and extra length.  It is not washable waterproof; you may need to use a makeup remover instead of just soap.  I recommend this product!,0
Q29,makeup remover for waterproof makeup,product feature,29445,I have tender eyes!,2,"This is identical to Lancome makeup remover! Sadly it burns my sensitive eyes just like the Lancome product. I do like the Almay makeup remover pads. They are much gentler for me. If you love lancome buy this instead and save some $$![[ASIN:B0049S5DFG Almay Oil-free Eye Makeup Remover Pads, 120-Count (Pack of 2)]]",1
Q29,makeup remover for waterproof makeup,product feature,31594,Five Stars,5,Favorite eye makeup remover have been using it for over 30 years!,1
Q29,makeup remover for waterproof makeup,product feature,29622,Did not like results,1,"Tried the tea oil and then applied the eyelid makeup remover.<br /><br />Tea oil was ok.  But the makeup remover caused irritation, redness and burning sensation.<br /><br />Only used the makeup remover two more times, and had the same experience.<br /><br />I discontinued using the remover, and use Systane Ultra and Ocusoft.<br /><br />Too bad, as I always prefer to use organic products.",1
Q29,makeup remover for waterproof makeup,product feature,30657,Worth every penny!!,5,I absolutely love these makeup remover’s they take off everything!!,1
Q29,makeup remover for waterproof makeup,product feature,22672,Light scent,5,"Great makeup remover, it very oily but it gets all of your makeup off. The scent is very light and not overpowering at all.",1
Q29,makeup remover for waterproof makeup,product feature,34884,Best Wipes,5,For a few weeks I couldn’t find these anywhere.  I took these makeup remover wipes for granted. These are the best makeup remover wipes. They are a good size and thicker than most brands.  Removes all my eye makeup effectively.  Most importantly they are well hydrated and don’t feel like sandpaper on my face.,1
Q29,makeup remover for waterproof makeup,product feature,20412,Great for removing makeup and for travel or on the go use,5,Great makeup remover cloths for use at home or on the go. Soothing and hypoallergenic. Removes eye makeup easily and leaves skin feeling fresh and clean. Great for travel.,1
Q29,makeup remover for waterproof makeup,product feature,23058,Love it,5,"This works great. Use a pre-makeup remover such as neutrogena hydrating eye makeup remover lotion on eyes and then all over face, then use this stuff, and voila perfect skin, supple no dryness or flakiness, no need for a toner",1
Q29,makeup remover for waterproof makeup,product feature,23165,Works great every time,5,This is the only makeup remover I will use. Works great every time.,1
Q29,makeup remover for waterproof makeup,product feature,16827,“Avoid eye contact” makeup remover wipes??,2,These are marketed as makeup remover wipes. They even claim to remove waterproof mascara. A few lines lower on the package it says “avoid eye contact”. It doesn’t say anywhere on the pack that they are ophthalmologist tested (or approved).,2
Q29,makeup remover for waterproof makeup,product feature,17557,I love them!,5,"Love these! I’ve had them for months and only used 1 pad so far. I have 4 brand new pads that will last me years! Washes easily with my laundry. I use hot water and that’s usually enough. If I have a lot of eye makeup, stain or waterproof I’ll add a little oil, lotion, soap or makeup remover to the pad. My skin is too sensitive for make up remover wipes so these are a life saver.",1
Q29,makeup remover for waterproof makeup,product feature,13933,Great product,5,Works great. Easy to apply. Actually stays on until you take off with makeup remover wipes.,1
Q29,makeup remover for waterproof makeup,product feature,36630,"Great product, multiple uses!",5,These were partially for a craft project and partially for nail polish and makeup remover pads. Worked great for all things!!,0
Q29,makeup remover for waterproof makeup,product feature,18357,Best eye makeup remover,5,"Physicians Formula eye makeup remover is my absolute favorite and the only one I use.  It’s creamy, not like those thinner liquid removers, and moisturizes your skin while removing the makeup.  Highly recommend.",1
Q29,makeup remover for waterproof makeup,product feature,40085,5/5,5,Excellent for removing makeup and waterproof mascara without over drying.  I use before a normal cleanser in my end of day skin care routine.,0
Q29,makeup remover for waterproof makeup,product feature,21118,Great skin cleanser - terrible makeup remover.,3,This cream feels nice and smells good. Once you rub the cream into your face it turns into a nice oil base facial cleanser. In my opinion it is not a good makeup remover. I wear full face makeup and this stuff doesn't even remove my mascara. I personally think this is a terrible makeup remover but it is a lovely face cleanser to use at night before bed on my makeup free days. It makes my skin feel very soft and very moisurized.,0
Q29,makeup remover for waterproof makeup,product feature,3556,Makeup Remover Cloth,5,"I highly recommend these Makeup remover cloths they are amazing. No solution needed just wet the cloth in warm water and gently wipe your face and eyes, MAGIC your makeup is removed,  just rinse cloth with warm water and hang to dry.  I am so in love with these cloths..",1
Q29,makeup remover for waterproof makeup,product feature,716,Makeup,5,Love my makeup and this is great. All the right colors for me.,0
Q29,makeup remover for waterproof makeup,product feature,22995,Great makeup remover,5,This stuff will take your makeup right off. The scent is kinda overwhelming but overall is a good purchase.,1
Q29,makeup remover for waterproof makeup,product feature,23478,Best makeup sponges,5,I'm very pleased with these makeup sponges. They work perfectly at blending my makeup and are easy to wash. I was not disappointed!,0
Q29,makeup remover for waterproof makeup,product feature,10624,eye makeup remover,5,this product is great for sensitive skin. removed waterproof mascara without any issues. would highly recommend.,0
Q29,makeup remover for waterproof makeup,product feature,42601,Best waterproof mascara remover!,5,The best I've ever tried for removing waterproof mascara!,0
Q29,makeup remover for waterproof makeup,product feature,30135,Very dry and smudged at the end of the day,1,"I had high hopes for this given all the positive reviews. I was surprised by how dry the product. I knew that waterproof makeup is typically hard to remove, so that was expected. I wore it for a day and by the end, I had smudges around my eyes.",1
Q29,makeup remover for waterproof makeup,product feature,2018,Great value!,5,"I use these with micellar water to remove my makeup at the end of the day. Works perfectly, and a great value for your money.",1
Q29,makeup remover for waterproof makeup,product feature,6702,Five Stars,5,love these - take your makeup off with just water,0
Q29,makeup remover for waterproof makeup,product feature,11662,Hard to remove makeup. Have to use 3 wipes ...,3,"Hard to remove makeup. Have to use 3 wipes because there is little to none wetness in it, always have to use micellar water for it to work effectively.",1
Q29,makeup remover for waterproof makeup,product feature,11528,Great for getting the makeup off the counter,5,exactly what i was looking for. Great for getting the makeup off the counter.,0
Q29,makeup remover for waterproof makeup,product feature,405,"So you can do a really beautiful look (since most ""waterproof"" makeups are cream or grease ...",4,"This. Stuff. WORKS.<br /><br />I'm an underwater photographer and have heard of this in the underwater community for keeping regular, non waterproof makeup from coming off underwater. So you can do a really beautiful look (since most &#34;waterproof&#34; makeups are cream or grease based and don't blend well and are kind of ugly) and then seal it in place. So I did my model's makeup and sprayed her with this and got beautiful pictures. (As shown) The only thing was the model said it had a strong smell and felt strange on her face. But that's a small price to pay for a two hour photoshoot going up and down and all around in a chlorinated pool.",1
Q29,makeup remover for waterproof makeup,product feature,2857,Difficult to remove liner,4,"I have used several times and they are fun, however the liner is very difficult to remove. I have tried eye makeup remover, Neutrogena makeup removing balm,  witch hazle, micro cleaning water, you name it and it clumps and takes a couple days to wear off.",1
Q29,makeup remover for waterproof makeup,product feature,38826,Five Stars,5,Best make-up remover on the market!,0
Q29,makeup remover for waterproof makeup,product feature,27944,Good Mascara,5,"This Queendom Unlashed Mascara worked really well for me. It’s not waterproof however it didn’t smudge or wear off very easily throughout the day, and washing it off I used a waterproof makeup removing wipe to get if off which worked really well. It doesn’t have a smell and is very smooth and black when applying. Overall it’s a nice product and works really well.",0
Q29,makeup remover for waterproof makeup,product feature,10414,The best face wipes,5,"I absolutely love these. They remove make-up beautifully, even waterproof mascara, but are very gentle and smell amazing. Absolute favorite.",0
Q29,makeup remover for waterproof makeup,product feature,24855,Five Stars,5,"I really like this product. It really removes makeup, even mascara.",0
Q29,makeup remover for waterproof makeup,product feature,30938,Hmmmm...,2,First time I've ever tried a micellar water. Seems to remove makeup okay but...ooowwww! Burns around the eye area! Also dries my skin even though it's oily. Think I'll stick to my face wash and toner routine.,1
Q29,makeup remover for waterproof makeup,product feature,17259,"Washable and reusable, can’t get any better than that",5,I was skeptical at first since they have lots of makeup remover clothes on the market.  I used my regular makeup remover cloth and then used one of these and was surprised of the leftover makeup that showed on the cloth. These are going to save me a lot of money since they are washable and reusable.  I am saying goodbye to my throw away cloths and hello to these.<br />Cheryl S,1
Q30,nail polish that dries quickly,product feature,15131,Great for nails!,5,This nail polish dries quickly and wears well. My nails are healthier when I wear this polish.,2
Q30,nail polish that dries quickly,product feature,12857,I have bought 5 bottles of this polish and will buy more,5,"I love the colors, it goes on smoothly and dries quickly.  Really does seem to protect and improve nail health. Chips and wears off in a week or so but I also swim everyday so not sure I can really expect any nail polish to last more than a week.<br />This is the only nail polish I have ever used that I would actually take the time to recommend.",2
Q30,nail polish that dries quickly,product feature,18921,Fast and effective,5,"Love the lamp, it works great with my beetles nail polish. It arrived quickly.",1
Q30,nail polish that dries quickly,product feature,25206,Bueatiful color,5,This nail polish produces a very milky polish that looks pretty. This nail polish looks good on people with big hands.,1
Q30,nail polish that dries quickly,product feature,10073,Love this product,5,"Love this product.  This is the first polish, other than UV gel products, that stays on my nails for more than a week.  It is an easy on/off product and dries quickly once applied.",2
Q30,nail polish that dries quickly,product feature,184,"Good idea,bad nail polish",2,"I love the idea of this product,but the nail polish itself comes out chunky,not easily spread and when it dries it just looks gross",1
Q30,nail polish that dries quickly,product feature,2398,Good,5,Rinses easily and dries quickly,1
Q30,nail polish that dries quickly,product feature,8301,I love this product!,5,"I use it as nail polish.  When I ordered it I wasn't quite sure if it was a base coat or polish.  I wear it alone as a polish. No need for a base coat. I give it two coats. It dries incredibly quickly. It makes my nails look wonderful. It's a shear color, very natural. It stays on for weeks without fading. I just ordered the other color. Yes, I highly recommend.",1
Q30,nail polish that dries quickly,product feature,14196,Love it,5,Beautiful color and it dries quickly,1
Q30,nail polish that dries quickly,product feature,10509,Best nail polish ever!!!,5,"This is, by far, the best nail polish I've ever had!! Goes on super smoothly and lasts forever! Couldn't get a decent pic, but it was taken after having polish on for two weeks! I used the black and put snowflake stickers on. Dries very quickly, especially top coat. Will buy this brand again without a doubt!! It's amazing, you won't be disappointed.",1
Q30,nail polish that dries quickly,product feature,42144,Does what it says it will!,5,Perfect. Works flawlessly and dries my gel polish without issue.,1
Q30,nail polish that dries quickly,product feature,2310,It wasn’t that strong of a remover,2,I did not think this was such a great nail polish remover. The one thing that is fabulous on it is the bottle so I may be reusing that with a stronger nail polish remover,1
Q30,nail polish that dries quickly,product feature,28751,Great!,5,Great hair dryer. Dries quickly without making my hair frizzy.,1
Q30,nail polish that dries quickly,product feature,23006,Great styling tool.,5,Great styling tool. Easy to use and dries hair quickly.,0
Q30,nail polish that dries quickly,product feature,3194,Better than other hand creams we have tried,5,"Convenient tube, easy to apply, no unpleasant scent, dries quickly.",1
Q30,nail polish that dries quickly,product feature,32506,It's okay,3,"These are cool but a little difficulty applying if you dont get it right quickly (because the glue dries fast), it leaves space between the chain and the nail. Probably wouldn't order again",1
Q30,nail polish that dries quickly,product feature,37320,very smooth,5,"This polish goes on great and dries very well, easy removal.",1
Q30,nail polish that dries quickly,product feature,14715,Ok,3,Polish peels off as soon as it dries. Foot bath works well.,1
Q30,nail polish that dries quickly,product feature,18134,Best glitter nail polish!!,5,Love this nail polish!!! Beautiful color.  Longevity of this nail polish was great!  It lasted a week on my natural nails.,1
Q30,nail polish that dries quickly,product feature,24,Very cute letter nail stickers,4,"This product is great for the what it is, it stays well and looks nice on top of nail polish and under clear nail polish. I thought it was nail polish sheets. My fault for not reading it well.",1
Q30,nail polish that dries quickly,product feature,16689,Removes thick coats of nail polish quickly,5,"After using this nail polish remover on three layers of polish with a coating of glitter, I have to say that it is amazing. Usually I struggle to get glitter polish off. Removing three coats is not an easy chore either with typical nail polish remover, but this stuff removed it almost instantly. I was totally impressed. Yes it's a bit more pricey than your average bottle of remover but to me it's totally worth it. I will definitely order again!",1
Q30,nail polish that dries quickly,product feature,20523,Pretty nail polish!,5,I love Essie nail polish. It applies well. It had a little more beige in it then I thought. Which blends in too much with my skin tone. I gave it to a friend. It arrived quickly and was packaged well. I would recommend this seller. Thank you!,1
Q30,nail polish that dries quickly,product feature,23568,Great nail polish,5,Great nail polish!  This will actually last 2 full weeks looking great.  Will keep this on my must buy list!,1
Q30,nail polish that dries quickly,product feature,8369,Nail Polish Unusable,1,"When I opened the nail polish to use it, it was just clumps and unusable.  I had to just throw it away.",1
Q30,nail polish that dries quickly,product feature,18415,My go to nail polish,5,"I rated this a 5 because this is the only nail polish I use on my toenails.  The color is very light pink (almost white) and the polish has tea tree oil in it which helps with fungus.  I would recommend this product to anyone who has toe nail fungus but beware---you still need to remove the polish every one or two days to let your nails breathe ( at least that is what I do). This is my second order of this color and brand of nail polish. Even though it is expensive, it is worth it if you have nail fungus.",1
Q30,nail polish that dries quickly,product feature,32139,Gel nail polish,5,I brought these so that I don’t have to sit in the nail shop with a mask on dealing with this COVID situation.  I can do my nails at home.  This polish is great and applies very good.,1
Q30,nail polish that dries quickly,product feature,38482,Polish remover,5,I don’t really know what to say about nail polish remover. The bottle is very big and removed my nail polish as expected.,1
Q30,nail polish that dries quickly,product feature,4615,Liked everything but the nail polish,4,"Liked everything but the nail polish.  It has a very STRONG scent that I really cant stand. Other than that, this is a very good set.",1
Q30,nail polish that dries quickly,product feature,29860,Best Nail Polish,5,The nail polish goes on easy and has a beautiful smooth shine. It lasts  longer than other products I have used. I have purchased it in several colors.,1
Q30,nail polish that dries quickly,product feature,5833,Terrible nail polish!,1,"This is some of the worst nail polish that I've ever used! The colors are pretty disappointing, but the worst is that they are terrible to apply! They're runny and thin and hard to apply well... I get streaks of uneven color every time! Terrible purchase!",1
Q30,nail polish that dries quickly,product feature,24508,Not good for mixing nail polish at all,2,Not good for mixing nail polish at all. The wands falls off in the polish and you have to dish it out. Plus the wand is not long enough for most nail polish bottles. Tried to use two wands and it caused a bigger mess. Wish I could return it but I got nail polish all over it.,1
Q30,nail polish that dries quickly,product feature,4563,Use clear nail polish,1,[[VIDEOID:54cc70a2a84fc5e31729d911acc19991]] Although it says how much of great quality it is. I decided to try it out for myself…I used it on 4 of my everyday rings and the ‘clear coating’ just scraped off like clear nail polish. I expected a bit more heavy duty. Not worth it. (Also smells exactly like clear nail polish),1
Q30,nail polish that dries quickly,product feature,34075,The best nail polish,5,I work in a hospital and am constantly washing my hands. This is the only nail polish that I have found that isn't affected by hand sanitizer. This price was much better than found in stores and I love that it was surprise colors!,1
Q30,nail polish that dries quickly,product feature,21256,Horrible nail polish,1,"Base color looks nude (instead of slightly pink) and the white nail Polish looks horrible. It looks like you used white out. I have to use a clear polish to help it look a bit better. At first I thought it was because I needed practice with doing a French manicure, but even as solid colors, the polish look horrible. If I can get a refund, I would.",1
Q30,nail polish that dries quickly,product feature,40282,Dries quickly after washing possibly fixable,3,The only think I had issue with is one loop broke my purple one. All were washed before first time use and only one broke when I went to try to use it. Other wise no other issues. It dries quickly after you wash them.,1
Q30,nail polish that dries quickly,product feature,39704,Natural color,4,Fast drying nail polish! This is a great color if your looking for a more natural look.,2
Q30,nail polish that dries quickly,product feature,26034,Terrible. Don't waste your money.,1,This nail polish is awful! It chips so easily and takes forever to dry. I had it on for a day and 4 of my nails had already chipped just from washing dishes. I even tried coating it with OPI top coat and it still chipped. You're better off buying nail polish from the dollar store.,1
Q30,nail polish that dries quickly,product feature,21610,Never buying polish again!!!,5,"I love this product for many reasons! The main reason is ZERO dry time. As someone who does not do gel, wrap, powder, or tips this is perfect for me. My nails are always done and they last about a week (wear gloves to wash dishes). As an added bonus I add a top coat of clear polish if I have time for a bit of extra shine and it lasts a bit longer. Lastly, I would suggest Mineral Fusion acetone free nail polish remover to remove the polish. A friend recommended it and I swear by it. PS picture submitted I had the polish on five days.",2
Q30,nail polish that dries quickly,product feature,14752,Thing thing sucks!!,1,Geez this polish took FOREVER to dry!!!! I was going to an event and wanted to do my nails and omg it took like 3 hours to dry! Sucks. Don’t buy,1
Q30,nail polish that dries quickly,product feature,3400,One Star,1,Nail polish just peels off,1
Q30,nail polish that dries quickly,product feature,23318,Orly is the best brand of nail polish,5,Regardless of the color orly nail polish is the best I've ever used. Goes on evenly . No second coat needed. Dried fast. Does not chip or peel,1
Q30,nail polish that dries quickly,product feature,2936,Does what its supposed to do,3,"I bought this to use when I do my nails......I have never managed to master nail polish without screwing up.<br />This is quick drying, the smell can be overwhelming at first but its better than other ones I have tried.  I bought some empty nail polish style bottles to pour it into.",1
Q30,nail polish that dries quickly,product feature,18882,It works!,5,"This polish is amazing. I put two coats on every day for a week and my nails look great with ONLY this, no color. It dries to a nice light buff color which I like but I eventually I apply color.",1
Q30,nail polish that dries quickly,product feature,17,... product helps keep my nail polish from chipping so easily. I used it every time,5,I think this product helps keep my nail polish from chipping so easily. I used it every time.,1
Q30,nail polish that dries quickly,product feature,8830,Excellent product,5,Love this product.  Easy and I get 3 weeks out of this polish.,1
Q30,nail polish that dries quickly,product feature,31728,Best top coat I have ever used!,5,Love this stuff! It dries super fast and really helps my polish last longer. Best top coat I have ever used.,1
Q30,nail polish that dries quickly,product feature,22303,Not what I was looking for,1,Nail polish doesn't fully dry it stays sticky and peels the next day,1
Q30,nail polish that dries quickly,product feature,24570,Nice,5,"Just like any nail polish but lovely colors, and cleaner ingredients",1
Q30,nail polish that dries quickly,product feature,22455,Extremley highly recommended,5,The best product I ve ever used for nails. This really works you can see the difference in two days. It worth every penny.,0
Q30,nail polish that dries quickly,product feature,36924,Three Stars,3,dosent remove polish very well,1
Q30,nail polish that dries quickly,product feature,4248,nail strengther/NOT,1,didnt work at all  clear nail polish at best/,1
Q30,nail polish that dries quickly,product feature,40130,Disappointment,1,This nail polish was a huge disappointment. It’s very thick and you can’t apply it properly. It was very frustrating trying to use it. I couldn’t even return it. Quality was not worth it!,1
Q30,nail polish that dries quickly,product feature,23944,Long lasting/quick dry,5,This nail polish is amaing. I bought several.,2
Q30,nail polish that dries quickly,product feature,2510,Five Stars,5,Stays on longer than original nail polish.,1
Q30,nail polish that dries quickly,product feature,12723,Love!,5,Perfect! Dries fast and is nail salon gel feeling. Love it over top my COLOR STREET!,1
Q30,nail polish that dries quickly,product feature,805,Five Stars,5,Good nail polish and pretty colors,1
Q30,nail polish that dries quickly,product feature,36617,nice colors,5,this polish is very nice. the colors are little unusual but very kute and it dries very fast,1
Q30,nail polish that dries quickly,product feature,33552,Beautiful Colors,5,"I love the Sonia Kashuk nail polishes. The colors are lovely and the formulation is the best. Goes on smoothly and dries fairly quickly. Also lasts for a good while before any chipping. Hard to find, happy I got several bottles.",0
Q31,strong hold hairspray without stickiness,product feature,42159,Five Stars,5,My favorite hairspray ever!!  Has great hold without feeling crunchy,1
Q31,strong hold hairspray without stickiness,product feature,28426,Great hold and smell,5,Works well without major stickiness. Smells much nicer than other sprays.,0
Q31,strong hold hairspray without stickiness,product feature,31457,Love it!,5,"It's a great light weight hairspray, holds your hair in place without making it stiff. Love it! The best hairspray.",1
Q31,strong hold hairspray without stickiness,product feature,1490,Great shine.,5,Great product which has been discontinued in stores.  Shines my hair without stickiness. Get it while you can,1
Q31,strong hold hairspray without stickiness,product feature,27813,Good hold!,5,"Love this hairspray. Hold great, smells good, and can be brushed out.",1
Q31,strong hold hairspray without stickiness,product feature,6886,Does it’s job,5,"Strong hold gel, works as advertised.",1
Q31,strong hold hairspray without stickiness,product feature,3604,Hairspray,5,"I love the hairspray.  Hold my heavy hair back. I can’t find this in any store; therefore, I would buy again.",1
Q31,strong hold hairspray without stickiness,product feature,34274,Recommend,5,Really uncented. Strong hold but not sticky.,1
Q31,strong hold hairspray without stickiness,product feature,11612,Doesn't even hold up thin hair,2,It doesn't really have a strong hold,1
Q31,strong hold hairspray without stickiness,product feature,8266,love it,5,"use only this hair spray for very, very long time. Its hold naturally, nobody even notices  that I were hairspray.Very light and pleasant",1
Q31,strong hold hairspray without stickiness,product feature,29706,These do not bend or hold well at all. Wouldn't stay ...,1,"These did not hold my hair at all without using bobby pins. I have thin fine hair and they constantly fell out, even with using hairspray. I would return it but by the time i was able to really give it a try, it was passed my my return option.",1
Q31,strong hold hairspray without stickiness,product feature,25400,Good quality top and base gel,5,"Great quality, no stickiness so no cleansing needed!",0
Q31,strong hold hairspray without stickiness,product feature,25935,Five Stars,5,It's great! Strong hold and works exactly as expected.,1
Q31,strong hold hairspray without stickiness,product feature,36446,Good quality and value.,5,Strong hold. Open wide and finishing is good on these.,1
Q31,strong hold hairspray without stickiness,product feature,9457,Should be called medium hold hair gel,3,About as strong as LA Looks strong 10 gel which is about a 5 hold as compared to Got2B Glued gel.,0
Q31,strong hold hairspray without stickiness,product feature,28273,Waste of my money,2,Not &quot;STRONG HOLD&quot; very misleading. Waste of my money.,1
Q31,strong hold hairspray without stickiness,product feature,42357,Do Not Buy!,1,This is not the authentic bedhead hard head hairspray! It’s not the same smell and it doesn’t provide the hold. Not worth any amount of money.,1
Q31,strong hold hairspray without stickiness,product feature,18810,Great travel-sized natural product,5,Hold isn’t super strong but I’ve come to like that.,0
Q31,strong hold hairspray without stickiness,product feature,34186,Worst hairspray ever!,1,Worst hairspray ever. Does not hold AT ALL on ANY setting. Do not buy this product! I’m giving it one star only because this won’t post with zero!,1
Q31,strong hold hairspray without stickiness,product feature,14609,The best hold for limp hair.,5,"The best hold for limp hair.  Holds up in humidity better than others too.  They don't make the famous 80's well known hairspray like they used to;  you know, the one that was all about the big hair hold?  It's just a slimy mess anymore.  Formula is very different.  Have tried many many supposedly firm holding hairspray brands.<br /> Bedhead Hard Head is relatively pricy but works so much better!",1
Q31,strong hold hairspray without stickiness,product feature,42675,STRONG HOLD!!,5,"Love this product<br /><br />Finally found a hair spray that provides strong hold, but keeps the finished look really well",1
Q31,strong hold hairspray without stickiness,product feature,31584,Does not provide a strong hold,3,"Greasy, oily and does not provide a strong hold as the label implies.  Disappointed considering the price.",1
Q31,strong hold hairspray without stickiness,product feature,15337,Strong slick hold,5,Very strong hold. I have medium length hair but i think this would work great with shorter hair. If I’m looking for a real slick back look this is what I use. Unscented works well with my sensitive skin.,1
Q31,strong hold hairspray without stickiness,product feature,31435,Clean without drying out skin,5,Love these!  Clean without drying out skin. Scent is not real strong.,0
Q31,strong hold hairspray without stickiness,product feature,10567,Well named hairspray,5,"This hairspray is well-named.  It works great when you are trying to style your hair in sections, especially if you're &#34;teasing&#34; it.  It holds gently while you move the hair into position, then you can spray with a stronger hairspray to &#34;freeze&#34; hair in place.",1
Q31,strong hold hairspray without stickiness,product feature,39149,Scruples hairspray is the best there is,5,Scruples is the only hairspray that holds your hair perfectly,1
Q31,strong hold hairspray without stickiness,product feature,5064,"Best Hairspray, Ever.",5,"Love This hairspray. It smells great, and leaves my hair shiny. This is my second time to order on Amazon. Highly recommended.",1
Q31,strong hold hairspray without stickiness,product feature,37226,"Best hairspray for fine, hard to curl hair",5,"Best hairspray I've ever used, hands down. I've used other pricey sprays, and Bed Head Hard Head tops all of them by far.  I have long, fine hair that won't hold curl for anything, and this hairspray helps exponentially. A little product goes a LONG way. Personally, I find that the spray does, in fact, make my fine hair a little crunchy once the product dries.  However, I have long hair, so I wait till the spray dries thoroughly and then shake out my hair (or even gently run a brush or pick through it) and break up the crunchy feel.  The curl still holds, but that helps eliminate that helmet head feel. If you have hair that doesn't hold curl or a style, this is the hairspray for you.",1
Q31,strong hold hairspray without stickiness,product feature,17961,Smells great and hold my hair well!,5,Love this hairspray! Holds hair in place but not sticky or stiff. And it has the most amazing smell!,1
Q31,strong hold hairspray without stickiness,product feature,15025,Five Stars,5,this is the best hairspray! Holds all day with no problem. Brushes out easily & leaves no build up!!,1
Q31,strong hold hairspray without stickiness,product feature,2724,Five Stars,5,"Absolutely great hairspray for fine hair. Not heavy or sticky, which is important if you have fine hair!",1
Q31,strong hold hairspray without stickiness,product feature,41985,Amazing!,5,"So far, I'm very impressed!  My hairdo holds all day, unlike with any other hairspray that I have ever used, and without it appearing that my hair has been sprayed - not &#34;hard&#34; or sticky, just soft and in place!",1
Q31,strong hold hairspray without stickiness,product feature,34366,Good hairspray,5,"It hardly feels like you have hairspray on. Not sticky or heavy, I have very fine hair.<br />It holds really well.<br />It is pretty small can ,for the price,is my only complaint",1
Q31,strong hold hairspray without stickiness,product feature,13224,Holds without stiffness.,5,"Not sticky, doesn’t leave har “hard” , holds hair with a natural look.",1
Q31,strong hold hairspray without stickiness,product feature,16310,This is a really great product for supplying a decent hold without making the ...,5,"This is a really great product for supplying a decent hold without making the hair stiff. It keeps my hair in place without looking greasy, it basically just looks natural. It doesn't make my hair heavy or gross feeling later in the day either. It basically disappears but still works.",0
Q31,strong hold hairspray without stickiness,product feature,1114,Five Stars,5,This is the best hairspray for moveable styles!,1
Q31,strong hold hairspray without stickiness,product feature,9034,NOT THE SAME…Disappointed!,1,"Like other reviewers, this product is not the same. I have been using this hairspray for years and I am disappointed with my last order. The style of the top where it sprays has changed. Now it has a cap that needs to be removed to reveal the nozzle. When you first press it down air comes out and then finally the product. The air messes up your hair so the spray then sprays the messed up hair. I felt like I needed to use more of this spray to get a decent hold. Many times it felt like there was no spray on my hair at all. In the past I liked how there was a firm hold without a sticky or sprayed look. Now it seems like there is no hold at all. Amazon needs to change the photo to picture the t",1
Q31,strong hold hairspray without stickiness,product feature,2044,My Favorite Hairspray,5,"Best hairspray I have found. Holds the hair without being stiff, and does not dry it out. I am just now trying the Styling Gel, and am liking it. I have fine hair, and this gel keeps a style well. This &#34;double pack&#34; offer has the same number of ounces as the regular hair spray and gel, so this is a good buy. The packaging was very protective of the products.",1
Q31,strong hold hairspray without stickiness,product feature,33412,holds well,5,light hair spray that holds coifs well,1
Q31,strong hold hairspray without stickiness,product feature,8480,Five Stars,5,Great product...only hairspray that I use - have been using it since 1965 (truth),1
Q32,heat protectant for damaged hair,hair concern,25417,This works amazing on natural,5,"This works amazing on natural, african-american hair.  Need to use additional heat-protectant though.  Will last a long time.  Better than all the temporary kits I have tried.",0
Q32,heat protectant for damaged hair,hair concern,10167,Product is fye,5,"Im a professional  stylist looking for heat protectant. This product  is fye. Meaning,  it silks the hair to perfection.  It adds supreme luster on short and long hair. Be careful,  use sparingly or it will be too oily. But overall scent is great. Great product.",1
Q32,heat protectant for damaged hair,hair concern,26136,Not too good,1,The clippers were not heat treated properly for sure. The cutting blade part is so soft it damaged immediately.,0
Q32,heat protectant for damaged hair,hair concern,18987,Five Stars,5,"Love, love, love the smell of this product. A great conditioner and protectant too.",0
Q32,heat protectant for damaged hair,hair concern,1177,Great cream lightener/bleach,5,"Love this lightener, especially for dry and damaged hair. Works great!!",1
Q32,heat protectant for damaged hair,hair concern,40075,The best product for difficult hairs,5,My hair is very damaged and this product restores all my hair,0
Q32,heat protectant for damaged hair,hair concern,36727,Great cordless curler,5,Super easy to use<br />I have long straight hair that usually doesn’t hold a curl. I use a protectant spray.  The curls are great and last all day. Highly recommend,0
Q32,heat protectant for damaged hair,hair concern,41049,Five Stars,5,"Excellent, if you have severe damaged hair, this is the right product for you",1
Q32,heat protectant for damaged hair,hair concern,31167,Don't wast your money,1,"They coat the hair with silicone, which makes it temporarily ‘tangle free' and lustrous, but the silicone washes off quickly and the hair soon becomes dry, stiff, and matted. The hair becomes damaged and too weak to handle heat styling or color applications, you are left with hair that are looking synthetic and unnatural, and you will need to replace it quickly.",0
Q32,heat protectant for damaged hair,hair concern,32729,Damaged,1,Product delivered damaged and taped as though it shipped damaged.,0
Q32,heat protectant for damaged hair,hair concern,29933,Five Stars,5,Love it. My hair was heavily damaged and the results are amazing,0
Q32,heat protectant for damaged hair,hair concern,8699,Not greasy,4,Used this to help with damaged hair. went on without being too greasy.,1
Q32,heat protectant for damaged hair,hair concern,31558,Always put on the cap liner first to keep the heat cap clean or use any other plastic cap.,5,The cap is a good fit for all around heat. The 3 heat settings is a plus for different types of hair. Worked very well for my cholesterol treatments.,0
Q32,heat protectant for damaged hair,hair concern,40893,Great for dry and damaged hair,5,This cream smells very good. Takes out the frizz in my hair and leaves it softer. Excellent product for dry and damaged hair,1
Q32,heat protectant for damaged hair,hair concern,8655,VERY disappointed,1,Completely disappointed. Came in damaged so the product itself was damaged as well. Very disappointed.,0
Q32,heat protectant for damaged hair,hair concern,39881,Five Stars,5,"Great stuff. It works well to condition damaged, color treated hair. Nice mild scent, too!",0
Q32,heat protectant for damaged hair,hair concern,14326,Good pressing cream,4,Good pressing cream. Pressing my natural hair with low heat or as stretching cream for natural hair.,0
Q32,heat protectant for damaged hair,hair concern,17581,THESE ROLLERS ARE GREAT,5,"All the rollers in this set bend.They are perfect for long hair if you are not wanting to use heat.I sleep in mine.There are several tutorial videos on google under rubber rollers,much better for hair than heat",0
Q32,heat protectant for damaged hair,hair concern,38829,Don’t buy,1,"Box came late and broken, damaged everywhere! When I open Outside panel damaged-big crack from top to the bottom.",0
Q32,heat protectant for damaged hair,hair concern,13343,Steam Cap for the Microwave,5,I love this microwavable Heat cap for when I apply my conditioner to my natural Hair!,0
Q32,heat protectant for damaged hair,hair concern,1231,Damaged,1,Returning product because it was damaged.,0
Q32,heat protectant for damaged hair,hair concern,17877,Damaged Product,1,"Product came damaged. Plastic isn’t super thick, okay product.",0
Q32,heat protectant for damaged hair,hair concern,40322,Better than using heat on your hair.,4,"Its easy to use, and make shape by twisting it. Its better than using heat on your hair.",0
Q32,heat protectant for damaged hair,hair concern,2701,Heat resistant!,5,"I didn't like how mine arrived, but turns out that it's heat resistant. I used 300 degrees because that's the lowest my hair straightener would go. The hair is really soft and perfectly matches my hair.",0
Q32,heat protectant for damaged hair,hair concern,31616,Dry heat not moist heat,5,"DON'T DO LIKE I DID! I was ordering this for my 87 year old mother that has dry eyes. I was looking for the MOIST heat eye mask. There's so many different products I just did not pay well enough attention. I also was looking for one that looked well made and you could wash without a problem. This one is great dry heat , appears well made, and says you can easily wash it. But for dry eyes you need moist heat. Back to the drawing board LOL",0
Q32,heat protectant for damaged hair,hair concern,19098,Damaged item,1,This product arrived damaged. There is not even an option to contact seller or returning the item. Horrible purchase.,0
Q32,heat protectant for damaged hair,hair concern,28895,They might come damaged,3,It's pretty good but I bought 3 of them and 2 came damaged,0
Q32,heat protectant for damaged hair,hair concern,31244,Damaged,1,Package came in damaged and it’s not even eligible for a return. Bought this and a gel kit to avoid having to go to the salon to remove my previous gel nail polish and now it looks like I’m going to have to make another trip to one… waste of money,0
Q32,heat protectant for damaged hair,hair concern,22733,Pump not working and pump damaged!,1,Arrived damaged and you could tell that it damaged before shipping because the pump wasn’t working either! Not cool! I kept it because I was able to use a pump from an older bottle!,0
Q32,heat protectant for damaged hair,hair concern,19576,Great Shampoo. Really cures your damaged hair and leaves ...,5,Great Shampoo. Really cures your damaged hair and leaves it smeling great.  Have been using for about a week now and have noticed my hair has been less dry and less frizzy.  You only need to use a little amount when applying.  Will update review in a few weeks.,0
Q32,heat protectant for damaged hair,hair concern,3044,More heat protective .,4,"Its very similar to my older style, new appliance has more heat protection. I'm  pleased",1
Q32,heat protectant for damaged hair,hair concern,22615,If your hair is dry and damaged... Buy this now!,5,"If you have damaged curly hair, This is the product you need to save your hair.<br />I bleached my hair and my curls where so relaxed I was depressed. I did tons of research online and bought so many products with no results. Then I went to a beauty supply and the lady there told me this product will save me. And oh was she right.<br />I did the two steps plus a hair mask with heat the same day and my curls have never been this beautiful. My hair looks even better than before the bleaching.<br />I will continue to use this product every six weeks. It's amazing!",0
Q32,heat protectant for damaged hair,hair concern,21238,One Star,1,Dried out my hair and the heat protector didn't work,1
Q32,heat protectant for damaged hair,hair concern,2811,love the stuff!,5,"only heat protection I'll use. leaves hair soft and silky, not oily.",1
Q32,heat protectant for damaged hair,hair concern,43045,Opulent Thermal Blowout Spray - Awesome Product!,5,"Finally a heat protector that really works on my hair! I have used quite a few different brands and ended up with either dried-out or sticky hair. I have very abused hair - colored, bleached, blow-dried and flat-ironed. This works for me. I have thick, longer hair so I have to do about 15 - 20 spritzes. This product does not make my hair sticky or oily, and it does not weigh it down. I am so glad I found this and decided to give it a try! I strongly recommend this for anyone with naturally curly, frizzy or chemically treated hair. This is an awesome product!",1
Q32,heat protectant for damaged hair,hair concern,34507,Not Worth the Burn,2,"I sustained two bad burns. Yes, user error on my part but it gets too hot and has only one heat setting. And as another reviewer noted, it’s impossible to not turn it off accidentally while using it.<br /><br />It curled well but not worth the burn pain and I fear what more than even occasional use would do to my hair.",0
Q32,heat protectant for damaged hair,hair concern,28135,Four Stars,4,I love the no heat feature.  It works well in drying my hair without damaging it.,0
Q32,heat protectant for damaged hair,hair concern,21971,Broken,1,I bought it hoping it would help me with damaged hair but it ended up falling out a lot,1
Q32,heat protectant for damaged hair,hair concern,18902,good for a day or two,1,at first the hair was soft with no weird smell. After installing the hair even after using a heat protector it would almost melt the hair?? I don’t believe it is 100% human hair. Hair tangled 2 days in even when heat was not put on the hair and the ends were fried. Would not recommend getting this hair unless you’re out of options and need a solution quickly.,1
Q32,heat protectant for damaged hair,hair concern,5909,Heat temperatures do not help straighten,1,Didn't work for my type of hair hardly got hot,0
Q32,heat protectant for damaged hair,hair concern,10185,... used this curling iron for about 10 years and love it. I have fine chemically treated hair and ...,5,I've used this curling iron for about 10 years and love it.  I have fine chemically treated hair and some curling irons get too hot and fry my hair.  This one works great for me and doesn't damage like some other irons I've tried.,1
Q32,heat protectant for damaged hair,hair concern,22817,Don't recommend this product,1,The wax did not get heated at all inspite of keeping it for more than 90 minutes and skin got damaged when I tried to pull hair out. Don't recommend this product.,0
Q32,heat protectant for damaged hair,hair concern,13053,Does ok,3,"I probably should have chosen something with higher heat. It works ok on my thick hair, but the curl  resists.",0
Q32,heat protectant for damaged hair,hair concern,32035,Works best on thicker hair,4,This product heats up nicely but does not work well with fine hair my hair was too fine to get a good even straightening effect but work better on a friend who had thicker hair,0
Q32,heat protectant for damaged hair,hair concern,5811,Brush Iron,4,"This item has a good grip on the hair.  the only thing, it heats too slowly.",0
Q32,heat protectant for damaged hair,hair concern,15997,Very cool! Worth the wait!,5,"Very cool product! Useful for damaged hair. I was worried it wasnt going to work cause it took quite a beating when it was mailed, but even though the bod was badly damaged and torn, the iron still functioned perfectly. Now, I watched several videos about the product and instructional videos before using this hair tool, and that definitely was more helpful than just going by the manual that it came with. So, I suggest watching a few youtube videos about ""ultrasonic cool touch infared irons"" prior to making your purchase.",1
Q32,heat protectant for damaged hair,hair concern,40065,I love the ombré color. I just couldn’t tolerate the product.,3,Could not tolerate this hair. It literally had my scalp on fire and I had to cut it out before a week past.  Unfortunately I had an allergic reaction to the product. Was advised to soak my products before using them due to the alkaline in the product.,0
Q32,heat protectant for damaged hair,hair concern,43087,Secure hair,5,Does exactly what I purchased for keep hair secure.,0
Q32,heat protectant for damaged hair,hair concern,4343,Very disappointed,1,"Very low heat at max, not effective for my short thick hair.  Tangles easily in hair. I should have returned it",0
Q32,heat protectant for damaged hair,hair concern,8682,Not metal,3,This is completely plastic. Not what I had in mind for heat styling while blow drying my hair.,0
Q32,heat protectant for damaged hair,hair concern,2296,glad to use this shampoo!,5,"My hair was damaged ever since I colored it. Gladly I discovered this product, because my hair grows naturally beautiful with strands of silky smooth.",0
Q32,heat protectant for damaged hair,hair concern,37734,Love it!,5,"I love this shampoo and conditioner, my hair feels soft and silky after and I feel better using the protection spray knowing my hair won't be as damaged from blow drying.",0
Q33,exfoliating scrub for sensitive skin,multi-condition,30226,Great for sensitive skin,5,Husband loves! He has very sensitive skin but wanted an exfoliating scrub. Perfect.,2
Q33,exfoliating scrub for sensitive skin,multi-condition,36718,Great product--does its job,5,These exfoliating mitts do their job! My skin is smoother than when I use a scrub or loofah. Highly recommend these mitts.,1
Q33,exfoliating scrub for sensitive skin,multi-condition,26203,Five Stars,5,Great product...This gives a great exfoliating scrub without being abrasive!,1
Q33,exfoliating scrub for sensitive skin,multi-condition,16654,"best ""washcloth"" you'll ever use",5,Fabulous for getting suds and exfoliating my skin.  Easy to scrub your entire back because its long enough to do the reach.  Once you use these you'll never go back.,1
Q33,exfoliating scrub for sensitive skin,multi-condition,25736,Awesome,5,These are great for exfoliating dry skin.,0
Q33,exfoliating scrub for sensitive skin,multi-condition,37715,COOL MasK,5,Thick..Grainy..Cooling sensation Mask..Cleans pores and skin very well..If one has really sensitive skin.I am not too sure it will work..It might be too harsh..But for Oil and Combination Skin is works well..It can be used as a Scrub after the time is up as a Mask..One can as you wash it off..Use as a scrub..Getting rid of dead skin..Found the Cooling effect really nice..lol,2
Q33,exfoliating scrub for sensitive skin,multi-condition,19377,A Must Try !,4,"This scrub smells fantastic & feels even better. I love how easily this scrub is to use without being to strong on my skin, it rinses quickly & leaves my skin soft & hydrated. This scrub is a must try !",1
Q33,exfoliating scrub for sensitive skin,multi-condition,37523,Decent product with questionable ingredients,3,I saw this product on wishtrend tv and was very excited to try it. The product itself has a strong fragrance to the scrub that reminds me of a older woman's perfume. The scrub itself works well but the ingredients were too harsh for my sensitive skin. After using the product my skin had rashes all over my skin. I don't know what exactly is in the ingredients but it really isn't clear.,2
Q33,exfoliating scrub for sensitive skin,multi-condition,17873,Excellent way to exfoliate!,5,Great product to help exfoliate your skin and remove dead skin. Easy to use and smells good. I have sensitive skin and had no reaction to this gel. Would recommend 60 Second Miracle Exfoliating Gel once a week as a great way to replenish and clean your skin. Also suggest applying a good moisturizer after using this.,0
Q33,exfoliating scrub for sensitive skin,multi-condition,20598,Great product,5,I like these cloths. They work really well exfoliating my skin.,0
Q33,exfoliating scrub for sensitive skin,multi-condition,37010,This scrub is great quality! I love the jar that the scrub ...,5,This scrub is great quality! I love the jar that the scrub comes in because it has a large opening that allows you to grab product. I keep this scrub in the shower and no water goes into the jar. The scrub is large pieces that once rubbed on skin it somewhat stays on the skin. The scrub definitely has a coffee scent to it. My skin gets a little brown but not too much. After it leaves your skin softer than it was before.,1
Q33,exfoliating scrub for sensitive skin,multi-condition,41441,Feeling fresh,5,This face scrub was just what I needed during these dry winter months. I am super sensitive to over-the-counter facial products and I can trust this scrub as it has all natural ingredients! It smells amazing (I even got a compliment from my hubby) it feels nice on the skin and left it feeling silky afterwards.,1
Q33,exfoliating scrub for sensitive skin,multi-condition,2155,Best!!,5,Great for sensitive skin! Best!!!,1
Q33,exfoliating scrub for sensitive skin,multi-condition,39509,Five Stars,5,good stuff for sensitive skin.,1
Q33,exfoliating scrub for sensitive skin,multi-condition,29787,Light and fluffy!,5,Great for dry sensitive skin!,1
Q33,exfoliating scrub for sensitive skin,multi-condition,7721,"After 2 years of trying to find the right wash for my sensitive skin, this is amazing.",5,Perfect for my sensitive skin.,1
Q33,exfoliating scrub for sensitive skin,multi-condition,21579,want soft skin for days?,5,best scrub i have ever purchased. leaves skin so smooth,1
Q33,exfoliating scrub for sensitive skin,multi-condition,4476,great scrub,5,love this scrub...easy on the skin & feels so good!,1
Q33,exfoliating scrub for sensitive skin,multi-condition,32077,Great product,5,Great for people with sensitive skin,1
Q33,exfoliating scrub for sensitive skin,multi-condition,9240,Love it,5,Great for sensitive skin . Smells good,1
Q33,exfoliating scrub for sensitive skin,multi-condition,23390,Great for sensitive skin,5,This is the best spf for sensitive skin... love it!,0
Q33,exfoliating scrub for sensitive skin,multi-condition,28576,For sensitive skin,4,I have sensitive skin and it works well for me . Was looking for it to stop puffiness under eye I have seen a little improvement.,1
Q33,exfoliating scrub for sensitive skin,multi-condition,13907,Best Scrub for Softer Skin,5,"This is the best scrub I've used for softer, smoother skin. Your skin really feels transformed after you've only used it once. The consistency is great- like a body butter and scrub in one. No need to use a moisturizing body wash afterward; this scrub is deeply moisturizing. I love it and avon no longer sells it in their catalogue so I was able to find it here on amazon. Thank god for that. Please try this stuff- it's a lot cheaper than ""Fresh"" ""Brown Sugar Scrub"" and this scrub is noticeably infused with a moisturizing agent; shea butter. If you use it every day, you'll run out relatively quick so you need to invest in a few bottles.",1
Q33,exfoliating scrub for sensitive skin,multi-condition,21995,Sensitive skin beware,2,"Not for sensitive skin, caused slight rash on face when used.",1
Q33,exfoliating scrub for sensitive skin,multi-condition,40419,good for sensitive skin!,5,You get a lot for what you pay for. It's very absorbent and I have very sensitive skin and it doesn't irritate my skin at all.,1
Q33,exfoliating scrub for sensitive skin,multi-condition,4617,Great for sensitive skin,5,Smells amazing and helps for sensitive skin. I use this before and after water wipes and it keeps my son fresh and soft.,1
Q33,exfoliating scrub for sensitive skin,multi-condition,10333,Exfoliating,5,I like the exfoliating scrubber part.,0
Q33,exfoliating scrub for sensitive skin,multi-condition,35510,Would not recommend for sensitive skin.,2,Would not recommend for sensitive skin due to stinging sensation after use.,1
Q33,exfoliating scrub for sensitive skin,multi-condition,32367,For sensitive skin type,5,I always love these face masks because they moisturize my skin and never irritate my highly sensitive skin. I have repurchased them many times and will keep coming back.,1
Q33,exfoliating scrub for sensitive skin,multi-condition,13794,To harsh for my sensitive skin,1,"It make my skin very dry after use. I do have very sensitive skin, and it is not for those who do.",1
Q33,exfoliating scrub for sensitive skin,multi-condition,16779,Good for sensitive and ance prone skin.,4,"I have very sensitive and breakout skin. This cleanser keeps my facial skin hydrated, unlike other brands. I would recommend if you have these following skin conditions- Sensitive, Acne-prone, and Combination of oily and dry skin.",0
Q33,exfoliating scrub for sensitive skin,multi-condition,6176,Great exfoliating,5,The exfoliating bits are very small it feels sandy. The texture is perfect. It works very well. Makes my skin feel nice and smooth.,0
Q33,exfoliating scrub for sensitive skin,multi-condition,17559,Good for sensitive combination skin,4,"Good face wash. It removes the oil without drying out your skin. I have fair sensitive combination skin that gets small tiny white head pimples with changes in weather or any irritants in the air. I use this in the shower followed by a light moisturizer for sensitive skin (Neutrogena sensitive skin moisturizer) and it helps with the acne. It does irritate your eyes though more than other face washes I've used, so make sure you wash well around yours eyes and eyelids (only reason I gave 4 stars), as far as clearing the skin it is 5 stars.",0
Q33,exfoliating scrub for sensitive skin,multi-condition,266,Great for people with sensitive skin!,5,"Great quality product!<br />Leaves skin soft and hydrated<br />Absorbs well, does not leave any greasy residue.<br />Great for people with sensitive skin!",1
Q33,exfoliating scrub for sensitive skin,multi-condition,3294,Great for sensitive skin,5,"I love this brush, I use it every day to was my face and it takes off all of my makeup. It is very soft and a perfect brush for my sensitive skin.",1
Q33,exfoliating scrub for sensitive skin,multi-condition,27430,Great for sensitive skin!,5,"Cerave is great for sensitive, very dry skin. It’s very thick but soaks in quickly and doesn’t leave a messy, sticky residue. It relieves that tight, itchy, dry skin feeling, instantly. My skin looks and feels better after using for just a couple days. The pump makes it especially easy to use and it has a nice, fresh scent.",1
Q33,exfoliating scrub for sensitive skin,multi-condition,40846,Best for sensitive skin and eyes,5,I love Almay Products because they are non-irritating to sensitive skin and eyes.,1
Q33,exfoliating scrub for sensitive skin,multi-condition,30562,Great for sensitive dry skin,5,"Perfect color match<br />52 vanille<br />I have sensitive fair skin, and very dry and this foundation is so gentle on the skin and glides on like a dream.",0
Q33,exfoliating scrub for sensitive skin,multi-condition,19183,Four Stars,4,Softens and exfoliates skin good,0
Q33,exfoliating scrub for sensitive skin,multi-condition,21114,Does not scrub or exfoliate!,1,Does not exfoliate or scrub. Once you receive package you can tell it won’t do anything by touching it. It’s too soft and probably won’t scrub anything but the body wash gel. So if u want to feel clean and refreshing this won’t work for you. U don’t need to use it just feeling the bristles will tell you. Waste of money,1
Q33,exfoliating scrub for sensitive skin,multi-condition,2954,Highly Recommend,5,I’ve been using this for years! It exfoliates my skin gently and feels super clean.,0
Q33,exfoliating scrub for sensitive skin,multi-condition,33917,Five Stars,5,Nothing exfoliates as well as this! My skin is so smooth.,0
Q33,exfoliating scrub for sensitive skin,multi-condition,36722,I really liked this for a good 'basic' BODY scrub,5,"I really liked this for a good 'basic' BODY scrub. It does say on the label you can use it on the face but if you're like me with sensitive facial skin, don't use it on there- luckily being in the shower made for a quick rinse off.<br /><br />I've made my own coconut oil/sea salt scrubs and this has the perfect 'grit' size to exfoliate without leaving an absurd amount of oil and has a sweet coconut smell!",1
Q33,exfoliating scrub for sensitive skin,multi-condition,28233,Works great!,4,Works great at exfoliating my skin! It really holds water though so I use it in the shower as opposed to at the sink.,0
Q33,exfoliating scrub for sensitive skin,multi-condition,32357,Tiny bumps on my arms are finally gone!,5,"This Lilah James KP exfoliating scrub is one of my new favorite exfoliators. I use exfoliators every night in the shower because if I don't, all the dead skin cells and oil build up and make me break out terribly. I have combination skin, so it also helps when my skin is so flaky and peeling. Putting on makeup after I've exfoliated with this scrub is like having a new face.<br /><br />This one is awesome. I love how gentle it is while still being effective. It doesn't make my skin red or feel raw or sensitive. It just feels fresh and actually clean. It gets all the way into my pores and cleans them out completely. It has a cooling and calming effect on my skin that I don't really get with so",2
Q33,exfoliating scrub for sensitive skin,multi-condition,11100,I have used these before and love them. They exfoliate nicely,5,"I have used these before and love them. They exfoliate nicely. Aren't too rough on skin, and the sudsing cleanser is gentle on skin. Helps remove all my heavy makeup and keeps my skin clear from acne by removing all the dead skin.  My skin is very sensitive & I have rosacea, so grainy-scrubs tend to be much for my skin. These are awesome and I re-use them after rinsing well & air dry. I don't use toner nor moisturizer on my face, and these don't dry my skin out. I also use Retin-A & Oracea, so my skin does a lot of peeling and is very sensitive to scrubs, but these are fine (just don't use too much pressure; just lightly touch face in circular motion and rinse with cool water to close pores.",0
Q33,exfoliating scrub for sensitive skin,multi-condition,2734,Love!,5,This scrub is fantastic! Love the way it makes my skin feel after using it. Definitely recommend!,1
Q33,exfoliating scrub for sensitive skin,multi-condition,25633,Quality product,5,This works well for some exfoliating since the under side is slightly rough. Works good for every day use.,0
Q33,exfoliating scrub for sensitive skin,multi-condition,35829,Amazing!,5,"These are amazing! I have always been a faithful exfoliator with brushes and scrubbers, but these are on another level. I gave one to my mom and she loves it too. I will never be without again.",1
Q33,exfoliating scrub for sensitive skin,multi-condition,30713,This really is a superior product!,5,"I don't recall how I became aware of this product, but it is far better than the scrub poofs that are ubiquitous in this category. It feels a bit harsh--sharp--but it does a much better job exfoliating.",1
Q33,exfoliating scrub for sensitive skin,multi-condition,39342,This is really an in shower moisturizer,4,"This is less an exfoliant and more an amazing in shower moisturize<br />It is such a great experience applying this.  First the spa scent is so relaxing.  The base of the scrub is  super emollient, it stays on your skin after you rinse and leaves a silky layer of moisture.<br />The scrub is just okay.  The particles are too big for me, but I continue to repurchase because of the moisturizing properties.<br />The fail here, and the reason for only 4 stars, is the packaging.  The outside label starts to peel off and it's really difficult to squeeze out of the tube.  It also gets really messy.",0
Q33,exfoliating scrub for sensitive skin,multi-condition,16899,Five Stars,5,This is a great gentle scrub and leaves a soft moist skin afterward,2
Q33,exfoliating scrub for sensitive skin,multi-condition,6578,No more loofas!,5,"Cleans/exfoliates better than anything else I've tried. Easy to rinse out, and quick drying, too.",0
Q33,exfoliating scrub for sensitive skin,multi-condition,16316,5 stars,5,Really exfoliates and not soft at all!,0
Q33,exfoliating scrub for sensitive skin,multi-condition,16717,Very Natural and Soothing,5,"Soap is very gentle for sensitive, dry skin.",0
Q33,exfoliating scrub for sensitive skin,multi-condition,4129,"Smooth, Just like a Silk",5,"This body scrub leaves your skin not only freshly sloughed, but also super moisturized with great coconut oil and it's benefits. Exfoliating is a very important part of a personal wellness and beauty routine. Dead skin is dead for a reason. Make sure you use this when you're already in the bath tub or shower- water off. It's a great way to end a shower and you walk out with your skin already",1
Q34,moisturizer suitable under makeup,usage requirement,33099,Five Stars,5,Love this product. Great under makeup,1
Q34,moisturizer suitable under makeup,usage requirement,39567,Perfect for skin and makeup,5,Soft and creamy ... can use it under makeup or alone.,1
Q34,moisturizer suitable under makeup,usage requirement,8995,I love this stuff,5,I love this stuff. I use it under my moisturizer and I can feel a big difference. My face is usually really dry even after using moisturizer but this helps out a lot.,1
Q34,moisturizer suitable under makeup,usage requirement,25120,Summer colors,5,Set is suitable  for summer,0
Q34,moisturizer suitable under makeup,usage requirement,2117,Make my eyes refreshed and moist,5,Suitable for daily use for eye refreshing,0
Q34,moisturizer suitable under makeup,usage requirement,1060,Worth your money,5,"Amazing, makes my skin glow, better alone or under makeup. Looked amazing in the sun btw",1
Q34,moisturizer suitable under makeup,usage requirement,14105,Will keep using this product . . .,4,I have been using this product and am extremely happy with it. I put this on under the Derma-nu moisturizer in the morning and at night.,1
Q34,moisturizer suitable under makeup,usage requirement,6966,"Feels great on, tingling sensation",5,"Feels great on, tingling sensation, after removing my skin is plump and moisturizer. Great for winter months or before makeup. My skin felt very balanced after using.",1
Q34,moisturizer suitable under makeup,usage requirement,3418,Good toner,4,"It really mattify makeup, good for oily skin just make sure u use a water based moisturizer so it can function well, and a matte finish foundation too",0
Q34,moisturizer suitable under makeup,usage requirement,34487,Affordable,4,Great selection only wish more product in display Natural tones suitable for me with brown eyes,0
Q34,moisturizer suitable under makeup,usage requirement,26665,Should have read the description closer,4,Thick hair ties but not suitable for thick hair.... unless to secure the end of a braid.,0
Q34,moisturizer suitable under makeup,usage requirement,29644,Barbie pink hue,2,The moisturizer works as it says it does but the color reminds me of a child's makeup kit with a cheap looking bright bright pink. Wished it was a more neautral pink,1
Q34,moisturizer suitable under makeup,usage requirement,31750,"Light, sweet fragrance",5,More suitable for spring & summer however I  use it during the cold weather as a fresh fragrance after shower,0
Q34,moisturizer suitable under makeup,usage requirement,38162,Highly recommend,5,I love this product! I have only been using a short time and already notice a difference. Plus it absorbs quickly so I can use it under my makeup.,0
Q34,moisturizer suitable under makeup,usage requirement,11066,Not suitable for my skin,5,I don't love this product. It is okay. I think it would be more suitable for someone with dry skin.,0
Q34,moisturizer suitable under makeup,usage requirement,28547,"Fun to use, probably unnecessary",4,I keep them in the fridge and enjoy feeling like a fancy pants while watching tv and masking. They temporarily plump up my under eye but overall probably don’t do much a moisturizer wouldn’t. More fun to use though.,1
Q34,moisturizer suitable under makeup,usage requirement,10745,Cute but tiny,4,"These are adorable hair clips for toddler girls.  However the caption ""suitable for women"" is deceptive, they are too small to grip much hair.",0
Q34,moisturizer suitable under makeup,usage requirement,2770,Daughter swim protected style,5,Love it.......color still suitable for younger kids as well. Wish this came with 4 bundles for fuller look if adult head order two.,0
Q34,moisturizer suitable under makeup,usage requirement,13244,Very natural finish.,5,"This stuff is fantastic. I do use an spf moisturizer under it. It leaves a matte finish that is not dry looking. Only drawback is that even though there is a slight tint, you do look very pale. I use a little bronzer to compensate.",0
Q34,moisturizer suitable under makeup,usage requirement,23505,i love it,5,"It smells good, suitable for my needs, the price is cheap, I am very satisfied. I would recommend this product to my family and close friends.",0
Q34,moisturizer suitable under makeup,usage requirement,9751,but good moisturizer,3,"Still saggy neck, but good moisturizer",1
Q34,moisturizer suitable under makeup,usage requirement,3068,Great moisturizer!,4,Does a great job as a moisturizer.  Good product at a good price.,1
Q34,moisturizer suitable under makeup,usage requirement,716,Makeup,5,Love my makeup and this is great. All the right colors for me.,0
Q34,moisturizer suitable under makeup,usage requirement,26390,Great product for under eyes,5,"This is my second purchase of this product. My eyes are dark and sunken, this helps to lighten and put moisture under the eyes. Will not remove puffiness under eyes.",0
Q34,moisturizer suitable under makeup,usage requirement,28363,Love this moisturizer!,5,I have been using this organic moisturizer for a month now and love it! The first day I used it I could tell it was much better than any moisturizer I have used.  It goes on very smooth and doesn't leave your face looking greasy.  It doesn't cause irritation around the eye area like some other moisturizers I have used in the past.  I love that it is made with organic ingredients so  I will definitely purchase this moisturizer again.,1
Q34,moisturizer suitable under makeup,usage requirement,9942,Great morning SPF; OK moisturizer,3,I really like this. It protects my skin and has a lighter sunscreen smell than most. It may leave behind a little white residue but it disappears within 5-10 minutes for me once it soaks in. I do have dryer skin and use an additional moisturizer under it every other day (every day in the winter) because it is not hydrating enough for me.,0
Q34,moisturizer suitable under makeup,usage requirement,42392,Excellent Moisturizer!,5,"I am ALWAYS on the search for a great moisturizer that really performs well, and most of the time I am left dissappointed. Not this time though, the InstaNatural Anti-Aging Facial Moisturizer Cream is truly a product worth buying!<br /><br />I suffer from dry skin, and I live in a part of the country where during half of the year it is very old, and the other half is very warm. So my skin goes through drastic changes throughout the year. Trying to find products to help me with my dry skin is something I am always doing. I am truly glad that I have come across this product.<br /><br />I use this daily in the morning, after I have washed my face. A dime size amount is all I need to cover my fa",1
Q34,moisturizer suitable under makeup,usage requirement,12958,Light weight moisturizer,5,"Good product for hair types that manage better with a light weight moisturizer, especially natural hair types. Also, the smell is nice.",1
Q34,moisturizer suitable under makeup,usage requirement,27440,Makes me look and feel younger and I wear no makeup.,5,This can be used anytime.  It is especially good to use when not wearing makeup.  I am 71yo and give credit to this product for making me look 60!.  I am anxious to complete my cleansing routine so I can apply the moisturizer!!!,1
Q34,moisturizer suitable under makeup,usage requirement,23478,Best makeup sponges,5,I'm very pleased with these makeup sponges. They work perfectly at blending my makeup and are easy to wash. I was not disappointed!,0
Q34,moisturizer suitable under makeup,usage requirement,2595,Great moisturizer! Even use at night before bed,4,Great moisturizer!  Even use at night before bed!,1
Q34,moisturizer suitable under makeup,usage requirement,11932,Great distributor choice. Easy to use.,5,"Really good, light moisturizer. I love the application distributor. Not messy and not wasteful.",1
Q34,moisturizer suitable under makeup,usage requirement,17652,Four Stars,4,This product is very moisturizing.,0
Q34,moisturizer suitable under makeup,usage requirement,37612,Light,5,This is a great moisturizer. It goes on light and doesn’t make my skin feel sticky. It absorbs quickly and my skin is dewy and moist.,1
Q34,moisturizer suitable under makeup,usage requirement,29985,Best ever,5,"The best moisturizer I have ever used and I have used plenty. Heavy duty, takes care of winter dry skin overnight.",1
Q34,moisturizer suitable under makeup,usage requirement,36536,Three Stars,3,"To be a moisturizer, leaves your face considerably dry. I was not impressed with this product",1
Q34,moisturizer suitable under makeup,usage requirement,41117,Absolutely love it,5,Absolutely the best moisturizer ever,1
Q34,moisturizer suitable under makeup,usage requirement,3139,... tell you and this one is by far the best as far as making my skin so soft and ...,5,I have used oh so many moisturizers I can't tell you and this one is by far the best as far as making my skin so soft and smooth,0
Q34,moisturizer suitable under makeup,usage requirement,4578,Good product but skin was still dry.,4,Moisturizing yet not greasy. However I found that for aging dry skin I needed another moisturizer on top of that.,1
Q34,moisturizer suitable under makeup,usage requirement,23178,Lighter than regular sunscreen,4,I thought this would be more moisturizing but I had to mix it with my moisturizer. It felt more like the sunscreen than a moisturizer. I still like the product as a sunscreen but I was looking for a nice water moisturizer.,0
Q34,moisturizer suitable under makeup,usage requirement,39210,Five Stars,5,This is a wonderful light moisturizer for my dry older skin.  I makes foundation go on smoothly.,1
Q34,moisturizer suitable under makeup,usage requirement,29984,All day moisture,5,Works better than high end brand name moisturizers for a fraction of the price!! Skin stays smooth and hydrated all day long!,0
Q34,moisturizer suitable under makeup,usage requirement,23058,Love it,5,"This works great. Use a pre-makeup remover such as neutrogena hydrating eye makeup remover lotion on eyes and then all over face, then use this stuff, and voila perfect skin, supple no dryness or flakiness, no need for a toner",0
Q34,moisturizer suitable under makeup,usage requirement,2863,Great spring scents,4,Good moisturizers with nice spring scents.,0
Q34,moisturizer suitable under makeup,usage requirement,36890,Sooo moisturizing,5,This lotion is the best! Definitely moisturizes and has a very nice scent!,0
Q34,moisturizer suitable under makeup,usage requirement,22905,Great massage oil,5,Great product. All day moisturizer,1
Q34,moisturizer suitable under makeup,usage requirement,33104,Good stuff,4,really good moisturizer. Doesn't leave skin oily but is still moisturizer. Great as a day and night cream,1
Q34,moisturizer suitable under makeup,usage requirement,36034,Great product. Bye bye Milk of Magnesia. Hello Orchid Gel,5,Awesome product. Very happy. On weekends I just apply it with no makeup. During the week its under my foundation. I usually have to blot a little around 2pm but considering my makeup is on at 7am I feel it is sufficient. I used to use Milk of Magnesia to stay matte but this has replaced it.,0
Q34,moisturizer suitable under makeup,usage requirement,10478,It works,5,An excellent moisturizer that holds real moisture in my skin.,1
Q34,moisturizer suitable under makeup,usage requirement,20289,Poreless blur,5,I love this product. I’m in my 70s and have large pores. Found it hard to use liquid foundation as it made my wrinkles worse. Poreless blur solved that problem. After my toner and moisturizer I use a dab all over before applying my makeup.  Smooth and silky. Love it,0
Q34,moisturizer suitable under makeup,usage requirement,34864,Five Stars,5,"Great moisturizer, love the light feeling",1
Q35,non greasy sunscreen for oily skin,multi-condition,2472,Great hydration,5,Like lotions hydrating and non oily or sticky feeling in skin,0
Q35,non greasy sunscreen for oily skin,multi-condition,16048,"Lightweight, no white  cast",5,"Great sunscreen for combination/oily skin type. Does not irritate or dry out  my skin, feels lightweight and nice. Already purchased the second one 👍",2
Q35,non greasy sunscreen for oily skin,multi-condition,22195,Too greasy,1,Way too greasy for me and I dont have oily skin...I love the  bright skin version though,1
Q35,non greasy sunscreen for oily skin,multi-condition,38448,Love it!,5,This is the only product I use on my skin and my baby daughter's skin. It is so smooth and non greasy. Leaves skin super moisturized without feeling greasy or heavy.,1
Q35,non greasy sunscreen for oily skin,multi-condition,9841,Our new favorite,5,This is our new favorite sunscreen. It protects my daughter so well and we love that its fragrance free. The sunscreen isn't greasy and it rubs into the skin really well.,1
Q35,non greasy sunscreen for oily skin,multi-condition,7247,non greasy moisturizer,5,"non greasy, leaves the skin feeling soft, helps your makeup go on smoother,<br />me lovey !!!",0
Q35,non greasy sunscreen for oily skin,multi-condition,36931,Five Stars,5,Non oily and softens my skin nicely.  Fast shipping.  Will continue to use and buy this product.,0
Q35,non greasy sunscreen for oily skin,multi-condition,42778,Very luxurious.,5,"Smells divine. Non-greasy, absorbs quickly and leaves skin super soft, moisturized and smelling amazing all day.",1
Q35,non greasy sunscreen for oily skin,multi-condition,21722,Excellent sunscreen,5,"Great skin protection and doesn’t feel oily! Happy with the update to the sunscreen line from Every Man Jack. Also, safe for oceans and reefs!",1
Q35,non greasy sunscreen for oily skin,multi-condition,26653,Smooth,5,"Goes on smooth, non greasy",1
Q35,non greasy sunscreen for oily skin,multi-condition,2379,perfect,5,This sunscreen is perfect for normal to oily skin. It is liquid and dries down to a natural finish. No noticeable scent at all and water resistant.,1
Q35,non greasy sunscreen for oily skin,multi-condition,22228,Hydrating your skin is important,5,This moisturizing gel is perfect for the summer. Non greasy and leaves your skin oh so soft! Light scent and not too overwhelming.,1
Q35,non greasy sunscreen for oily skin,multi-condition,21602,Not greasy!,5,First sunscreen I’ve tried that’s not heavy or greasy! Would recommend.,1
Q35,non greasy sunscreen for oily skin,multi-condition,40029,Gentle on your skin,5,"Excellent product, much better than using soap.  Leaves your skin radiant and smooth looking after use.  Non greasy no  soap film after use.",0
Q35,non greasy sunscreen for oily skin,multi-condition,18507,Five Stars,5,the best cold weather non greasy hand protection. period,1
Q35,non greasy sunscreen for oily skin,multi-condition,30731,Makes face feel wonderfully clean & moist not striped.,5,"Love, love this facial cleansing balm!  Very light fresh scent, melts into your skin and gives your face a clean, moisturized non-oily feel.",0
Q35,non greasy sunscreen for oily skin,multi-condition,17130,Long-lasting but not greasy,5,This is the best winter moisturizer I have found! Non-greasy but long-lasting.,0
Q35,non greasy sunscreen for oily skin,multi-condition,36275,Good moisturizing and isolating effect,4,"This violet base cream contains lavender extract and rosemary leaf extract, which can naturally brighten the dark skin and make the skin radiant. It also has sunscreen effect, conceals pores, creates smooth and radiant skin color, and is creamy texture, which gives the skin deep moisturizing and no greasy feeling.",1
Q35,non greasy sunscreen for oily skin,multi-condition,27965,Love this stuff,5,"Love this stuff l, made my hair grow faster and non greasy which I love",1
Q35,non greasy sunscreen for oily skin,multi-condition,6177,Must get,5,I really enjoy how smooth and non oily it it is a few minutes after applying.,0
Q35,non greasy sunscreen for oily skin,multi-condition,42910,Not for oily skin,3,Product ok.  Not long lasting on oily skin,1
Q35,non greasy sunscreen for oily skin,multi-condition,26559,"Horrible, greasy!",1,"Oily, strange smell and leaves your hair greasy! The endorsers of this product might not use such a poor product!",0
Q35,non greasy sunscreen for oily skin,multi-condition,15732,"Unique Gel Sunscreen, Works Well",5,"I love this sunscreen. I used to never wear sunscreen but I finally decided to start wearing it daily and I wanted something that wouldn't rub off on clothes, cars, and furniture, so I found this and it is perfect. It never leaves my skin oily, it doesn't have white cast (white tint on skin) and is super light weight. It's like an aloe gel with sunscreen.  So far it hasn't hurt my eyes or skin, but it does have alcohol as an ingredient.  Very unique product which works great!<br /><br />Hope you found this review helpful!",1
Q35,non greasy sunscreen for oily skin,multi-condition,25210,"Smells good, non-greasy",5,"Our favorite sunscreen, which we couldn't find at stores this year!",1
Q35,non greasy sunscreen for oily skin,multi-condition,42252,Good for normal/oily skin. Scent is very clean,5,"This toner smells so clean and nice. I wouldn't recommend it if you have very dry skin, because it did feel a bit uncomfortable on the dry parts of my face. However, if you have normal and/or oily skin, this toner is wonderful. It helps my serum and moisturizer get absorbed more quickly into my skin and leaves a nice, dry feeling (at least on the non-dry parts of my skin).",0
Q35,non greasy sunscreen for oily skin,multi-condition,4272,The best lightweight SPF 50 sunscreen,5,"This is my favorite sunscreen... I use it on my body because it's SPF 50, not greasy, and has great coverage. It doesn't leave a film when dry.  The other drugstore brands are too heavy and greasy for my liking.  During the summer it's a must have living in Hawaii.",1
Q35,non greasy sunscreen for oily skin,multi-condition,7162,Melts right off your face!,1,Really oily on my skin,0
Q35,non greasy sunscreen for oily skin,multi-condition,19747,One Star,1,Too oily for my skin.,0
Q35,non greasy sunscreen for oily skin,multi-condition,29841,Love it,4,Not greasy smooth on skin,1
Q35,non greasy sunscreen for oily skin,multi-condition,7775,The overall appearance of my skin has definitely improved!,5,This product is not greasy at all! I have extremely dry skin (living in Arizona only makes that worse) and it has definitely helped my skin feel so much smoother and more hydrated. I also get bad rashes on the backs of my arms from the heat and it has also helped reduce the appearance and the amount of breakouts I have experienced.,1
Q35,non greasy sunscreen for oily skin,multi-condition,14544,"No white cast, moisturizing",5,"Since I’m a POC and, I struggle to find a sunscreen that does not leave a white cast. I’m glad I found this holy grail. Also I have an acne prone skin and it didn’t break me out!",1
Q35,non greasy sunscreen for oily skin,multi-condition,41695,Love this stuff,5,"So happy this product was available, I used to be able to get it at the local health food store but the store stopped carrying it.  Hard to find a natural sunscreen that does not smell weird or feel greasy.  It's a little pricey but worth the reduction in chemicals absorbed by my skin.  It improves the look of my skin under my facial foundation makeup, too.  My child won't wear it because it is ghost white and has to be rubbed in, as opposed to a roll on clear sunscreen, but I love it.  I would recommend and will purchase again.",1
Q35,non greasy sunscreen for oily skin,multi-condition,2547,Best lotion we've found!,5,"My husband and I find that it is not greasy, moisturizes well, helps with eczema and very dry skin, and is useful for massage.",1
Q35,non greasy sunscreen for oily skin,multi-condition,4578,Good product but skin was still dry.,4,Moisturizing yet not greasy. However I found that for aging dry skin I needed another moisturizer on top of that.,0
Q35,non greasy sunscreen for oily skin,multi-condition,1187,Quality Product,4,"Nice product. Applies easily, smooth and non-greasy. My skin type is normal/slightly dry and this formula provides a healthy feel and look.<br />Recognizing topical formulas marketing claims can be wildly exaggerating, I favor this as being a solid quality alternative. Hope the manufacture is considering adding product with sun screen. Just received my re-order.",1
Q35,non greasy sunscreen for oily skin,multi-condition,6840,I still have to blot every 10 minutes,2,I've been wanting to try this for a long time cause I have very very oily skin.... It failed me just like many others. Do anyone have any other suggestions.... Help I'm tired of being a grease ball ☹️,1
Q35,non greasy sunscreen for oily skin,multi-condition,23706,"Light, All-Natural, Effective Sunscreen",5,"I got a sample of this at an event earlier this year. I hate lotion sunscreens that leave you feeling like you're coated in oil, but I like this one because it is light and you don't feel smothered. Great scent and it's all-natural. It also lasts a long time.",1
Q35,non greasy sunscreen for oily skin,multi-condition,15520,Very good product,5,I use this product all the time.  It's not greasy and keeps my skin soft and hydrated.,1
Q35,non greasy sunscreen for oily skin,multi-condition,25933,It’s just like petroleum jelly,3,I was hoping this would be better than a regular moisturizer but it’s actually worse. I have sensitive skin do I was looking for something to help me. But this just leaves your skin super grease and it’s just like petroleum jelly. I’m very disappointed,0
Q35,non greasy sunscreen for oily skin,multi-condition,7893,Great coverage and longwearing.,5,Great for my oily skin.,1
Q36,shampoo for color treated hair,hair concern,13820,Perfect!,5,"I love this shampoo! I have color treated, oily, thin, straight hair and this is the BEST shampoo for me. It keeps the color bright, Cleans my oily hair, and leaves it shiny!",2
Q36,shampoo for color treated hair,hair concern,41080,Awesome fragrance,5,This shampoo and conditioner is perfect for my color treated hair. Very protective and has the most wonderful fragrance!  Highly recommend!,2
Q36,shampoo for color treated hair,hair concern,1146,Great for fine hair.,5,"I have fine, thin, color treated hair. This shampoo is great for my hair. Doesn’t weigh it down at all. I love it.",2
Q36,shampoo for color treated hair,hair concern,29052,Works well for color treated hair,5,"Works well for color treated hair, Does not cause hair to be way down,",1
Q36,shampoo for color treated hair,hair concern,27809,Good but not enough Treatment,4,No itchy scalp. Shampoo is good for color treated hair.<br />The treatment is fantastic! But if your hair is longer and than an inch the bottle won’t last and you can’t buy it separately.,2
Q36,shampoo for color treated hair,hair concern,33170,Best purchase,5,I love this shampoo and conditioner. .. its really grt keratin balanced.. it works best on keratin treated hair..,1
Q36,shampoo for color treated hair,hair concern,39881,Five Stars,5,"Great stuff. It works well to condition damaged, color treated hair. Nice mild scent, too!",1
Q36,shampoo for color treated hair,hair concern,6590,Great stuff..,5,I love this shampoo and conditioner .. My hair is wavy and also colored treated. This product leaves my hair feeling silky and smooth. Had to re-order on lighting deals.,1
Q36,shampoo for color treated hair,hair concern,31287,Global Keratin is the best brand for keratin treated hair.,5,"Global Keratin is the best brand for hair that is keratin treated. I have heard that as long as shampoo doesn’t have sulfates in it your keratin will last. Not sure this is true, for there seems to be a significant difference in shampoos who say they protect keratin treated hair. Global Keratin is the absolute best. As expensive as keratin treatments are, you want to use the best shampoo. I don’t use anything else now.",1
Q36,shampoo for color treated hair,hair concern,18701,Keeps color treated hair from sun damage or discoloring,5,Best sunscreen ever especially for color treated hair. My hairdresser recommended it and I don’t go in the sun without it now- my color stays perfect if I use this product.,0
Q36,shampoo for color treated hair,hair concern,23091,Use a small amount. Pricey but works!,5,My hair is very color treated and gets very dry. Thank goodness for this! Smells amazing and only need to use a couple times a week.,1
Q36,shampoo for color treated hair,hair concern,26496,Preserve and support my color shade,5,"Irina  again using my husbands account, I've got lots of fine hair, which  can end up looking kind of greasy pretty quick. And if I'm actually sticking to my schedule that means style-killing, even dry shampoo can't fix these levels . Having color-treated hair means the more I wash, the more my hues will fade so I need to stick to shampoos and conditioners after that preserve my shade. This  is  my favorite, and its color protection  formula gets my scalp squeaky clean without stripping out my color. Being a ""natural"" blonde, in a  few weeks after I get highlights my icy color turns brass fast. I keep this shampoo in for at a few minutes (that’s the secret!) because the longer the time, the ",2
Q36,shampoo for color treated hair,hair concern,7587,Never again!,1,This shampoo and conditioner made my hair color change.,2
Q36,shampoo for color treated hair,hair concern,22855,the best moisturizing shampoo out there,5,"I have tried numerous moisturizing and reconstructing shampoos for my dry, color-treated, wavy hair that I blow dry and flat iron.  This is the best out there.  It leaves my hair soft and shiny.",2
Q36,shampoo for color treated hair,hair concern,9541,Four Stars,4,Love this product for my keratin treated hair. The smell is fantastic. Very clean.,0
Q36,shampoo for color treated hair,hair concern,29830,I used this shampoo for the first time and it is super amazing!,5,"WOW WOW WOW!!! I used this shampoo for the first time and it is super amazing!! I am so impressed with how my hair turned out, I really don't think I will use anything else on my hair from now on!! I have permed, as well as color treated hair. This shampoo brought back the lividness and luster to my hair. I felt my scalp tingling as the shampoo was applied to my hair. I left it on my hair for about ten minutes and after rinsing it out, I knew my hair was coming back to life. My hair was so much easier to manager when I combed it out after using this shampoo. The only regret I have with this product is that I only ordered one of this product. I will definitely buy more!!!<br /><br />I did rec",2
Q36,shampoo for color treated hair,hair concern,11313,Hair feels light and fluffy after using,5,"I have been using this argan  oil shampoo every day since I purchased this product and I love it. It smells really good and is thick in consistency.  My hair feels really clean and fluffy after I wash it.  My hair is really dry and frizzy on the ends and after using this shampoo my hair feels softer, more manageable and less frizzy. After drying my hair, my hair feels very light and looks very shiny.<br /><br />Argan oil has vitamin D in it so it helps strengthen your hair to prevent it from breakage and damage.  It is also suppose to help protect your hair from heat damage caused by curling irons and blow dryers.  This shampoo is also suppose to help repair dry, damaged or color treated hai",2
Q36,shampoo for color treated hair,hair concern,5625,DIY Color Depositing Shampoo,5,Add to your shampoo and conditioner to keep that red awesome with color depositing shampoo and conditioner of your choice!,1
Q36,shampoo for color treated hair,hair concern,8741,nope!,1,didn't work at all. basically a hot comb that did nothing to straighten my already relatively straight keratin treated hair.,0
Q36,shampoo for color treated hair,hair concern,32227,Nice but has sodium,5,"Great results !<br />Bought for Keratin treated hair to preserve the treatment, I do see there’s sodium which is to be avoided to preserve keratin",0
Q36,shampoo for color treated hair,hair concern,34818,Perfect for color treated hair!,5,"I don't like shampooing my hair everyday because I have color & highlights.  While it can be used as a shampoo or conditioner, I love it as a conditioning wash in between shampoos.",2
Q36,shampoo for color treated hair,hair concern,26083,Great shampoo - especially for color treated hair,4,I've used this before for a while and then I was unable to find this locally; hence I went on line.<br />Glad I did as it resulted in this purchase. I did find it less expensive when purchased locally but that's another story.<br />The texture of this shampoo is very good and it provides a good cleansing without striping the color.<br />I recommend this!<br />Molly,2
Q36,shampoo for color treated hair,hair concern,9968,Hands down best shampoo for colored hair.,5,"This is absolutely the best shampoo I've ever used with colored hair. Even other sulfate free shampoo s cause color to fade immediately, but not this one. The lather is light and the difference in color after showering is hardly noticable while also being clean and fresh. Can't find it anywhere in stores anymore 😭",1
Q36,shampoo for color treated hair,hair concern,1909,Good shampoo,4,Good shampoo with pleasant fragrance however it's not color safe..,2
Q36,shampoo for color treated hair,hair concern,41459,Best shampoo for baby fine hair!,5,"Best shampoo for my baby fine hair. Cant get two hairs to do the same thing!  Can a shampoo change your life? This has, for me. You would never know this thick, gorgeous hair with body is 100% from this shampoo. I spent too many years with flat nothing hair laying flat on my scalp. I hate when I have to use another shampoo, so I stocked up on these two packs.",1
Q36,shampoo for color treated hair,hair concern,13883,Shampoo & Conditioner not for fine hair!,2,"Ordered both shampoo & conditioner to try because of price & frizz. Conditioner didn’t do much. Just received & used shampoo - tossing! Hair limp, lifeless, flat & flyaway. May work for thicker hair, not on mine.",1
Q36,shampoo for color treated hair,hair concern,39190,This is the best shampoo and conditioner duo I have ever used,5,"This is the best shampoo and conditioner duo I have ever used. It leaves my hair soft and healthy, the conditioner especially. I also have dyed purple hair and it's great for keeping the color intact.",1
Q36,shampoo for color treated hair,hair concern,8123,Best dye ever!,5,"Best hair dye ever! Used regularly for over a year, and now I haven't touched up or used special shampoo in months and its still really vibrant.",1
Q36,shampoo for color treated hair,hair concern,26296,Touch Up Stick,5,"I love this product. I have dark hair and because it tends to grey very quickly in between colorings around my temples, this product gives me grey coverage without having to color as often. You just wet the product and apply it like a coloring crayon where it is needed. It washes out when you shampoo, is temporary and doesn't contain any harsh chemicals.",1
Q36,shampoo for color treated hair,hair concern,26614,It works!!,5,"I was pleasantly surprised and impressed with this shampoo -conditioner on first use. It works perfectly on my blonde hair, and all yellow has gone!<br />Highly recommend!!",1
Q36,shampoo for color treated hair,hair concern,20070,Five Stars,5,Great shampoo make my hair feel great,1
Q36,shampoo for color treated hair,hair concern,17243,"This is the most drying, horrible shampoo and conditioner I've ever used",1,"I have gray hair and I'd like it to look more silver. From the product information I thought this shampoo/conditioner combo would help. Boy, oh, boy was that a mistake. The stuff is horrible. My hair has never been so dry. It feels like straw and the ends are breaking off after using it as directed. My hair color is brassier and uglier than ever. I won't use this shampoo or conditioner on my hair again.  Can I return the stuff?",2
Q36,shampoo for color treated hair,hair concern,28429,I finished my first bottle and I’m pretty happy with the results,5,"I have dark brown colored hair and I wanted to lighten my hair after trying a hair color that was too dark. I know that the instructions say it shouldn’t be used on colored hair, but I didn’t want to go blonde, just to give myself a dark ombré look. I finished my first bottle and I’m pretty happy with the results. The oils used in the product have helped prevent hair damage. I use it on damp hair before blow drying, and because of the effect I want, I didn’t use it near my scalp. I recommend it!",1
Q36,shampoo for color treated hair,hair concern,15351,The Best,5,I have used many dry shampoos for my fine bleached blonde hair. This is by far the best. I used the light shade. It actually made my roots look toned and blended right in. I loved the smell as it was not overpowering and it was fresh. It took care of my greasy roots and did not weigh my hair down at all. I have a lot of skin/scalp allergies and this did not irritate my scalp or skin at all. It added volume and made my hair manageable. Will buy again.,0
Q37,unscented body lotion,restriction,10471,smells heavenly - not too greasy but i like to mix it with an unscented body lotion so ...,5,smells heavenly - not too greasy but i like to mix it with an unscented body lotion so that it absorbs well and doesn't leave a film/ residue,2
Q37,unscented body lotion,restriction,21496,This smells exactly like oranges and its what I was looking for as ...,5,"This smells exactly like oranges and its what I was looking for as a body mist. It probably wont last too long with each application, and will have to reapply..but if you add it to unscented lotion or body butter its a great way to get a light citrus odor. Very refreshing.",2
Q37,unscented body lotion,restriction,13251,Good price.,5,Lovely body lotion.  Good price.,1
Q37,unscented body lotion,restriction,9458,"Good, unscented lotion",5,"Good, unscented lotion.  I am sensitive to smells. I get migraines.  This is a non-scented lotion that is adsorbed well.  I like to carry a small purse and these packets are great for everyday carry.",1
Q37,unscented body lotion,restriction,4613,One Star,1,There less expensive body lotion is better...more moisturizing.,1
Q37,unscented body lotion,restriction,39751,Best stuff,5,This is my favorite body lotion. Smells amazing and works wonderfully!!,1
Q37,unscented body lotion,restriction,22891,Smells light and refreshing and not overpowering,5,"I first fell for the smell and I usually buy only unscented products. The lotion is a really good moisturizer for the whole body. I live in central Tennessee where the humidity is high and I will tend to shy away from lotion in the summer....and pay the price with dry skin. I have been able to use this lotion and not feel sticky. The smell is light and doesn't linger or interfere with my perfume, but nice enough I enjoy putting it on.",0
Q37,unscented body lotion,restriction,7952,Love this scent!,5,This is my go-to brand and scent for body wash and body lotion. I order it over and over again.,1
Q37,unscented body lotion,restriction,38196,Lotion only,2,I recieved two lotions instead of a body mist and a lotion.,0
Q37,unscented body lotion,restriction,7085,Awesome product,5,I like that it's and two - n - one body lotion and perfume...,1
Q37,unscented body lotion,restriction,28134,Nice,5,"Nice lotion, I like Bath & Body Works, I like scent,<br />Moisturizing, & longevity",0
Q37,unscented body lotion,restriction,30468,Love the oil,5,Love love love this oil  lotion and body wash have them all such cleopatra scent,0
Q37,unscented body lotion,restriction,2112,Feels sticky more like body wash.,2,The smell is fantastic but it feels sticky and more like body wash. I even had to look at the bottle again just to make sure it wasn't body wash and it says body lotion.,1
Q37,unscented body lotion,restriction,25345,Good Stuff,5,"Excellent lotion for entire body including face.  Light weight, not greasy, very light fragranced.  Recommend & will buy again!",0
Q37,unscented body lotion,restriction,23052,Love this product line.,5,Love anything Omorovicza.  Combine this lotion with the body oil and your skin will be healthy and soft.,0
Q37,unscented body lotion,restriction,27814,Five Stars,5,Perfect travel size and unscented!,1
Q37,unscented body lotion,restriction,4960,Quality for the money,5,"I love this perfume and would like to have a more bigger individual product like the cologne, body lotion & dusting powder.",1
Q37,unscented body lotion,restriction,39015,This is the best body lotion,5,This is the best body lotion! I won't use nothing else and the smell is amazing!!!! I definitely recommend this product!!!!,1
Q37,unscented body lotion,restriction,37561,Scent is Really Strong,4,"Both the soap and the cream are very (I mean very) strong smelling. I like the scent but it is overpowering. For the soap, which is a really big bar, I found a plastic food storage container to store it in so that the bathroom didn't smell like a perfume factory. It isn't strong on your skin after a shower so mostly I like it. The cream - I couldn't use it directly because it aggravated my asthma. Maybe you're thinking, but Marie, you gave it 4 stars. The reason, I mix it with unscented lotion. Like 9 parts unscented and 1 part passion flower. The result is perfect. I have a tub of unscented body butter that was nearly full. I mixed a couple scoops of the passion flower into the tub and I ha",0
Q37,unscented body lotion,restriction,2344,"Lovely scent, great 3 piece value",5,"Bought this for my Mom as part of her birthday present. It's her favorite scent. Who doesn't love the smell of lilacs? Packaged well and came in a timely manor. Smells nice and who can complain with the body lotion, body wash and body mist set.",1
Q37,unscented body lotion,restriction,27205,Wonderful body lotion,5,First used this at a small Inn in Maine. The scent brings me back there every time I use it. Very nice body lotion. use it every day. Wish it came in larger sizes!,1
Q37,unscented body lotion,restriction,21181,Great lotion and manufacturer,5,Great product and amazing service from Marlowe.  I’ve used both the scented and unscented (sensitive) versions of this lotion. The scent is a little different from others I’ve experienced but it’s not off putting. I would say it’s a gender neutral scent. I’ve determined I prefer the unscented before bed but either is good during the day. The lotion itself seems to work well and is thick but not greasy at all. Overall I’m happy with my purchase and interaction with the manufacturer. I looking forward to trying other Marlowe. products in the future.,1
Q37,unscented body lotion,restriction,33466,Best lotion ever!,5,Tried this lotion after it being used at a nail salon! Love it for whole body! Recommended it yo my family and they LOVE it too! Especially my hubby who is hard to please.,0
Q37,unscented body lotion,restriction,38966,Love the unscented,5,"Love the unscented. Thanks for the free gift, but didn't like the Jasmine as much - too mushy. The small size is perfect for travel!",1
Q37,unscented body lotion,restriction,4544,I use it for my body it makes my skin like silken.,5,I use it for my body instead of lotion it makes my skin as silken. I shared it with my family and friends they loved it.,0
Q37,unscented body lotion,restriction,13560,i really loved the healing gardens relax therapy lavender body mist,5,"i really loved the healing gardens relax therapy lavender body mist. but can't seem to find it anymore so when i saw the whipped body lotion i gave it a try, so far it's been ok, still looking for the mist.",1
Q37,unscented body lotion,restriction,13322,Super light,5,Light lotion feeling and evens skin out nicely.  Looks natural,0
Q37,unscented body lotion,restriction,11904,This lotion would be really nice--makes skin glow and adds ...,2,This lotion would be really nice--makes skin glow and adds a touch of color--except that it REEKS of cheap old lady perfume. Gross. Sending it back.,0
Q37,unscented body lotion,restriction,36787,One of the best lotions on the market.,5,The best body lotion on the market as far as I am concerned.  It leaves the skin soft and silky smooth to the touch all day and night long.,1
Q37,unscented body lotion,restriction,41670,Moisturizes without feeling heavy and gross,5,"Wow! What a perfect product! It's easy to spray on and it does a great job moisturizing without being sticky and thick. It stays true to the unscented description, too. The bulk pack makes it easy to keep bottles of it all around the house. I'm so glad I found this lotion.",1
Q37,unscented body lotion,restriction,3184,Five Stars,5,"This is the BEST, hands down, lotion!",0
Q37,unscented body lotion,restriction,39920,Game toy curls,5,Creamy lotion that cleans and softens hair well!,0
Q37,unscented body lotion,restriction,19601,My Favorite!,5,"This is my favorite lotion from Bath and Body Works and as of my last visit a year ago, they didnt carry it anymore! I immediately came home and ordered some bottles to keep.",0
Q37,unscented body lotion,restriction,40795,Five Stars,5,The best lotion ever. I wish it was available all year.,0
Q37,unscented body lotion,restriction,35098,Amazing,5,Great baby lotion. The smell is incredible,0
Q37,unscented body lotion,restriction,17463,Watery Cheap Scent,2,"The lotion was like milky water. I did like the rose scent, but it smelled cheap and wore off within 2 minutes.",0
Q37,unscented body lotion,restriction,14363,Didn't like the bottle is too hard to get the lotion.,1,"I think the product is awesome. My skin feels so good, soft and wet. I love the smell and so my husband, but the bottle is too difficult to get the lotion. I would like another idea to get the lotion without doing too much,",0
Q37,unscented body lotion,restriction,10786,Smooth Moisturized Skin,5,Product has a nicely scented cream like lotion that is  easily absorbed into the skin leaving a much desired moisturized feeling. Excellent value and will buy again when needed.,0
Q37,unscented body lotion,restriction,33961,The Best Lotion Ever,5,"The Best Lotion Ever, on my 4th jar.. Leaves skin so soft and the Devotion Scent is a Fresh and Clean Scent. Luv It!!!!",0
Q37,unscented body lotion,restriction,23329,Won’t buy again,1,The lotion has a weird smell to it. Nothing like what you get from BABW.  I think buying from bath and body works is safer.,0
Q37,unscented body lotion,restriction,25938,Subtle perfume,5,I love this lotion which I first found in England. This particular fragrance is my all-time favorite. It cloaks the body in a very subtle perfume.,0
Q38,transfer resistant foundation,product feature,26174,not a good product,1,"returned these - the transfer didnt work well, the images stuck to the transfer paper instead of skin. those that did transfer washed off in the the pool.",0
Q38,transfer resistant foundation,product feature,42531,Good,3,Good! But it’s not wrinkled resistant,0
Q38,transfer resistant foundation,product feature,6327,Good value for cost,5,"Great fit, water resistant,  love the color",0
Q38,transfer resistant foundation,product feature,43068,Love it,5,"Love it, just wish it was more transfer-proof.",1
Q38,transfer resistant foundation,product feature,7890,"Solid side is transferable, taking advantage of a trend.",1,"I tried both sides with foil transfer glue. Only the solid side came off, not the iridescent side. Technically these ARE transfer foils, the lie is that it’s the side that isn’t desired.",0
Q38,transfer resistant foundation,product feature,10636,Save yourself a dollar.,1,Does not pick up any product and there is no transfer to face.,1
Q38,transfer resistant foundation,product feature,23371,very beautiful and striking in design,4,"A slightly smaller as the photo shows, but resistant plastic material, very beautiful and striking in design key",0
Q38,transfer resistant foundation,product feature,5838,Cute!,5,I really love this nail decoration set! I love that it came with transfer glue for the foils. The transfer glue works great and im able to use gel top coat over it with no problems. The foils work really well and I haven’t had any problems or difficulties getting the images to transfer to the nail. The brushes work good and the other decorations are really cute. Overall great set.,0
Q38,transfer resistant foundation,product feature,4902,Ehh,1,"There are 2 small sheets that could be considered fall themed, the rest are flower transfer foils.",0
Q38,transfer resistant foundation,product feature,7684,Go on so easy and beautiful!,5,"Was so easy to use and the images transfer perfectly and shinny! A little expensive, but worth it.",0
Q38,transfer resistant foundation,product feature,30222,Would buy more,5,"Loved how many colors it comes in, and so easy to use with the right foil transfer gel.",0
Q38,transfer resistant foundation,product feature,11114,Water decals!,4,Super cute! But some of the decals wouldn’t transfer off of the paper. So i wasted a couple 🙄.,0
Q38,transfer resistant foundation,product feature,7620,One Star,1,Doesn't transfer unless I ruff it up with a file. Then I can't see through it. Irritating,1
Q38,transfer resistant foundation,product feature,10701,It was an okay it did transfer onto the top ...,2,It was an okay it did transfer onto the top of my lid and the color wasn't completely black,0
Q38,transfer resistant foundation,product feature,34322,"Awesome for kids, but it transfers easily.",4,Awesome hair color for kids!  My only complaint is that whatever comes in contact with the hair the color will transfer!,0
Q38,transfer resistant foundation,product feature,37002,Not heat resistant enough for a regular hot curling iron marcel iron,1,"My hole melted the first time used a hot curling iron in it, went right through the bottom, I guess not heat resistant! I returned it",0
Q38,transfer resistant foundation,product feature,16221,Favorite Liner,5,This is my favorite eyeliner.  It glides on and doesn’t transfer.  The only downside is it doesn’t seem to last long.,0
Q38,transfer resistant foundation,product feature,2379,perfect,5,This sunscreen is perfect for normal to oily skin. It is liquid and dries down to a natural finish. No noticeable scent at all and water resistant.,0
Q38,transfer resistant foundation,product feature,27139,PRICEY BUT WORTH IT,4,HERA Foundation fulfills it's promise.,1
Q38,transfer resistant foundation,product feature,22408,Good Cover,4,Love this liquid foundation. Covers good.,1
Q38,transfer resistant foundation,product feature,2701,Heat resistant!,5,"I didn't like how mine arrived, but turns out that it's heat resistant. I used 300 degrees because that's the lowest my hair straightener would go. The hair is really soft and perfectly matches my hair.",0
Q38,transfer resistant foundation,product feature,33447,Smooth foundation,5,I have been using this foundation for 20yrs +.  I love the way it looks and  feels clean.  You can’t even tell your wearing foundation.  And it’s affordable!,1
Q38,transfer resistant foundation,product feature,18681,Wonderful foundation!,5,"Beautiful foundation; sheer enough that I can't even feel it on my skin. Love, love, love it.",1
Q38,transfer resistant foundation,product feature,1329,Great foundation!,5,This is my favorite foundation. It’s a great color snd lasts all day. I have sensitive skin snd this works great for me!,1
Q38,transfer resistant foundation,product feature,14668,"The product claims to be stain resistant, but has ...",1,"The product claims to be stain resistant, but has stained within a month's use. Does not stand up to massage lotion. The bottom sheet is also to small for the table.",0
Q38,transfer resistant foundation,product feature,6897,Love this foundation,5,A full coverage foundation to cover my uneven skintone. Put a little finishing powder on and it stays put...great color as well.,1
Q38,transfer resistant foundation,product feature,25804,No foundation needed,5,I love this product.  I no longer need to wear foundation and wear this as a tinted moisturizer.  It makes my skin glow all day and smells great.,1
Q38,transfer resistant foundation,product feature,141,Lots of Transfer & Extremely Creamy,1,"Two pack: Bardot and Doll.  Very pigmented & super duper creamy! Way too much transfer, especially on my teeth because of how creamy they are.  Not even close to long lasting.  The Bardot is a rich light plum shade and the Doll is your basic pink.  I'll just stick with my drug store Revlon Ultimate Suede.",0
Q38,transfer resistant foundation,product feature,28662,Foundation is a perfect color - soothing,4,This foundation is a surprisingly perfect color.  It glides smoothly over the skin and is complimentary by others.,1
Q38,transfer resistant foundation,product feature,41707,"MISSING FOUNDATION GEL, NOT RETURNABLE",1,"Missing THE FOUNDATION GEL! The item is NOT RETURNABLE, I expect a replacement sent FREE OF CHARGE due to packaging issues",1
Q38,transfer resistant foundation,product feature,24306,Horrible,1,"Horrible, if you touch your face even lightly the foundation transfers. Its just horrible coverage. If you have dry skin DO NOT BUY",1
Q38,transfer resistant foundation,product feature,25035,beautiful coverage and long lasting.,5,Love this stick foundation.  The coverage is excellent and it last all day without having to touch up.  Highly recommend,1
Q38,transfer resistant foundation,product feature,28445,Doesn't work,1,Doesn't work at all for foundation.,1
Q38,transfer resistant foundation,product feature,13345,Holy grail item,5,"Amazing product, I’ve tried every foundation out there and with a brush and powder this is the best thing I have found.",1
Q38,transfer resistant foundation,product feature,15717,Poor packaging,5,The foundation itself is amazing. How ever when it got delivered the make up was everywhere. I salvaged what I could but I was not happy at all for more then half my product to be gone!,1
Q38,transfer resistant foundation,product feature,29275,Four Stars,4,Works amazing!!! Leaving my foundation looking flawless,1
Q38,transfer resistant foundation,product feature,33984,Love it!,5,Love this product! It's a very natural look after applied and it goes well with any foundation.,1
Q38,transfer resistant foundation,product feature,21697,Five Stars,5,Easy cover up when you don't want to use foundation. I love it.,1
Q38,transfer resistant foundation,product feature,40714,Great product!,5,I've switched my old foundation for this ;),1
Q38,transfer resistant foundation,product feature,40404,Fits perfect,5,Love this! the original top made me spill more than i was using and waste the foundation. Perfect solution!,1
Q38,transfer resistant foundation,product feature,3950,Have fun with it,5,Use this one to apply foundation works great,1
Q38,transfer resistant foundation,product feature,4273,IT WORKS,5,Omg it works I never thought it will but I don’t need to put foundation anymore which is amazing,1
Q38,transfer resistant foundation,product feature,7190,love it,5,Love this sheer foundation I have very sensitive skin and prone to breakouts when trying something new.  A makeup artist recommended this foundation years ago and i have been using it since then.  It gives you nice coverage without feeling heavy.  If you want more coverage  you can add second layer after first application has set.,1
Q38,transfer resistant foundation,product feature,20134,It seems easy to wash but the foundation would stick to it ...,1,This product did not blend my makeup at all. It seems easy to wash but the foundation would stick to it even after washing it right away.,1
Q38,transfer resistant foundation,product feature,37701,Love how easy it is to clean as well,5,You definitely save on foundation! I will be buying again. Love how easy it is to clean as well.,1
Q38,transfer resistant foundation,product feature,30873,Love this.,5,Love this.. Gives my skin a nice tone so I have stopped wearing foundation.. Will keep buying this product.. It's  a winner!!!,1
Q38,transfer resistant foundation,product feature,13128,Doesn’t provide enough coverage.,3,"I like the case of the powder, but it doesn’t provide enough coverage. The pad absorbs most of the foundation. The same thing happens when I switched to a different pad or sponge. I don’t know if it’s the quality of foundation or the pad/sponge.",1
Q38,transfer resistant foundation,product feature,6515,Perfect coverage,5,This is the best foundation account applying to stick with it,1
Q38,transfer resistant foundation,product feature,37530,Four Stars,4,This definitely works well with the fitglow foundation.,1
Q38,transfer resistant foundation,product feature,3289,Wonderful!,5,"Exellent foundation.I can't stop using this,its very flawless on your face and gives you the radiant flawless look.This foundation is rich and creamy with soft light base.",1
Q38,transfer resistant foundation,product feature,20428,5 STARS!,5,These are awesome for applying powder foundation.,1
Q38,transfer resistant foundation,product feature,3746,Holy grail,5,"My holy grail foundation, I have normal skin and I always find myself going back to this! Great coverage - it's a primer, concealer and foundation that dries to a powder",1
Q38,transfer resistant foundation,product feature,30998,Great coverage and smooth application,5,I used it as a foundation. Good SPF,1
Q38,transfer resistant foundation,product feature,37537,Great product,5,"I love this foundation! Other foundations I have used usually don't last all day and you have to reapply so you won't look like your melting, but with this foundation it really does last all day and it's full coverage is amazing! This is definitely my go to foundation now and I will definitely be buying more in the future.",1
Q39,eyeliner that does not smudge,product feature,13851, No headaches!,5,First eyeliner that hasn't given me headaches when I wear it. Goes on easily (I'm not good at makeup) and doesn't smudge or run at all.,2
Q39,eyeliner that does not smudge,product feature,5913,The best liquid liner!!,5,This is by far the best liquid eyeliner I have ever tried!! Doesn’t smudge and lasts all day!,1
Q39,eyeliner that does not smudge,product feature,18394,Not as advertised,1,DOES smudge and is NOT waterproof. I had raccoon eyes after one hour.,0
Q39,eyeliner that does not smudge,product feature,24398,Holy grail eyeliner! So happy I found it!,5,LOVE this eyeliner! It goes on so smooth and doesn't smudge (unless you want it to!) by the end of the day. It's the perfect smoky black and I absolutely love that it's cruelty free. Found my holy grail eyeliner! (Finally!),2
Q39,eyeliner that does not smudge,product feature,15300,Not waterproof or smudge proof.,5,"I love the felt tip, the size and the consistency to the eyeliner but it’s nooot water proof or smudge proof.",2
Q39,eyeliner that does not smudge,product feature,26471,It's not a good applicator at all,1,All this does is smudge foundation around some. It's not a good applicator at all.,0
Q39,eyeliner that does not smudge,product feature,7327,Great options for those with allergies!,4,"Overall, I really like this eyeliner smudge pot. I have a lot of allergies and thankfully, this one does the job and looks great. My only issue is it has dried out pretty quickly. All that said, it is the only such product that I can wear without a reaction so I will buy again!.",1
Q39,eyeliner that does not smudge,product feature,18386,Waste of money,1,Worthless not as described. Wax type more than a gel leaves white residue on hair does not hold and will smudge instead of firm hold.,0
Q39,eyeliner that does not smudge,product feature,26753,The most amazing eyeliner pencil ever,5,"This is one of the best eyeliner pencils I have ever used. I have fairly oily skin, so even with an eyeshadow primer, my eyeliner would run or smudge off by the end of the day. I don't have that with this. This bad boy stays put all day. ALL. DAY. I can smudge it out to get the great cat-eye look that I love, or I can just apply it as normal. It's very smooth, goes on fairly easy and no tugging on my eyelids. I just...I'm speechless; ts amazing.",2
Q39,eyeliner that does not smudge,product feature,20221,eyeliner stamp,5,"i was really surprised by how well the stamp worked from the first try. i got a perfect cat-eye in a second so it is user friendly. It does smudge a little and i had to reapply the eyeliner because i like a bold look. Overall, I am happy that it does the job of applying the cat-eye look flawlessly. The first order i was lost but Amazon replaced it.",1
Q39,eyeliner that does not smudge,product feature,35065,Love this stuff,5,"It is long lasting but not easy to build on.  When you try to make it darker it does smudge off. It does make my morning routine much easier, and its beautiful.",0
Q39,eyeliner that does not smudge,product feature,33831,eye brow,2,I dont like that its not smudge proof are waterproof that the only reason I order it the color great,1
Q39,eyeliner that does not smudge,product feature,9796,Worth it,5,"These lashes are my new go to, the packaging is beautiful and the lash tweezers are very high quality. The eyeliner doesn’t smudge and it’s very easy to apply. It is definitely worth the money.",1
Q39,eyeliner that does not smudge,product feature,3104,I love these eyeliners.,5,"These eyeliners are bright, easy to use, and very smudge proof.  And they stay on forever.... like-""still there the next morning"" longevity.  The variety of colors match anything, and the brushes are fine enough to make a good wing or cat eye.  The eyeliner itself does not clump in the bottle, although I do recommend storing upright to get the most use of all the product.",2
Q39,eyeliner that does not smudge,product feature,42472,This is the best mascara I have ever bought,5,This is the best mascara I have ever bought! This product actually sticks by its statement. It does not smudge at all. I will definitely be buying this again.,0
Q39,eyeliner that does not smudge,product feature,38123,Don’t buy,1,No good don’t buy! Magnetic does not stick. Runny eyeliner. They don’t stay on. A waste of hard earned money!,1
Q39,eyeliner that does not smudge,product feature,13390,Just Ok. Might go with another brand that's waterproof,3,"The eyeliner, which is very liquidy, is easy to apply. Lashes are a little more difficult in staying on the corners of your eyes. I wore them all day and the eyeliner runs everywhere. By the end of the day, It looked like I had applied black eyeshadow. It also smudges super easily if accidentally touched. The upside is that it's easy to clean with soap and water.<br /><br />I think the eyeliner ingredients could use a revamp so it doesn't smudge/run so easily IMO. I will then have no complaints",2
Q39,eyeliner that does not smudge,product feature,36023,Not great,2,Was not as advertised. Very easy to smudge. Doesn't last. Clumps,0
Q39,eyeliner that does not smudge,product feature,18397,Easy to use lashes,5,Easy to use lashes that do not require lash glue or eyeliner to stick.,1
Q39,eyeliner that does not smudge,product feature,32114,Love the lashes,5,Love that the eyeliner isn’t runny,1
Q39,eyeliner that does not smudge,product feature,10128,Favorite Eyeliner,5,This is the only eyeliner I found that lasts all day!,1
Q39,eyeliner that does not smudge,product feature,29881,Best eyeliner!,5,Love this eyeliner is really easy to use if your not a pro using eyeliner! I love it last all day and look amazing really black color 🙌,1
Q39,eyeliner that does not smudge,product feature,8377,Not waterproof or smudge proof during workouts,1,"I gave a rating of one star for MOISTURE WICKING and SMUDGE PROOF because it listed as waterproof and perfect for wearing to workout and would not smudge or run even with sweatiest workouts. It is not waterproof, it does not stay during heavy sweaty workouts nor light sweat workouts. It is great if you wear it during the day and/or night that don’t involve intense or moderate gym workouts. I wear it outside of the gym but have to add a darker shade of brown eyebrow powder over the eyebrow pen because the color is a reddish brown and I am a dark brown.",1
Q39,eyeliner that does not smudge,product feature,21296,Great Eyeliner!,5,"This eyeliner is great! I live in South Florida, where humidity rules so I needed an eyeliner that would not be subject to the humid, hot atmosphere, and is vegan. This is perfect! It is easy to put on and once it is on, it stays on.",1
Q39,eyeliner that does not smudge,product feature,34901,Eyeliner Dry!,1,Eyeliner was absolutely dry when I received the product!! Not worth it!,1
Q39,eyeliner that does not smudge,product feature,41531,"Not SMUDGE PROOF, doesn’t work over eyeshadow and...",1,"Did not go over eyeshadow it was a very faint gray. Not happy at all. I really wanted to love it because the winged tip can be used in either eye without problem. I was able to use it without eyeshadow but if you’re going to male a liquid eyeliner make it good enough to be applied over eyeshadow if not what’s the point? Also, IT IS NOT SMUDGE-PROOF! Will be returning.",2
Q39,eyeliner that does not smudge,product feature,39750,Good eyeliner:),5,elf is a really good brand for eyeliner I always buy eyeliner from them and it’s perfect :)! Nice black pigment and everything,1
Q39,eyeliner that does not smudge,product feature,30202,Great eyeliner!,5,Great eyeliner! Stays on for hours!,1
Q39,eyeliner that does not smudge,product feature,10764,Dry eyeliner.,2,Dislike the eyeliner eyebrow fork works fine.,1
Q39,eyeliner that does not smudge,product feature,41492,I’m loyal to this eyeliner,5,Best eyeliner and easy eyeliner I’ve ever used in my life and I’ll always stay loyal to the elf liquid eyeliner,1
Q39,eyeliner that does not smudge,product feature,39056,Best ever,5,Best eyeliner I have ever used NOTHING BETTER!!,1
Q39,eyeliner that does not smudge,product feature,34999,Five Stars,5,The best eyeliner ever. I have used it for years,1
Q39,eyeliner that does not smudge,product feature,26725,Works Wonders,5,This eyeliner is incredible. It works wonders. And it only takes like a single layer of liner to show.,1
Q39,eyeliner that does not smudge,product feature,7761,"awful, crumbly mess",1,"worst eyeliner I've ever used.  The color is pretty and fun, but it is so soft, that it's impossible to apply in a clean line...just crumbles and leaves abrupt specs that fall into your eyes.  maybe I should throw it in the freezer before use, but this whole face process needn't another high maintenance layer.",1
Q39,eyeliner that does not smudge,product feature,14348,My eyes water easily and this never leaves me with streaks or washed ...,5,"The only eyeliner I will ever willingly use,  lasts all  day. My eyes water easily and this never leaves me with streaks or washed away color",1
Q39,eyeliner that does not smudge,product feature,12927,"Nice color, good smudger, too dry",3,This was exactly what I was looking for BUT the pencil was really too dry. I end up using the smudger with other eyeliners that are easier to apply.,0
Q39,eyeliner that does not smudge,product feature,11866,Trash,3,The eyeliner dries out so quick,1
Q39,eyeliner that does not smudge,product feature,1239,Save your money.,1,Horrible product. Eyeliner was dried out and didn't work at all,1
Q39,eyeliner that does not smudge,product feature,23224,"Great for cat eyes, makes sharp precise lines.",5,"My favorite eyeliner. The brush is great for cat eyes, it makes sharp precise lines. Stays on pretty well.",1
Q39,eyeliner that does not smudge,product feature,28871,Lasts all day!,5,"They aren’t kidding when they say this product lasts all day and doesn’t smudge. In fact, sometimes I have a hard time getting it off at the end of the day. I ended up switching to micellar water and now it comes off a lot easier. Love this product-would highly recommend over any other liquid eyeliner!",1
Q39,eyeliner that does not smudge,product feature,34924,Five Stars,5,Love this item!! Best eyeliner I have found!!,1
Q39,eyeliner that does not smudge,product feature,36837,Lasts all day,5,I use this as a heavy smoky eyeliner and it stays all day with no smudging. Easily removes with soap and water or a makeup remover wipe.,2
Q39,eyeliner that does not smudge,product feature,23451,Amazing,5,Best eyeliner I ever owned.,1
Q39,eyeliner that does not smudge,product feature,32437,The eyeliner burns my eyes,4,"This tool is okay,  the eyeliner it comes with burns and dries really slow so it gets everywhere.",1
Q39,eyeliner that does not smudge,product feature,30109,Great!!,5,This is the only eyeliner I use.  Its glides on easily and stays all day.  Dark and lovely.  Its equivalent to Mac eyeliner but not as pricey,1
Q39,eyeliner that does not smudge,product feature,25576,best mascara ever!,5,I always wanted to wear a mascara but couldn't because they would all smudge no matter the type of mascara.  Finally! this one does not smudge at all and stays on beautifully all day.  I am so happy to find this wonderful mascara.  I have ordered 3 times already.  It comes off very nicely with only water at the end of the day.  I would give more stars if I could!!,0
Q40,gentle exfoliant for acne prone skin,multi-condition,38129,Five Stars,5,"I have dry, acne prone skin. This really helped my skin. I will reorder.",1
Q40,gentle exfoliant for acne prone skin,multi-condition,42658,was skeptical but very easy to use and it works!,5,"i have oily, acne prone skin and big pores. used this for five minutes after a shower and it worked like a charm!",1
Q40,gentle exfoliant for acne prone skin,multi-condition,21988,many different k-beauty moisturizers supposedly for acne-prone skin and this one is the best. Most moisturizers for oily skin le,5,"I have oily and acne-prone skin. I tried many, many different k-beauty moisturizers supposedly for acne-prone skin and this one is the best. Most moisturizers for oily skin leave my cheeks too dry in the winter or are too oily and cause breakouts. My skin absorbs this one. Nice semi-matte finish. No breakouts. Just your smooth, hydrated skin. The tub is on the expensive side but you get a generous amount.",1
Q40,gentle exfoliant for acne prone skin,multi-condition,42781,So refreshing,5,A very cooling and refreshing mask. He really enjoyed using it. Super beneficial and excited to see how it will work for his acne prone skin.,1
Q40,gentle exfoliant for acne prone skin,multi-condition,5973,Better than real techniques!,5,I was worried for the price that they would smell chemically or irritate the skin— they don’t! I have very sensitive skin and acne prone and the sponges are soft and work perfectly!,1
Q40,gentle exfoliant for acne prone skin,multi-condition,9225,I love this serum,5,I bought it for the second time. I love this serum. My skin is really acne prone. Seems like when I use it I don't get any pimples and my acne spots getting lighter. And I think my wrinkles slowly dissapearing.,0
Q40,gentle exfoliant for acne prone skin,multi-condition,16779,Good for sensitive and ance prone skin.,4,"I have very sensitive and breakout skin. This cleanser keeps my facial skin hydrated, unlike other brands. I would recommend if you have these following skin conditions- Sensitive, Acne-prone, and Combination of oily and dry skin.",0
Q40,gentle exfoliant for acne prone skin,multi-condition,33069,"Tiny, red, itchy bumps after 5 days of use.",1,"I got tiny, red, itchy bumps all over my cheeks after 5 days of using this. And I do not have sensitive skin at all. I have very oily, acne prone skin.",1
Q40,gentle exfoliant for acne prone skin,multi-condition,3925,I really love this cream,5,"I really love this cream. I have super sensitive skin and acne prone skin. This stuff hasn't done much for my wrinkles yet, but it is very creamy and like velvet. It has improved my skins texture.",1
Q40,gentle exfoliant for acne prone skin,multi-condition,34017,This stuff really works!,5,"I read about the demodex follicle mites and how they affect your skin, especially those like myself with acne-prone skin. Already after a couple of uses I see the results, my skin is baby smooth this stuff really works!",1
Q40,gentle exfoliant for acne prone skin,multi-condition,9132,Get this product!,5,This product worked really well on my post-acne scar. It was like magic within two weeks of using it. It is very gentle on sensitive skin.,1
Q40,gentle exfoliant for acne prone skin,multi-condition,80,Love it,5,"Super cute and it works! My face felt soft and smooth the next morning and dark spots and blemishes were noticeable lighter. I have oily, sensitive, acne prone skin this actually seems to improve it.",1
Q40,gentle exfoliant for acne prone skin,multi-condition,20279,Great  for Acne Prone Skin and Hyperpigmentation!!!!!,5,"I have been using this soap as a nightly cleanser since September 2019 and it has total cleared my acne, dark acne marks, and keeps me from getting new pimples. I am reordering this soap this week and have not had to use any other facial soaps to control my acne prone skin. I love it and will continue to use this soap!!!🤗🤗",0
Q40,gentle exfoliant for acne prone skin,multi-condition,28760,My skin loves TAHNYC!,5,"I have very sensitive skin, urticaria (chronic hiving) and acne prone. My skin loves TAHNYC! No break outs and no rash or burns. The package arrived sooner than expected and nicely packaged. It also works great on my hair, I’m sensitive to hair products.",1
Q40,gentle exfoliant for acne prone skin,multi-condition,2501,This is a great conditioner. It is not heavy but does penetrate ...,5,This is a great conditioner . It is not heavy but does penetrate my low porosity type 3C curly hair. It rinses very clean leaving my hair soft and moisturized. It also does not irritate my skin that is acne prone,0
Q40,gentle exfoliant for acne prone skin,multi-condition,31259,Face Toner,5,"best acne control product, i've ever purchased...I hate that U.S. with all there bad products is being difficult with the distribution of the miracle worker...I had horrible acne and within a month it was gone...nothing I mean nothing worked now frustrated because this product is not accessible easily...LOVE, LOVE, LOVE this product...if you have oily skin or acne prone school go no further",0
Q40,gentle exfoliant for acne prone skin,multi-condition,14544,"No white cast, moisturizing",5,"Since I’m a POC and, I struggle to find a sunscreen that does not leave a white cast. I’m glad I found this holy grail. Also I have an acne prone skin and it didn’t break me out!",0
Q40,gentle exfoliant for acne prone skin,multi-condition,22327,Best stuff there is!,5,"Ive been using this brand for 15 years now. It made my acne dry up and prevented (and even cured) wrinkles. Im 48 and have perfect, smooth skin of someone 18 years younger.  It used to be in just about every store, but sadly they all quit carrying it. Thank god I can buy it online.  Alpha hydroxy is the only thing that works. Especially if you have acne prone skin as well.",1
Q40,gentle exfoliant for acne prone skin,multi-condition,13776,Great product. Effective and great for sensitive skin prone ...,5,Great product.  Effective and great for sensitive skin prone to rashes and itching.,0
Q40,gentle exfoliant for acne prone skin,multi-condition,25267,I have been searching for a cleanser like this forever and have tried many other non-toxic products ...,5,This stuff is magical! I have combo sensitive acne prone skin and this stuff has cleared up my face dramatically! I have been searching for a cleanser like this forever and have tried many other non-toxic products without these awesome results. My only complaint is that while it doesn't make me feel dry after washing it doesn't help the dry areas of my face. Other than that I would highly recommend it to someone with combo skin and acne.,0
Q40,gentle exfoliant for acne prone skin,multi-condition,7035,Not the best for mature acne prone skin,4,"This has terrific ingredients but personally I found it harsh and irritating; not the best option for older adults prone to the sporadic flair-up of acne. Fragrance, consistency and overall ingredient list are fine but the irritation lingers long after use.",1
Q40,gentle exfoliant for acne prone skin,multi-condition,6265,Holy Grail Product for Dry or Acne-Prone Skin,5,"I have dry, acne-prone skin and I wear a full face of makeup daily. When I say this is a holy grail product for me, I'm not exaggerating. This is one of the only cleansers I've used that doesn't give me painful breakouts or allergies. It's not harsh, and has a light fragrance that isn't bothersome at all. I love it, and I highly recommend this product.",1
Q40,gentle exfoliant for acne prone skin,multi-condition,3458,"Sensitive, Combination (mainly Oily), acne-prone Skin",5,"I've been (successfully) using Eminence products for a little over a month now, and have been hemming and hawing over the Rose 6 Piece Collection Tube. I'm SO GLAD I ordered this. The Couperose-C serum works WONDERFULLY on my skin; it's reduced the acne significantly, and the sweet rose cleanser is FANTASTIC, as are the rosehip whip moisturizer and the rosehip maize exfoliant (both of which I already knew when ordering).<br /><br />I ordered this originally because I wanted travel size of Rosehip whip moisturizer as well as the rosehip maize exfoliant *and* I wanted to try Couperose-C serum. It turns out, I'm in love with the cleanser, the serum, *and* the treatment masque as well. What a gr",1
Q40,gentle exfoliant for acne prone skin,multi-condition,29564,Natural Exfoliant,5,"I like it.  A natural exfoliant.  Will dry your face, so unless you're treating oily T zone, moisturizer is recommended.",1
Q40,gentle exfoliant for acne prone skin,multi-condition,8964,Excellent set for sensitive acne prone skin,5,"Amazing set. I needed travel size sensitive skin-friendly skincare set for 5-day conference, and decided to get this one - the set includes milk cleanser, foam cleanser, toner, cream, and sunscreen. I have sensitive acne-prone skin, and the set did not irritate my skin or cause any new pimples. I still had to purchase a tiny bottle of cleansing oil and eye cream, but other than that, this set got me covered -both toner and cream are really moisturising, the foam cleanser didn’t dry out my skin at all (which is super rare). My conference is over, and I haven’t even used half of all the products (and I’m a skincare junkie, so…). The only thing I wasn’t a big fan of the sunscreen - makeprem hav",0
Q40,gentle exfoliant for acne prone skin,multi-condition,7281,Good quality exfoliant,4,"The only reason I put 4 instead of 5 stars is it advertises all natural. Anything with that much brightness usually has added coloring and the ingredients lists a bunch of fancy things we can't understand which are basically manmade oils. It does exfoliate but it is not a hydrating exfoliant with its main feature being it is mostly of a salt consistency. And salt is meant to dry out. If you're looking for an exfoliant to help with ingrown hairs, brighten skin and get out dirt it is a good product. Exfoliant is also great for healed tattoos to keep that new brightness.<br />The smell is great, the consistency of the sand is good quality, and the packaging is very hygiene conscious and comes w",1
Q40,gentle exfoliant for acne prone skin,multi-condition,19183,Four Stars,4,Softens and exfoliates skin good,0
Q40,gentle exfoliant for acne prone skin,multi-condition,33917,Five Stars,5,Nothing exfoliates as well as this! My skin is so smooth.,0
Q40,gentle exfoliant for acne prone skin,multi-condition,16316,5 stars,5,Really exfoliates and not soft at all!,0
Q40,gentle exfoliant for acne prone skin,multi-condition,25633,Quality product,5,This works well for some exfoliating since the under side is slightly rough. Works good for every day use.,0
Q40,gentle exfoliant for acne prone skin,multi-condition,34880,This product is amazing!,5,"Best exfoliator I have ever used. Due to using a face mask every day, I now for the first time have chin, nose and cheek acne.  I have only used this product for a week and the acne is gone,  I will continue to use this, it only takes a small amount, Please do not discontinue this product..<br /><br />thank-you",1
Q40,gentle exfoliant for acne prone skin,multi-condition,2954,Highly Recommend,5,I’ve been using this for years! It exfoliates my skin gently and feels super clean.,0
Q40,gentle exfoliant for acne prone skin,multi-condition,34656,Love it!,5,"This worked well to exfoliate for smooth skin. I have a little bit of chicken skin on my arms and after some time of daily exfoliation, my arms are smooth now. It can be a bit rough but it works well.",0
Q40,gentle exfoliant for acne prone skin,multi-condition,30226,Great for sensitive skin,5,Husband loves! He has very sensitive skin but wanted an exfoliating scrub. Perfect.,1
Q40,gentle exfoliant for acne prone skin,multi-condition,42945,Already LOVE after 1 try,5,I just tried this for my first time and it has already worked. The exfoliating and moisturizing. YAY,0
Q40,gentle exfoliant for acne prone skin,multi-condition,36472,Doesn’t work,1,Doesn’t exfoliate very well but smells wonderful,0
Q40,gentle exfoliant for acne prone skin,multi-condition,25736,Awesome,5,These are great for exfoliating dry skin.,0
Q40,gentle exfoliant for acne prone skin,multi-condition,34775,Invigorating,5,I LOVE these. They are great for exfoliating your entire body. They are invigorating. I use it on my face 2 times a week. A nice gift to give to your family and friends,0
Q40,gentle exfoliant for acne prone skin,multi-condition,11100,I have used these before and love them. They exfoliate nicely,5,"I have used these before and love them. They exfoliate nicely. Aren't too rough on skin, and the sudsing cleanser is gentle on skin. Helps remove all my heavy makeup and keeps my skin clear from acne by removing all the dead skin.  My skin is very sensitive & I have rosacea, so grainy-scrubs tend to be much for my skin. These are awesome and I re-use them after rinsing well & air dry. I don't use toner nor moisturizer on my face, and these don't dry my skin out. I also use Retin-A & Oracea, so my skin does a lot of peeling and is very sensitive to scrubs, but these are fine (just don't use too much pressure; just lightly touch face in circular motion and rinse with cool water to close pores.",0
Q40,gentle exfoliant for acne prone skin,multi-condition,28233,Works great!,4,Works great at exfoliating my skin! It really holds water though so I use it in the shower as opposed to at the sink.,0
Q40,gentle exfoliant for acne prone skin,multi-condition,32618,I FEEL SOOOOO CLEAN!,5,This is top notch exfoliating product. Will get more! I’m,0
Q40,gentle exfoliant for acne prone skin,multi-condition,18542,The best exfoliator ever,5,I help with back acne and dry skin.,1
Q40,gentle exfoliant for acne prone skin,multi-condition,6653,Five Stars,5,Will recommend to someon who is suffering from acne,1
Q40,gentle exfoliant for acne prone skin,multi-condition,6457,Great product! Does working!,5,Good for the acne. Also the oily skin. Lov this!,1
Q40,gentle exfoliant for acne prone skin,multi-condition,7960,Works Great on Sensitive Skin,5,"When I was 22, I got an ugly case of adult acne. In the past, I tried products like Nuetrogena, Cetaphil, and an abundance of other brands, but they would make my skin red and dry and most certainly did not help clear up my acne. I've used Mercola's citrus cleanser in combination with my prescription acne topicals (Aczone and Epiduo), and my skin has completely cleared up. The cleaner is great for people with sensitive skin and there are no harsh chemicals like other drug store cleanser products.",0
Q40,gentle exfoliant for acne prone skin,multi-condition,39030,Great for Acne and Dark spots,4,Its Great gentle peel for keeping your skin soft and radiant. I have used Paula's choice 2 percent AHA/BHA for acne issues This is much better than that smells bad initially but smell goes away after few mins ...I started slow with this product with weekly peels now can use every other day without any irritation leave it on at night if you want can layer products over it too....My  Acne scars are fading and new acne spots get better lot faster. I spot treat new acne spots . Love this peel ...To save the product I use regular Q tips so it doesn't soak up as much product. My skin is very sensitive so I am glad it didn't cause any irritation like many other products I have used. Bought this fro,2